Date,Time,Millis,Ax,Ay,Az,Gx,Gy,Gz
# SESSION START
2026-07-03,14:26:56,4161991,0.0049,-0.0195,-0.9575,1.1900,-0.4200,0.2100
2026-07-03,14:26:56,4162090,0.0073,-0.0215,-0.9555,1.1900,-0.5600,0.2100
2026-07-03,14:26:56,4162190,0.0059,-0.0146,
-0.9570,1.1900,-0.4900,0.2800
2026-07-03,14:26:56,4162290,0.0044,-0.0200,-0.9594,1.2600,-0.5600,0.2100
2026-07-03,14:26:56,4162390,0.0034,-0.0210,-0.9570,1.2600,-0.6300,0.1400
2026-07-03,14:26:57,4162490,0.0039,-0.0190,-0.9540,1.1900,-0.4200
,0.1400
2026-07-03,14:26:57,4162595,0.0054,-0.0205,-0.9550,1.2600,-0.5600,0.2100
2026-07-03,14:26:57,4162690,0.0054,-0.0200,-0.9540,1.1900,-0.6300,0.0700
2026-07-03,14:26:57,4162790,0.0044,-0.0181,-0.9555,1.1900,-0.6300,0.1400
2026-07-03,14
:26:57,4162890,0.0049,-0.0190,-0.9560,1.3300,-0.5600,0.1400
2026-07-03,14:26:57,4162990,0.0059,-0.0210,-0.9550,1.1900,-0.4900,0.2100
2026-07-03,14:26:57,4163090,0.0049,-0.0210,-0.9575,1.2600,-0.5600,0.1400
2026-07-03,14:26:57,4163190,0.0054,
-0.0195,-0.9570,1.2600,-0.6300,0.2100
2026-07-03,14:26:57,4163294,0.0049,-0.0200,-0.9575,1.1900,-0.4900,0.2100
2026-07-03,14:26:57,4163390,0.0054,-0.0200,-0.9565,1.2600,-0.5600,0.1400
2026-07-03,14:26:58,4163490,0.0044,-0.0195,-0.9560,1.2600
,-0.5600,0.2100
2026-07-03,14:26:58,4163590,0.0054,-0.0195,-0.9545,1.1900,-0.4900,0.1400
2026-07-03,14:26:58,4163690,0.0034,-0.0205,-0.9555,1.1900,-0.5600,0.1400
2026-07-03,14:26:58,4163790,0.0068,-0.0181,-0.9550,1.2600,-0.4200,0.1400
2026-
07-03,14:26:58,4163890,0.0034,-0.0161,-0.9516,1.2600,-0.4900,0.1400
2026-07-03,14:26:58,4163996,0.0063,-0.0181,-0.9540,1.3300,-0.4200,0.1400
2026-07-03,14:26:58,4164090,0.0068,-0.0210,-0.9555,1.1900,-0.6300,0.1400
2026-07-03,14:26:58,4164190
,0.0063,-0.0205,-0.9560,1.2600,-0.4900,0.2800
2026-07-03,14:26:58,4164290,0.0063,-0.0176,-0.9579,1.1900,-0.7000,0.1400
2026-07-03,14:26:58,4164390,0.0034,-0.0185,-0.9565,1.1900,-0.5600,0.2800
2026-07-03,14:26:59,4164490,0.0049,-0.0195,-0.955
5,1.1200,-0.6300,0.0700
2026-07-03,14:26:59,4164590,0.0063,-0.0205,-0.9555,1.2600,-0.5600,0.1400
2026-07-03,14:26:59,4164690,0.0059,-0.0200,-0.9550,1.2600,-0.4900,0.2100
2026-07-03,14:26:59,4164790,0.0029,-0.0190,-0.9545,1.2600,-0.4900,0.210
0
2026-07-03,14:26:59,4164890,0.0044,-0.0220,-0.9550,1.2600,-0.4900,0.1400
2026-07-03,14:26:59,4164990,0.0039,-0.0190,-0.9550,1.2600,-0.5600,0.2100
2026-07-03,14:26:59,4165094,0.0039,-0.0200,-0.9560,1.1900,-0.5600,0.1400
2026-07-03,14:26:59
,4165190,0.0049,-0.0190,-0.9560,1.1900,-0.5600,0.2100
2026-07-03,14:26:59,4165290,0.0049,-0.0200,-0.9570,1.1900,-0.5600,0.1400
2026-07-03,14:26:59,4165390,0.0059,-0.0185,-0.9570,1.1900,-0.4200,0.2100
2026-07-03,14:27:00,4165490,0.0063,-0.018
5,-0.9550,1.1900,-0.5600,0.2100
2026-07-03,14:27:00,4165590,0.0034,-0.0181,-0.9555,1.1900,-0.4900,0.2100
2026-07-03,14:27:00,4165690,0.0068,-0.0200,-0.9579,1.1900,-0.4900,0.2100
2026-07-03,14:27:00,4165790,0.0054,-0.0195,-0.9575,1.1900,-0.63
00,0.2100
2026-07-03,14:27:00,4165890,0.0054,-0.0200,-0.9565,1.2600,-0.5600,0.1400
2026-07-03,14:27:00,4165990,0.0024,-0.0176,-0.9560,1.1900,-0.5600,0.1400
2026-07-03,14:27:00,4166090,0.0059,-0.0224,-0.9565,1.2600,-0.4900,0.2100
2026-07-03,
14:27:00,4166190,0.0049,-0.0205,-0.9545,1.2600,-0.5600,0.2100
2026-07-03,14:27:00,4166290,0.0059,-0.0200,-0.9560,1.1900,-0.5600,0.1400
2026-07-03,14:27:00,4166390,0.0044,-0.0190,-0.9545,1.1900,-0.6300,0.2100
2026-07-03,14:27:01,4166490,0.004
4,-0.0200,-0.9550,1.1900,-0.6300,0.1400
2026-07-03,14:27:01,4166590,0.0039,-0.0195,-0.9555,1.1900,-0.5600,0.0700
2026-07-03,14:27:01,4166690,0.0029,-0.0200,-0.9584,1.3300,-0.6300,0.1400
2026-07-03,14:27:01,4166790,0.0039,-0.0185,-0.9560,1.19
00,-0.6300,0.0700
2026-07-03,14:27:01,4166890,0.0054,-0.0185,-0.9536,1.1900,-0.7000,0.1400
2026-07-03,14:27:01,4166990,0.0078,-0.0161,-0.9550,1.2600,-0.7000,0.2800
2026-07-03,14:27:01,4167090,0.0059,-0.0181,-0.9545,1.2600,-0.5600,0.2800
202
6-07-03,14:27:01,4167190,0.0024,-0.0195,-0.9570,1.1200,-0.6300,0.2100
2026-07-03,14:27:01,4167290,0.0034,-0.0264,-0.9584,1.1200,-0.5600,0.2100
2026-07-03,14:27:01,4167390,-0.0010,-0.0210,-0.9584,1.1200,-0.5600,0.1400
2026-07-03,14:27:02,4167
490,0.0024,-0.0229,-0.9540,1.1900,-0.5600,0.2100
2026-07-03,14:27:02,4167590,0.0029,-0.0156,-0.9536,1.3300,-0.5600,0.0700
2026-07-03,14:27:02,4167690,0.0010,0.0044,-0.9472,1.2600,-0.4900,0.1400
2026-07-03,14:27:02,4167790,0.0010,-0.0102,-0.9
653,1.4700,-0.5600,0.2100
2026-07-03,14:27:02,4167890,0.0063,-0.0244,-0.9496,1.2600,-0.4900,0.2100
2026-07-03,14:27:02,4167990,0.0039,-0.0215,-0.9584,1.2600,-0.4900,0.2100
2026-07-03,14:27:02,4168090,0.0024,-0.0190,-0.9609,1.2600,-0.5600,0.0
700
2026-07-03,14:27:02,4168190,0.0044,-0.0185,-0.9545,1.1900,-0.5600,0.0700
2026-07-03,14:27:02,4168290,0.0068,-0.0210,-0.9536,1.2600,-0.4200,0.1400
2026-07-03,14:27:02,4168390,0.0034,-0.0200,-0.9555,1.3300,-0.5600,0.1400
2026-07-03,14:27:
03,4168490,0.0029,-0.0224,-0.9540,1.1900,-0.6300,0.1400
2026-07-03,14:27:03,4168590,0.0059,-0.0200,-0.9584,1.1900,-0.6300,0.2100
2026-07-03,14:27:03,4168690,0.0029,-0.0205,-0.9550,1.2600,-0.4900,0.2100
2026-07-03,14:27:03,4168790,0.0034,-0.0
185,-0.9545,1.1900,-0.7000,0.1400
2026-07-03,14:27:03,4168890,0.0049,-0.0195,-0.9540,1.2600,-0.4900,0.1400
2026-07-03,14:27:03,4168990,0.0049,-0.0185,-0.9550,1.2600,-0.5600,0.1400
2026-07-03,14:27:03,4169090,0.0034,-0.0176,-0.9521,1.2600,-0.
4900,0.1400
2026-07-03,14:27:03,4169190,0.0049,-0.0185,-0.9545,1.3300,-0.5600,0.1400
2026-07-03,14:27:03,4169290,0.0044,-0.0229,-0.9560,1.2600,-0.6300,0.1400
2026-07-03,14:27:03,4169390,0.0049,-0.0185,-0.9536,1.1200,-0.5600,0.2100
2026-07-0
3,14:27:04,4169490,0.0073,-0.0185,-0.9560,1.1900,-0.5600,0.0700
2026-07-03,14:27:04,4169590,0.0049,-0.0176,-0.9540,1.2600,-0.4900,0.2100
2026-07-03,14:27:04,4169690,0.0049,-0.0210,-0.9570,1.2600,-0.5600,0.1400
2026-07-03,14:27:04,4169790,0.0
039,-0.0205,-0.9545,1.2600,-0.6300,0.1400
2026-07-03,14:27:04,4169890,0.0039,-0.0190,-0.9531,1.3300,-0.5600,0.2100
2026-07-03,14:27:04,4169990,0.0049,-0.0205,-0.9565,1.2600,-0.5600,0.1400
2026-07-03,14:27:04,4170094,0.0029,-0.0215,-0.9550,1.
1900,-0.5600,0.2100
2026-07-03,14:27:04,4170190,0.0059,-0.0171,-0.9540,1.2600,-0.5600,0.2100
2026-07-03,14:27:04,4170290,0.0068,-0.0220,-0.9575,1.1900,-0.5600,0.1400
2026-07-03,14:27:04,4170390,0.0034,-0.0190,-0.9531,1.1200,-0.4900,0.2100
2
026-07-03,14:27:05,4170490,0.0059,-0.0200,-0.9560,1.2600,-0.5600,0.2100
2026-07-03,14:27:05,4170590,0.0073,-0.0190,-0.9550,1.1900,-0.6300,0.1400
2026-07-03,14:27:05,4170690,0.0063,-0.0190,-0.9575,1.1900,-0.4900,0.2100
2026-07-03,14:27:05,417
0790,0.0020,-0.0220,-0.9550,1.1900,-0.6300,0.1400
2026-07-03,14:27:05,4170896,0.0059,-0.0195,-0.9540,1.3300,-0.4900,0.2100
2026-07-03,14:27:05,4170990,0.0044,-0.0205,-0.9550,1.2600,-0.5600,0.1400
2026-07-03,14:27:05,4171090,0.0059,-0.0195,-0
.9594,1.1900,-0.5600,0.1400
2026-07-03,14:27:05,4171194,0.0034,-0.0215,-0.9570,1.2600,-0.4900,0.2100
2026-07-03,14:27:05,4171290,0.0054,-0.0229,-0.9545,1.1900,-0.4900,0.1400
2026-07-03,14:27:05,4171390,0.0024,-0.0215,-0.9560,1.1900,-0.5600,0
.1400
2026-07-03,14:27:06,4171490,0.0029,-0.0185,-0.9550,1.1900,-0.5600,0.1400
2026-07-03,14:27:06,4171596,0.0054,-0.0200,-0.9555,1.2600,-0.6300,0.1400
2026-07-03,14:27:06,4171690,0.0029,-0.0200,-0.9584,1.2600,-0.5600,0.1400
2026-07-03,14:2
7:06,4171790,0.0029,-0.0220,-0.9540,1.1900,-0.4900,0.1400
2026-07-03,14:27:06,4171890,0.0044,-0.0210,-0.9565,1.2600,-0.4200,0.1400
2026-07-03,14:27:06,4171990,0.0059,-0.0215,-0.9550,1.2600,-0.3500,0.2800
2026-07-03,14:27:06,4172090,0.0059,-0
.0190,-0.9565,1.3300,-0.4900,0.1400
2026-07-03,14:27:06,4172190,0.0044,-0.0205,-0.9555,1.3300,-0.5600,0.1400
2026-07-03,14:27:06,4172295,0.0039,-0.0190,-0.9579,1.3300,-0.5600,0.1400
2026-07-03,14:27:06,4172390,0.0054,-0.0200,-0.9550,1.1900,-
0.5600,0.2100
2026-07-03,14:27:07,4172490,0.0063,-0.0176,-0.9560,1.1900,-0.4900,0.1400
2026-07-03,14:27:07,4172590,0.0039,-0.0205,-0.9545,1.2600,-0.5600,0.2100
2026-07-03,14:27:07,4172690,0.0049,-0.0200,-0.9540,1.2600,-0.5600,0.2100
2026-07
-03,14:27:07,4172790,0.0039,-0.0215,-0.9575,1.1900,-0.6300,0.1400
2026-07-03,14:27:07,4172890,0.0015,-0.0195,-0.9555,1.2600,-0.4900,0.2100
2026-07-03,14:27:07,4172990,0.0039,-0.0205,-0.9536,1.2600,-0.4900,0.1400
2026-07-03,14:27:07,4173090,0
.0059,-0.0229,-0.9550,1.1200,-0.5600,0.1400
2026-07-03,14:27:07,4173190,0.0044,-0.0205,-0.9555,1.2600,-0.7000,0.0700
2026-07-03,14:27:07,4173290,0.0063,-0.0215,-0.9545,1.2600,-0.7000,0.0000
2026-07-03,14:27:07,4173390,0.0034,-0.0224,-0.9589,
1.1900,-0.5600,0.1400
2026-07-03,14:27:08,4173490,0.0068,-0.0166,-0.9560,1.1900,-0.7000,0.2100
2026-07-03,14:27:08,4173590,0.0049,-0.0205,-0.9570,1.1900,-0.5600,0.1400
2026-07-03,14:27:08,4173690,0.0010,-0.0259,-0.9565,1.1900,-0.5600,0.1400
2026-07-03,14:27:08,4173790,0.0024,-0.0059,-0.9887,1.4000,-0.3500,0.1400
2026-07-03,14:27:08,4173890,0.0151,-0.0268,-0.9438,1.2600,-0.4200,0.0000
2026-07-03,14:27:08,4173990,0.0142,0.0215,-1.0277,1.6100,-1.6800,-0.0700
2026-07-03,14:27:08,4
174090,0.0234,-0.0586,-0.9306,0.8400,-0.9800,-0.0700
2026-07-03,14:27:08,4174190,-0.0127,-0.0102,-0.9204,0.7700,-0.4200,0.3500
2026-07-03,14:27:08,4174290,-0.0210,-0.0049,-0.9638,1.3300,-0.4200,0.2800
2026-07-03,14:27:08,4174390,0.0020,-0.02
59,-0.9404,1.8200,-0.1400,0.3500
2026-07-03,14:27:09,4174490,0.0132,-0.0332,-0.8633,1.4000,-0.0700,-0.5600
2026-07-03,14:27:09,4174590,-0.0068,-0.0410,-0.9887,0.7700,-0.2100,0.0000
2026-07-03,14:27:09,4174690,-0.0512,-0.0088,-1.0014,1.7500,-
0.3500,0.4200
2026-07-03,14:27:09,4174790,-0.0073,-0.0317,-0.9653,1.4700,-1.0500,0.7700
2026-07-03,14:27:09,4174890,0.0220,-0.0239,-0.9560,1.2600,-0.7000,0.2800
2026-07-03,14:27:09,4174990,0.0166,-0.0268,-0.9638,1.0500,-0.4200,0.0000
2026-0
7-03,14:27:09,4175094,0.0010,-0.0181,-0.9579,1.0500,-0.5600,0.0700
2026-07-03,14:27:09,4175190,-0.0039,-0.0181,-0.9506,1.2600,-0.5600,0.2100
2026-07-03,14:27:09,4175290,-0.0020,-0.0205,-0.9536,1.2600,-0.5600,0.2800
2026-07-03,14:27:09,417539
0,0.0039,-0.0249,-0.9570,1.1900,-0.4200,0.2100
2026-07-03,14:27:10,4175490,0.0034,-0.0234,-0.9565,1.1900,-0.4900,0.0700
2026-07-03,14:27:10,4175590,0.0029,-0.0195,-0.9570,1.2600,-0.5600,0.2100
2026-07-03,14:27:10,4175690,0.0054,-0.0200,-0.95
65,1.3300,-0.5600,0.2100
2026-07-03,14:27:10,4175790,0.0054,-0.0190,-0.9560,1.2600,-0.4900,0.1400
2026-07-03,14:27:10,4175890,0.0054,-0.0190,-0.9565,1.1900,-0.4900,0.1400
2026-07-03,14:27:10,4175990,0.0054,-0.0185,-0.9560,1.1900,-0.6300,0.28
00
2026-07-03,14:27:10,4176090,0.0039,-0.0185,-0.9555,1.1900,-0.5600,0.1400
2026-07-03,14:27:10,4176190,0.0059,-0.0185,-0.9560,1.1900,-0.4900,0.2100
2026-07-03,14:27:10,4176290,0.0054,-0.0176,-0.9536,1.2600,-0.4900,0.1400
2026-07-03,14:27:1
0,4176390,0.0063,-0.0190,-0.9570,1.1900,-0.4900,0.2800
2026-07-03,14:27:11,4176490,0.0093,-0.0181,-0.9575,1.1900,-0.5600,0.2800
2026-07-03,14:27:11,4176590,0.0083,-0.0190,-0.9575,1.2600,-0.5600,0.1400
2026-07-03,14:27:11,4176690,0.0063,-0.01
90,-0.9550,1.2600,-0.6300,0.2100
2026-07-03,14:27:11,4176790,0.0078,-0.0185,-0.9579,1.1900,-0.4900,0.2100
2026-07-03,14:27:11,4176890,0.0049,-0.0195,-0.9575,1.2600,-0.6300,0.2100
2026-07-03,14:27:11,4176990,0.0029,-0.0220,-0.9565,1.1900,-0.5
600,0.1400
2026-07-03,14:27:11,4177090,0.0029,-0.0190,-0.9550,1.2600,-0.5600,0.2100
2026-07-03,14:27:11,4177190,0.0054,-0.0181,-0.9526,1.2600,-0.5600,0.1400
2026-07-03,14:27:11,4177290,0.0034,-0.0220,-0.9570,1.3300,-0.5600,0.1400
2026-07-03
,14:27:11,4177390,0.0029,-0.0205,-0.9555,1.1900,-0.4900,0.0700
2026-07-03,14:27:12,4177490,0.0044,-0.0200,-0.9540,1.2600,-0.4900,0.2100
2026-07-03,14:27:12,4177590,0.0049,-0.0200,-0.9540,1.1900,-0.6300,0.2100
2026-07-03,14:27:12,4177690,0.00
59,-0.0215,-0.9560,1.2600,-0.5600,0.2100
2026-07-03,14:27:12,4177790,0.0029,-0.0195,-0.9555,1.1900,-0.4900,0.2100
2026-07-03,14:27:12,4177890,0.0059,-0.0195,-0.9536,1.2600,-0.5600,0.2100
2026-07-03,14:27:12,4177990,0.0054,-0.0224,-0.9575,1.2
600,-0.4900,0.1400
2026-07-03,14:27:12,4178090,0.0044,-0.0195,-0.9565,1.2600,-0.4900,0.2100
2026-07-03,14:27:12,4178190,0.0054,-0.0205,-0.9570,1.2600,-0.6300,0.1400
2026-07-03,14:27:12,4178290,0.0068,-0.0181,-0.9550,1.1900,-0.5600,0.1400
20
26-07-03,14:27:12,4178390,0.0044,-0.0200,-0.9555,1.2600,-0.4900,0.1400
2026-07-03,14:27:13,4178495,0.0068,-0.0205,-0.9579,1.2600,-0.5600,0.1400
2026-07-03,14:27:13,4178590,0.0073,-0.0200,-0.9565,1.1900,-0.5600,0.0700
2026-07-03,14:27:13,4178
690,0.0059,-0.0190,-0.9545,1.3300,-0.6300,0.1400
2026-07-03,14:27:13,4178790,0.0068,-0.0195,-0.9521,1.2600,-0.6300,0.1400
2026-07-03,14:27:13,4178890,0.0049,-0.0205,-0.9555,1.2600,-0.5600,0.2100
2026-07-03,14:27:13,4178990,0.0044,-0.0190,-0.
9570,1.1900,-0.5600,0.1400
2026-07-03,14:27:13,4179090,0.0029,-0.0200,-0.9560,1.1900,-0.5600,0.1400
2026-07-03,14:27:13,4179195,0.0039,-0.0215,-0.9565,1.1900,-0.6300,0.2100
2026-07-03,14:27:13,4179290,0.0054,-0.0215,-0.9560,1.2600,-0.4200,0.
2100
2026-07-03,14:27:13,4179390,0.0044,-0.0210,-0.9570,1.2600,-0.4900,0.2100
2026-07-03,14:27:14,4179490,0.0034,-0.0210,-0.9545,1.1900,-0.5600,0.1400
2026-07-03,14:27:14,4179590,0.0054,-0.0220,-0.9555,1.1900,-0.4900,0.2100
2026-07-03,14:27
:14,4179690,0.0073,-0.0190,-0.9545,1.1900,-0.5600,0.2100
2026-07-03,14:27:14,4179790,0.0049,-0.0200,-0.9536,1.1900,-0.5600,0.1400
2026-07-03,14:27:14,4179895,0.0049,-0.0224,-0.9550,1.2600,-0.5600,0.1400
2026-07-03,14:27:14,4179990,0.0073,-0.
0239,-0.9633,1.1900,-0.5600,0.2100
2026-07-03,14:27:14,4180094,0.0073,-0.0220,-0.9555,1.1900,-0.5600,0.1400
2026-07-03,14:27:14,4180190,0.0054,-0.0229,-0.9545,1.2600,-0.6300,0.1400
2026-07-03,14:27:14,4180290,0.0049,-0.0210,-0.9555,1.2600,-0
.4900,0.1400
2026-07-03,14:27:14,4180390,0.0054,-0.0205,-0.9560,1.1200,-0.6300,0.1400
2026-07-03,14:27:15,4180490,0.0063,-0.0151,-0.9526,1.3300,-0.4900,0.0700
2026-07-03,14:27:15,4180590,0.0044,-0.0200,-0.9545,1.1900,-0.4900,0.2100
2026-07-
03,14:27:15,4180690,0.0039,-0.0205,-0.9560,1.1900,-0.5600,0.1400
2026-07-03,14:27:15,4180790,0.0039,-0.0220,-0.9570,1.1900,-0.5600,0.0700
2026-07-03,14:27:15,4180890,0.0054,-0.0210,-0.9560,1.1900,-0.5600,0.1400
2026-07-03,14:27:15,4180990,0.
0059,-0.0195,-0.9550,1.2600,-0.5600,0.1400
2026-07-03,14:27:15,4181090,0.0044,-0.0190,-0.9575,1.1900,-0.6300,0.2100
2026-07-03,14:27:15,4181190,0.0049,-0.0200,-0.9584,1.2600,-0.6300,0.1400
2026-07-03,14:27:15,4181290,0.0059,-0.0190,-0.9560,1
.2600,-0.7000,0.2800
2026-07-03,14:27:15,4181390,0.0039,-0.0205,-0.9550,1.1900,-0.4900,0.1400
2026-07-03,14:27:16,4181490,0.0044,-0.0195,-0.9550,1.1900,-0.5600,0.2100
2026-07-03,14:27:16,4181590,0.0039,-0.0181,-0.9565,1.2600,-0.5600,0.2800
2026-07-03,14:27:16,4181690,0.0039,-0.0200,-0.9555,1.2600,-0.5600,0.1400
2026-07-03,14:27:16,4181790,0.0059,-0.0200,-0.9565,1.2600,-0.5600,0.1400
2026-07-03,14:27:16,4181890,0.0039,-0.0210,-0.9555,1.2600,-0.4900,0.2100
2026-07-03,14:27:16,41
81990,0.0054,-0.0200,-0.9531,1.1900,-0.6300,0.2100
2026-07-03,14:27:16,4182090,0.0024,-0.0249,-0.9575,1.3300,-0.5600,0.1400
2026-07-03,14:27:16,4182190,0.0029,-0.0205,-0.9584,1.1900,-0.4900,0.2100
2026-07-03,14:27:16,4182290,0.0073,-0.0195,-
0.9570,1.1900,-0.6300,0.0700
2026-07-03,14:27:16,4182390,0.0068,-0.0195,-0.9550,1.2600,-0.4900,0.1400
2026-07-03,14:27:17,4182490,0.0049,-0.0210,-0.9570,1.2600,-0.5600,0.1400
2026-07-03,14:27:17,4182590,0.0044,-0.0190,-0.9570,1.2600,-0.4900,
0.1400
2026-07-03,14:27:17,4182690,0.0063,-0.0210,-0.9560,1.1900,-0.6300,0.1400
2026-07-03,14:27:17,4182790,0.0054,-0.0210,-0.9570,1.1200,-0.6300,0.2100
2026-07-03,14:27:17,4182890,0.0039,-0.0215,-0.9565,1.1900,-0.6300,0.1400
2026-07-03,14:
27:17,4182990,0.0044,-0.0195,-0.9540,1.2600,-0.5600,0.1400
2026-07-03,14:27:17,4183090,0.0054,-0.0171,-0.9511,1.1900,-0.5600,0.1400
2026-07-03,14:27:17,4183190,0.0054,-0.0195,-0.9555,1.2600,-0.5600,0.2100
2026-07-03,14:27:17,4183290,0.0063,-
0.0220,-0.9550,1.2600,-0.4900,0.2800
2026-07-03,14:27:17,4183390,0.0068,-0.0200,-0.9560,1.2600,-0.6300,0.1400
2026-07-03,14:27:18,4183490,0.0054,-0.0190,-0.9545,1.1900,-0.4200,0.1400
2026-07-03,14:27:18,4183590,0.0059,-0.0200,-0.9545,1.1900,
-0.6300,0.2100
2026-07-03,14:27:18,4183690,0.0039,-0.0185,-0.9550,1.2600,-0.5600,0.1400
2026-07-03,14:27:18,4183790,0.0054,-0.0200,-0.9565,1.1900,-0.5600,0.2100
2026-07-03,14:27:18,4183890,0.0054,-0.0190,-0.9555,1.2600,-0.5600,0.2100
2026-0
7-03,14:27:18,4183990,0.0049,-0.0200,-0.9555,1.2600,-0.6300,0.1400
2026-07-03,14:27:18,4184090,0.0054,-0.0210,-0.9555,1.1900,-0.4900,0.1400
2026-07-03,14:27:18,4184190,0.0068,-0.0195,-0.9550,1.1900,-0.4200,0.1400
2026-07-03,14:27:18,4184290,
0.0068,-0.0205,-0.9555,1.1900,-0.7700,0.1400
2026-07-03,14:27:18,4184390,0.0073,-0.0205,-0.9575,1.2600,-0.4900,0.2100
2026-07-03,14:27:19,4184490,0.0059,-0.0200,-0.9550,1.2600,-0.4900,0.1400
2026-07-03,14:27:19,4184590,0.0078,-0.0205,-0.9575
,1.1900,-0.4900,0.2100
2026-07-03,14:27:19,4184690,0.0073,-0.0205,-0.9560,1.2600,-0.5600,0.1400
2026-07-03,14:27:19,4184790,0.0044,-0.0181,-0.9531,1.4000,-0.5600,0.2100
2026-07-03,14:27:19,4184890,0.0054,-0.0220,-0.9579,1.3300,-0.4200,0.2100
2026-07-03,14:27:19,4184990,0.0024,-0.0190,-0.9545,1.1900,-0.5600,0.2100
2026-07-03,14:27:19,4185094,0.0049,-0.0205,-0.9550,1.1900,-0.5600,0.2100
2026-07-03,14:27:19,4185190,0.0029,-0.0215,-0.9545,1.2600,-0.5600,0.2100
2026-07-03,14:27:19,
4185290,0.0034,-0.0210,-0.9589,1.2600,-0.6300,0.2100
2026-07-03,14:27:19,4185390,0.0078,-0.0249,-0.9560,1.2600,-0.6300,0.2100
2026-07-03,14:27:20,4185490,-0.0024,-0.0137,-0.9443,1.3300,-0.6300,0.3500
2026-07-03,14:27:20,4185590,0.0093,-0.027
3,-0.9731,1.1900,-0.7700,0.2100
2026-07-03,14:27:20,4185690,0.0083,-0.0078,-0.9492,1.2600,-0.7000,0.2100
2026-07-03,14:27:20,4185790,0.0112,-0.0205,-0.9579,1.1900,-0.6300,0.2100
2026-07-03,14:27:20,4185890,0.0063,-0.0200,-0.9555,1.1900,-0.77
00,0.2100
2026-07-03,14:27:20,4185990,0.0039,-0.0190,-0.9565,1.2600,-0.6300,0.1400
2026-07-03,14:27:20,4186090,-0.0015,-0.0117,-0.9565,1.1900,-0.7700,0.1400
2026-07-03,14:27:20,4186190,0.0020,-0.0288,-0.9614,1.3300,-0.6300,0.0700
2026-07-03
,14:27:20,4186290,0.0034,-0.0234,-0.9550,1.1900,-0.5600,0.2100
2026-07-03,14:27:20,4186390,0.0068,-0.0205,-0.9545,1.3300,-0.4200,0.0700
2026-07-03,14:27:21,4186490,0.0127,-0.0200,-0.9589,1.2600,-0.4200,0.1400
2026-07-03,14:27:21,4186590,-0.0
078,-0.0107,-0.9506,1.4000,0.0700,0.0700
2026-07-03,14:27:21,4186690,0.0010,-0.0415,-0.9980,1.5400,0.2800,-0.2100
2026-07-03,14:27:21,4186795,0.0010,-0.0386,-0.9789,1.1200,-1.1900,0.4200
2026-07-03,14:27:21,4186890,-0.0020,-0.0044,-0.9379,1.
2600,-0.4200,0.0700
2026-07-03,14:27:21,4186990,0.0068,-0.0273,-0.9677,1.2600,-0.4900,0.0700
2026-07-03,14:27:21,4187090,0.0054,-0.0049,-0.9540,1.1900,-0.6300,0.2100
2026-07-03,14:27:21,4187190,0.0054,-0.0215,-0.9560,1.3300,-0.5600,0.2100
2
026-07-03,14:27:21,4187290,-0.0024,-0.0215,-0.9526,1.2600,-0.4900,0.2800
2026-07-03,14:27:21,4187390,-0.0020,-0.0200,-0.9570,1.1900,-0.5600,0.2100
2026-07-03,14:27:22,4187495,0.0005,-0.0259,-0.9565,1.1900,-0.5600,0.0700
2026-07-03,14:27:22,4
187590,0.0063,-0.0210,-0.9579,1.1900,-0.7000,0.0700
2026-07-03,14:27:22,4187690,0.0068,-0.0200,-0.9584,1.2600,-0.5600,0.2100
2026-07-03,14:27:22,4187790,0.0010,-0.0234,-0.9579,1.1900,-0.7000,0.2100
2026-07-03,14:27:22,4187890,0.0078,-0.0200,
-0.9594,1.1900,-0.7000,0.0700
2026-07-03,14:27:22,4187990,0.0088,-0.0142,-0.9516,1.2600,-0.4200,0.1400
2026-07-03,14:27:22,4188090,0.0010,-0.0200,-0.9643,1.3300,-0.7000,0.1400
2026-07-03,14:27:22,4188196,0.1610,0.0073,-0.9984,1.1200,-0.5600,
0.0000
2026-07-03,14:27:22,4188290,-0.0034,-0.0537,-0.9897,1.1200,-1.1200,0.2800
2026-07-03,14:27:22,4188390,-0.1054,-0.0537,-0.9433,1.2600,-0.2100,0.2100
2026-07-03,14:27:23,4188490,0.0620,-0.0020,-0.9594,1.2600,-0.4900,0.2100
2026-07-03,1
4:27:23,4188590,0.0654,0.0132,-0.9501,1.1900,-0.7700,0.2100
2026-07-03,14:27:23,4188690,-0.0195,-0.0322,-0.9570,1.2600,-0.5600,0.0700
2026-07-03,14:27:23,4188790,-0.0381,-0.0410,-0.9589,1.1200,-0.4900,0.1400
2026-07-03,14:27:23,4188890,0.063
9,-0.0059,-0.9648,0.9100,-0.5600,0.0000
2026-07-03,14:27:23,4188990,0.0244,-0.0190,-0.9697,1.1900,-0.7000,0.0000
2026-07-03,14:27:23,4189090,-0.0073,-0.0117,-0.9531,1.1200,-0.6300,0.2100
2026-07-03,14:27:23,4189190,-0.0059,-0.0161,-0.9501,1.
3300,-0.4900,0.1400
2026-07-03,14:27:23,4189290,-0.0010,-0.0181,-0.9423,1.4000,-0.4200,0.1400
2026-07-03,14:27:23,4189390,-0.0005,-0.0264,-0.9579,1.4700,-0.4900,0.3500
2026-07-03,14:27:24,4189490,0.0015,-0.0181,-0.9570,1.4000,-0.5600,0.4200
2026-07-03,14:27:24,4189590,0.0234,-0.0190,-0.9648,1.2600,-0.3500,0.0700
2026-07-03,14:27:24,4189690,0.0181,-0.0098,-0.9570,1.1900,-0.4900,0.1400
2026-07-03,14:27:24,4189790,0.0093,-0.0151,-0.9516,1.2600,-0.5600,0.1400
2026-07-03,14:27:24,4
189890,0.0083,-0.0210,-0.9579,1.3300,-0.6300,0.2100
2026-07-03,14:27:24,4189990,0.0034,-0.0200,-0.9521,1.2600,-0.4900,0.2100
2026-07-03,14:27:24,4190094,0.0063,-0.0220,-0.9584,1.1900,-0.5600,0.1400
2026-07-03,14:27:24,4190190,-0.0024,-0.0229
,-0.9555,1.1200,-0.5600,0.1400
2026-07-03,14:27:24,4190290,-0.0073,-0.0234,-0.9565,1.3300,-0.6300,0.2100
2026-07-03,14:27:24,4190390,-0.0034,-0.0229,-0.9540,1.3300,-0.4900,0.2100
2026-07-03,14:27:25,4190490,0.0015,-0.0239,-0.9570,1.1200,-0.5
600,0.2100
2026-07-03,14:27:25,4190590,0.0005,-0.0210,-0.9565,1.1200,-0.4200,0.0700
2026-07-03,14:27:25,4190690,0.0034,-0.0195,-0.9536,1.2600,-0.5600,0.2100
2026-07-03,14:27:25,4190790,-0.0010,-0.0264,-0.9545,1.2600,-0.6300,0.2100
2026-07-0
3,14:27:25,4190890,-0.0015,-0.0181,-0.9579,1.1900,-0.6300,0.2100
2026-07-03,14:27:25,4190990,0.0068,-0.0220,-0.9560,1.1900,-0.4900,0.1400
2026-07-03,14:27:25,4191090,0.0054,-0.0176,-0.9555,1.1900,-0.4900,0.1400
2026-07-03,14:27:25,4191190,0.
0073,-0.0181,-0.9560,1.3300,-0.6300,0.1400
2026-07-03,14:27:25,4191290,0.0059,-0.0200,-0.9540,1.2600,-0.4900,0.1400
2026-07-03,14:27:25,4191390,0.0044,-0.0215,-0.9560,1.3300,-0.5600,0.1400
2026-07-03,14:27:26,4191490,0.0044,-0.0200,-0.9555,1
.1900,-0.4900,0.1400
2026-07-03,14:27:26,4191590,0.0039,-0.0215,-0.9555,1.1900,-0.5600,0.0700
2026-07-03,14:27:26,4191690,0.0044,-0.0210,-0.9589,1.2600,-0.6300,0.1400
2026-07-03,14:27:26,4191790,0.0044,-0.0190,-0.9570,1.1900,-0.5600,0.2100
2026-07-03,14:27:26,4191890,0.0039,-0.0190,-0.9545,1.2600,-0.5600,0.2100
2026-07-03,14:27:26,4191990,0.0044,-0.0190,-0.9536,1.1900,-0.4900,0.1400
2026-07-03,14:27:26,4192090,0.0029,-0.0190,-0.9565,1.2600,-0.5600,0.2100
2026-07-03,14:27:26,41
92190,0.0044,-0.0200,-0.9560,1.1900,-0.6300,0.2100
2026-07-03,14:27:26,4192290,0.0049,-0.0195,-0.9555,1.1900,-0.6300,0.2100
2026-07-03,14:27:26,4192390,0.0059,-0.0195,-0.9560,1.2600,-0.4900,0.2100
2026-07-03,14:27:27,4192490,0.0068,-0.0181,-
0.9540,1.2600,-0.6300,0.1400
2026-07-03,14:27:27,4192590,0.0049,-0.0200,-0.9594,1.2600,-0.4200,0.2100
2026-07-03,14:27:27,4192690,0.0054,-0.0220,-0.9560,1.2600,-0.5600,0.0700
2026-07-03,14:27:27,4192790,0.0054,-0.0190,-0.9565,1.1900,-0.7700,
0.1400
2026-07-03,14:27:27,4192890,0.0044,-0.0181,-0.9555,1.1900,-0.5600,0.1400
2026-07-03,14:27:27,4192990,0.0029,-0.0205,-0.9584,1.3300,-0.4900,0.2100
2026-07-03,14:27:27,4193090,0.0034,-0.0195,-0.9550,1.2600,-0.4900,0.1400
2026-07-03,14:
27:27,4193190,0.0034,-0.0190,-0.9555,1.1900,-0.4900,0.2100
2026-07-03,14:27:27,4193290,0.0039,-0.0200,-0.9560,1.1900,-0.5600,0.2100
2026-07-03,14:27:27,4193390,0.0054,-0.0205,-0.9565,1.3300,-0.5600,0.2100
2026-07-03,14:27:28,4193490,0.0039,-
0.0210,-0.9536,1.1900,-0.4900,0.1400
2026-07-03,14:27:28,4193590,0.0059,-0.0190,-0.9555,1.2600,-0.6300,0.2100
2026-07-03,14:27:28,4193696,0.0049,-0.0200,-0.9570,1.1900,-0.5600,0.2800
2026-07-03,14:27:28,4193790,0.0044,-0.0195,-0.9575,1.1900,
-0.6300,0.1400
2026-07-03,14:27:28,4193890,0.0024,-0.0200,-0.9545,1.2600,-0.6300,0.1400
2026-07-03,14:27:28,4193990,0.0034,-0.0185,-0.9584,1.2600,-0.5600,0.2100
2026-07-03,14:27:28,4194090,0.0029,-0.0215,-0.9565,1.2600,-0.7700,0.1400
2026-0
7-03,14:27:28,4194190,0.0049,-0.0195,-0.9531,1.1900,-0.4200,0.1400
2026-07-03,14:27:28,4194290,0.0034,-0.0190,-0.9540,1.2600,-0.4200,0.2100
2026-07-03,14:27:28,4194396,0.0034,-0.0205,-0.9555,1.1900,-0.4900,0.2100
2026-07-03,14:27:29,4194490,
0.0044,-0.0205,-0.9570,1.1900,-0.5600,0.1400
2026-07-03,14:27:29,4194590,0.0029,-0.0190,-0.9531,1.2600,-0.7000,0.1400
2026-07-03,14:27:29,4194690,0.0059,-0.0215,-0.9531,1.2600,-0.5600,0.1400
2026-07-03,14:27:29,4194790,0.0020,-0.0205,-0.9531
,1.1200,-0.5600,0.1400
2026-07-03,14:27:29,4194890,0.0049,-0.0185,-0.9555,1.1900,-0.4900,0.1400
2026-07-03,14:27:29,4194990,0.0044,-0.0200,-0.9555,1.1900,-0.5600,0.1400
2026-07-03,14:27:29,4195096,0.0020,-0.0190,-0.9540,1.2600,-0.6300,0.1400
2026-07-03,14:27:29,4195190,0.0063,-0.0200,-0.9555,1.2600,-0.4900,0.1400
2026-07-03,14:27:29,4195290,0.0044,-0.0195,-0.9565,1.1200,-0.4900,0.2100
2026-07-03,14:27:29,4195390,0.0059,-0.0205,-0.9550,1.2600,-0.4900,0.2100
2026-07-03,14:27:30,
4195490,0.0039,-0.0185,-0.9545,1.2600,-0.4200,0.2100
2026-07-03,14:27:30,4195590,0.0059,-0.0220,-0.9555,1.1900,-0.4900,0.0700
2026-07-03,14:27:30,4195690,0.0029,-0.0185,-0.9560,1.1900,-0.4900,0.1400
2026-07-03,14:27:30,4195790,0.0044,-0.0185
,-0.9540,1.1900,-0.5600,0.1400
2026-07-03,14:27:30,4195890,0.0039,-0.0195,-0.9536,1.2600,-0.5600,0.1400
2026-07-03,14:27:30,4195990,0.0054,-0.0205,-0.9565,1.2600,-0.5600,0.1400
2026-07-03,14:27:30,4196090,0.0039,-0.0181,-0.9550,1.1900,-0.490
0,0.2100
2026-07-03,14:27:30,4196190,0.0044,-0.0200,-0.9550,1.1900,-0.7000,0.1400
2026-07-03,14:27:30,4196290,0.0039,-0.0185,-0.9536,1.2600,-0.5600,0.2100
2026-07-03,14:27:30,4196390,0.0049,-0.0200,-0.9560,1.1200,-0.4900,0.2100
2026-07-03,1
4:27:31,4196490,0.0044,-0.0195,-0.9560,1.2600,-0.5600,0.2100
2026-07-03,14:27:31,4196590,0.0054,-0.0190,-0.9560,1.1900,-0.5600,0.2100
2026-07-03,14:27:31,4196690,0.0049,-0.0185,-0.9570,1.1900,-0.7000,0.1400
2026-07-03,14:27:31,4196790,0.0059
,-0.0195,-0.9555,1.2600,-0.5600,0.2100
2026-07-03,14:27:31,4196890,0.0029,-0.0181,-0.9550,1.2600,-0.6300,0.2100
2026-07-03,14:27:31,4196990,0.0054,-0.0200,-0.9570,1.1200,-0.6300,0.1400
2026-07-03,14:27:31,4197090,0.0024,-0.0205,-0.9555,1.260
0,-0.5600,0.1400
2026-07-03,14:27:31,4197190,0.0029,-0.0185,-0.9526,1.2600,-0.4900,0.1400
2026-07-03,14:27:31,4197290,0.0044,-0.0190,-0.9550,1.2600,-0.4900,0.1400
2026-07-03,14:27:31,4197390,0.0044,-0.0181,-0.9584,1.2600,-0.4200,0.2800
2026
-07-03,14:27:32,4197490,0.0020,-0.0205,-0.9550,1.2600,-0.6300,0.1400
2026-07-03,14:27:32,4197590,0.0044,-0.0181,-0.9555,1.2600,-0.4900,0.2100
2026-07-03,14:27:32,4197690,0.0044,-0.0220,-0.9565,1.2600,-0.4200,0.2100
2026-07-03,14:27:32,419779
0,0.0034,-0.0185,-0.9545,1.2600,-0.4900,0.1400
2026-07-03,14:27:32,4197890,0.0054,-0.0200,-0.9579,1.2600,-0.4900,0.1400
2026-07-03,14:27:32,4197990,0.0044,-0.0190,-0.9560,1.2600,-0.5600,0.2100
2026-07-03,14:27:32,4198090,0.0054,-0.0210,-0.95
31,1.1900,-0.4900,0.2100
2026-07-03,14:27:32,4198190,0.0044,-0.0190,-0.9560,1.1900,-0.5600,0.2100
2026-07-03,14:27:32,4198290,0.0029,-0.0205,-0.9575,1.1900,-0.5600,0.2100
2026-07-03,14:27:32,4198390,0.0044,-0.0210,-0.9575,1.2600,-0.5600,0.21
00
2026-07-03,14:27:33,4198490,0.0044,-0.0185,-0.9570,1.2600,-0.5600,0.2100
2026-07-03,14:27:33,4198590,0.0039,-0.0176,-0.9536,1.1900,-0.6300,0.1400
2026-07-03,14:27:33,4198690,0.0049,-0.0224,-0.9589,1.2600,-0.4900,0.1400
2026-07-03,14:27:3
3,4198790,0.0063,-0.0176,-0.9560,1.2600,-0.7000,0.1400
2026-07-03,14:27:33,4198890,0.0049,-0.0190,-0.9555,1.2600,-0.4900,0.1400
2026-07-03,14:27:33,4198990,0.0039,-0.0190,-0.9560,1.3300,-0.4900,0.2100
2026-07-03,14:27:33,4199090,0.0049,-0.02
15,-0.9550,1.1200,-0.5600,0.1400
2026-07-03,14:27:33,4199190,0.0020,-0.0210,-0.9516,1.2600,-0.6300,0.2800
2026-07-03,14:27:33,4199290,-0.0044,-0.0298,-0.9682,0.9800,-0.8400,0.4200
2026-07-03,14:27:33,4199390,-0.0015,-0.0029,-0.9501,1.4700,-0
.2800,0.1400
2026-07-03,14:27:34,4199490,0.0122,-0.0381,-0.9672,1.1900,-0.7000,0.1400
2026-07-03,14:27:34,4199590,-0.0020,-0.0078,-0.9438,1.1200,-0.4900,0.0700
2026-07-03,14:27:34,4199690,0.0020,-0.0220,-0.9653,1.2600,-0.5600,0.1400
2026-07
-03,14:27:34,4199790,0.0005,-0.0176,-0.9521,1.1900,-0.7000,0.2100
2026-07-03,14:27:34,4199890,0.0029,-0.0210,-0.9521,1.1200,-0.4900,0.2100
2026-07-03,14:27:34,4199990,0.0020,-0.0176,-0.9589,1.1200,-0.6300,0.0700
2026-07-03,14:27:34,4200094,0
.0039,-0.0181,-0.9550,1.2600,-0.4900,0.2100
2026-07-03,14:27:34,4200190,0.0049,-0.0224,-0.9545,1.1900,-0.5600,0.1400
2026-07-03,14:27:34,4200290,0.0029,-0.0185,-0.9570,1.1900,-0.6300,0.2100
2026-07-03,14:27:34,4200390,0.0024,-0.0210,-0.9550,
1.3300,-0.4900,0.2100
2026-07-03,14:27:35,4200490,0.0044,-0.0181,-0.9545,1.1900,-0.5600,0.1400
2026-07-03,14:27:35,4200590,0.0029,-0.0185,-0.9550,1.1900,-0.5600,0.1400
2026-07-03,14:27:35,4200690,0.0024,-0.0200,-0.9570,1.2600,-0.6300,0.3500
2026-07-03,14:27:35,4200790,0.0024,-0.0185,-0.9536,1.2600,-0.5600,0.0700
2026-07-03,14:27:35,4200890,0.0054,-0.0210,-0.9550,1.2600,-0.4900,0.2100
2026-07-03,14:27:35,4200990,0.0034,-0.0181,-0.9545,1.1200,-0.5600,0.2100
2026-07-03,14:27:35,4
201090,0.0044,-0.0181,-0.9560,1.2600,-0.6300,0.2100
2026-07-03,14:27:35,4201190,0.0044,-0.0195,-0.9555,1.1900,-0.7000,0.2100
2026-07-03,14:27:35,4201290,0.0049,-0.0185,-0.9565,1.3300,-0.6300,0.2100
2026-07-03,14:27:35,4201390,0.0039,-0.0220,
-0.9550,1.1900,-0.5600,0.2100
2026-07-03,14:27:36,4201490,0.0024,-0.0195,-0.9555,1.1900,-0.4200,0.1400
2026-07-03,14:27:36,4201590,0.0029,-0.0190,-0.9550,1.2600,-0.4900,0.1400
2026-07-03,14:27:36,4201690,0.0063,-0.0185,-0.9570,1.1900,-0.6300
,0.1400
2026-07-03,14:27:36,4201790,0.0034,-0.0185,-0.9545,1.1900,-0.4900,0.2100
2026-07-03,14:27:36,4201890,0.0049,-0.0205,-0.9540,1.2600,-0.4900,0.2100
2026-07-03,14:27:36,4201996,0.0029,-0.0176,-0.9540,1.1900,-0.4200,0.2800
2026-07-03,14
:27:36,4202090,0.0039,-0.0200,-0.9560,1.2600,-0.5600,0.2100
2026-07-03,14:27:36,4202190,0.0029,-0.0181,-0.9550,1.1900,-0.5600,0.2100
2026-07-03,14:27:36,4202290,0.0044,-0.0195,-0.9545,1.3300,-0.5600,0.1400
2026-07-03,14:27:36,4202390,0.0034,
-0.0195,-0.9550,1.1900,-0.4200,0.1400
2026-07-03,14:27:37,4202490,0.0044,-0.0190,-0.9570,1.2600,-0.4900,0.2100
2026-07-03,14:27:37,4202590,0.0029,-0.0195,-0.9550,1.1900,-0.5600,0.2100
2026-07-03,14:27:37,4202696,0.0039,-0.0200,-0.9550,1.2600
,-0.5600,0.1400
2026-07-03,14:27:37,4202790,0.0044,-0.0181,-0.9565,1.1900,-0.5600,0.2100
2026-07-03,14:27:37,4202890,0.0049,-0.0190,-0.9560,1.1900,-0.7000,0.1400
2026-07-03,14:27:37,4202990,0.0054,-0.0210,-0.9560,1.1200,-0.6300,0.0700
2026-
07-03,14:27:37,4203090,0.0034,-0.0205,-0.9570,1.2600,-0.6300,0.1400
2026-07-03,14:27:37,4203190,0.0020,-0.0200,-0.9555,1.2600,-0.5600,0.2100
2026-07-03,14:27:37,4203290,0.0044,-0.0181,-0.9545,1.1900,-0.4200,0.1400
2026-07-03,14:27:37,4203396
,0.0044,-0.0195,-0.9560,1.2600,-0.5600,0.1400
2026-07-03,14:27:38,4203490,0.0044,-0.0190,-0.9579,1.1900,-0.6300,0.1400
2026-07-03,14:27:38,4203590,0.0039,-0.0190,-0.9550,1.1900,-0.5600,0.1400
2026-07-03,14:27:38,4203690,0.0049,-0.0224,-0.956
5,1.2600,-0.5600,0.1400
2026-07-03,14:27:38,4203790,0.0015,-0.0176,-0.9565,1.2600,-0.4900,0.1400
2026-07-03,14:27:38,4203890,0.0044,-0.0195,-0.9540,1.2600,-0.4200,0.1400
2026-07-03,14:27:38,4203990,0.0034,-0.0181,-0.9560,1.1900,-0.7000,0.140
0
2026-07-03,14:27:38,4204090,0.0024,-0.0181,-0.9565,1.1900,-0.4900,0.1400
2026-07-03,14:27:38,4204190,0.0059,-0.0185,-0.9570,1.2600,-0.4900,0.2100
2026-07-03,14:27:38,4204290,0.0044,-0.0185,-0.9545,1.1900,-0.4200,0.1400
2026-07-03,14:27:38
,4204390,0.0044,-0.0205,-0.9565,1.2600,-0.5600,0.1400
2026-07-03,14:27:39,4204490,0.0020,-0.0176,-0.9575,1.2600,-0.6300,0.2100
2026-07-03,14:27:39,4204590,0.0049,-0.0215,-0.9575,1.2600,-0.5600,0.1400
2026-07-03,14:27:39,4204690,0.0029,-0.019
0,-0.9565,1.1900,-0.4900,0.1400
2026-07-03,14:27:39,4204790,0.0054,-0.0185,-0.9531,1.1900,-0.5600,0.1400
2026-07-03,14:27:39,4204890,0.0039,-0.0181,-0.9575,1.1900,-0.5600,0.2100
2026-07-03,14:27:39,4204990,0.0049,-0.0200,-0.9545,1.2600,-0.49
00,0.1400
2026-07-03,14:27:39,4205094,0.0059,-0.0181,-0.9565,1.1900,-0.6300,0.2100
2026-07-03,14:27:39,4205190,0.0039,-0.0190,-0.9570,1.2600,-0.5600,0.2100
2026-07-03,14:27:39,4205290,0.0049,-0.0195,-0.9570,1.2600,-0.5600,0.1400
2026-07-03,
14:27:39,4205390,0.0044,-0.0195,-0.9575,1.1900,-0.6300,0.2100
2026-07-03,14:27:40,4205490,0.0049,-0.0185,-0.9584,1.1900,-0.5600,0.1400
2026-07-03,14:27:40,4205590,0.0039,-0.0215,-0.9570,1.2600,-0.5600,0.1400
2026-07-03,14:27:40,4205690,0.003
4,-0.0205,-0.9555,1.1900,-0.4900,0.1400
2026-07-03,14:27:40,4205790,0.0039,-0.0215,-0.9560,1.2600,-0.5600,0.2100
2026-07-03,14:27:40,4205890,0.0044,-0.0195,-0.9550,1.1900,-0.6300,0.1400
2026-07-03,14:27:40,4205990,0.0024,-0.0190,-0.9555,1.19
00,-0.6300,0.1400
2026-07-03,14:27:40,4206090,0.0039,-0.0195,-0.9560,1.2600,-0.4900,0.2800
2026-07-03,14:27:40,4206190,0.0029,-0.0181,-0.9545,1.2600,-0.4900,0.2100
2026-07-03,14:27:40,4206290,0.0039,-0.0185,-0.9550,1.1900,-0.4900,0.1400
202
6-07-03,14:27:40,4206390,0.0059,-0.0181,-0.9555,1.2600,-0.6300,0.2100
2026-07-03,14:27:41,4206490,0.0039,-0.0181,-0.9550,1.2600,-0.6300,0.1400
2026-07-03,14:27:41,4206590,0.0029,-0.0200,-0.9550,1.2600,-0.4900,0.1400
2026-07-03,14:27:41,42066
90,0.0054,-0.0190,-0.9545,1.1900,-0.6300,0.0700
2026-07-03,14:27:41,4206790,0.0049,-0.0195,-0.9540,1.3300,-0.4900,0.1400
2026-07-03,14:27:41,4206890,0.0034,-0.0190,-0.9570,1.1900,-0.6300,0.2100
2026-07-03,14:27:41,4206990,0.0039,-0.0181,-0.9
570,1.2600,-0.5600,0.0700
2026-07-03,14:27:41,4207090,0.0059,-0.0190,-0.9560,1.2600,-0.6300,0.2100
2026-07-03,14:27:41,4207190,0.0044,-0.0181,-0.9550,1.2600,-0.5600,0.1400
2026-07-03,14:27:41,4207290,0.0024,-0.0195,-0.9545,1.1900,-0.5600,0.1
400
2026-07-03,14:27:41,4207390,0.0044,-0.0200,-0.9565,1.3300,-0.4900,0.2100
2026-07-03,14:27:42,4207490,0.0024,-0.0176,-0.9545,1.2600,-0.5600,0.1400
2026-07-03,14:27:42,4207590,0.0039,-0.0185,-0.9540,1.2600,-0.6300,0.2100
2026-07-03,14:27:
42,4207690,0.0044,-0.0205,-0.9560,1.2600,-0.4900,0.1400
2026-07-03,14:27:42,4207790,0.0044,-0.0195,-0.9550,1.2600,-0.6300,0.2800
2026-07-03,14:27:42,4207890,0.0044,-0.0195,-0.9560,1.2600,-0.4900,0.2100
2026-07-03,14:27:42,4207990,0.0020,-0.0
190,-0.9545,1.1900,-0.4900,0.1400
2026-07-03,14:27:42,4208090,0.0049,-0.0181,-0.9555,1.2600,-0.6300,0.1400
2026-07-03,14:27:42,4208190,0.0029,-0.0171,-0.9560,1.1900,-0.5600,0.2100
2026-07-03,14:27:42,4208290,0.0024,-0.0205,-0.9560,1.1900,-0.
6300,0.2100
2026-07-03,14:27:42,4208390,0.0049,-0.0181,-0.9560,1.3300,-0.5600,0.2100
2026-07-03,14:27:43,4208490,0.0029,-0.0176,-0.9550,1.2600,-0.6300,0.1400
2026-07-03,14:27:43,4208590,0.0034,-0.0195,-0.9560,1.3300,-0.6300,0.1400
2026-07-0
3,14:27:43,4208690,0.0010,-0.0185,-0.9550,1.2600,-0.7700,0.1400
2026-07-03,14:27:43,4208790,0.0020,-0.0220,-0.9565,1.1900,-0.6300,0.2800
2026-07-03,14:27:43,4208890,0.0039,-0.0205,-0.9555,1.2600,-0.6300,0.1400
2026-07-03,14:27:43,4208990,0.0
044,-0.0195,-0.9560,1.1900,-0.6300,0.1400
2026-07-03,14:27:43,4209090,0.0039,-0.0185,-0.9536,1.1900,-0.5600,0.0700
2026-07-03,14:27:43,4209190,0.0044,-0.0200,-0.9540,1.3300,-0.6300,0.1400
2026-07-03,14:27:43,4209290,0.0029,-0.0205,-0.9550,1.
2600,-0.5600,0.2100
2026-07-03,14:27:43,4209390,0.0044,-0.0195,-0.9565,1.3300,-0.5600,0.2100
2026-07-03,14:27:44,4209490,0.0034,-0.0195,-0.9545,1.1200,-0.5600,0.1400
2026-07-03,14:27:44,4209590,0.0034,-0.0185,-0.9555,1.2600,-0.6300,0.1400
2
026-07-03,14:27:44,4209690,0.0029,-0.0200,-0.9550,1.2600,-0.5600,0.2100
2026-07-03,14:27:44,4209790,0.0039,-0.0200,-0.9565,1.2600,-0.6300,0.2100
2026-07-03,14:27:44,4209890,0.0044,-0.0200,-0.9550,1.1900,-0.5600,0.2100
2026-07-03,14:27:44,420
9990,0.0020,-0.0200,-0.9584,1.2600,-0.5600,0.2100
2026-07-03,14:27:44,4210094,0.0034,-0.0190,-0.9555,1.1900,-0.4900,0.2100
2026-07-03,14:27:44,4210190,0.0039,-0.0190,-0.9555,1.1900,-0.5600,0.2100
2026-07-03,14:27:44,4210295,0.0044,-0.0200,-0
.9545,1.1900,-0.5600,0.1400
2026-07-03,14:27:44,4210390,0.0029,-0.0205,-0.9594,1.2600,-0.5600,0.1400
2026-07-03,14:27:45,4210490,0.0034,-0.0200,-0.9565,1.2600,-0.5600,0.0700
2026-07-03,14:27:45,4210590,0.0039,-0.0210,-0.9560,1.2600,-0.5600,0
.2100
2026-07-03,14:27:45,4210690,0.0024,-0.0185,-0.9560,1.2600,-0.4900,0.2100
2026-07-03,14:27:45,4210790,0.0044,-0.0210,-0.9540,1.2600,-0.5600,0.2100
2026-07-03,14:27:45,4210890,0.0049,-0.0195,-0.9550,1.1900,-0.4900,0.1400
2026-07-03,14:2
7:45,4210996,0.0039,-0.0205,-0.9570,1.1900,-0.7700,0.1400
2026-07-03,14:27:45,4211090,0.0044,-0.0190,-0.9555,1.1200,-0.5600,0.0700
2026-07-03,14:27:45,4211190,0.0034,-0.0200,-0.9570,1.2600,-0.4900,0.1400
2026-07-03,14:27:45,4211290,0.0024,-0
.0200,-0.9565,1.1200,-0.5600,0.1400
2026-07-03,14:27:45,4211390,0.0039,-0.0181,-0.9536,1.3300,-0.5600,0.1400
2026-07-03,14:27:46,4211490,0.0020,-0.0185,-0.9560,1.2600,-0.5600,0.1400
2026-07-03,14:27:46,4211590,0.0039,-0.0215,-0.9536,1.1900,-
0.7000,0.2100
2026-07-03,14:27:46,4211696,0.0034,-0.0190,-0.9565,1.1900,-0.4900,0.1400
2026-07-03,14:27:46,4211790,0.0039,-0.0200,-0.9531,1.2600,-0.6300,0.1400
2026-07-03,14:27:46,4211890,0.0010,-0.0156,-0.9579,1.1900,-0.5600,0.1400
2026-07
-03,14:27:46,4211990,0.0029,-0.0176,-0.9555,1.1900,-0.7000,0.1400
2026-07-03,14:27:46,4212090,0.0034,-0.0200,-0.9570,1.1900,-0.6300,0.1400
2026-07-03,14:27:46,4212190,0.0044,-0.0195,-0.9555,1.2600,-0.4900,0.2100
2026-07-03,14:27:46,4212290,0
.0024,-0.0215,-0.9575,1.2600,-0.4200,0.2100
2026-07-03,14:27:46,4212390,0.0039,-0.0181,-0.9550,1.1200,-0.5600,0.2100
2026-07-03,14:27:47,4212490,0.0039,-0.0190,-0.9555,1.2600,-0.6300,0.2100
2026-07-03,14:27:47,4212590,0.0029,-0.0195,-0.9545,
1.1900,-0.4900,0.0700
2026-07-03,14:27:47,4212690,0.0049,-0.0190,-0.9575,1.1900,-0.4200,0.1400
2026-07-03,14:27:47,4212790,0.0039,-0.0205,-0.9565,1.1900,-0.6300,0.2100
2026-07-03,14:27:47,4212890,0.0059,-0.0185,-0.9555,1.1900,-0.5600,0.1400
2026-07-03,14:27:47,4212990,0.0024,-0.0205,-0.9589,1.1900,-0.5600,0.2100
2026-07-03,14:27:47,4213090,0.0029,-0.0205,-0.9555,1.2600,-0.4200,0.1400
2026-07-03,14:27:47,4213190,0.0029,-0.0205,-0.9565,1.2600,-0.5600,0.2100
2026-07-03,14:27:47,4
213290,0.0029,-0.0190,-0.9570,1.3300,-0.6300,0.2100
2026-07-03,14:27:47,4213390,0.0049,-0.0181,-0.9570,1.1900,-0.5600,0.0700
2026-07-03,14:27:48,4213490,0.0039,-0.0185,-0.9560,1.2600,-0.5600,0.2100
2026-07-03,14:27:48,4213590,0.0039,-0.0195,
-0.9545,1.2600,-0.5600,0.1400
2026-07-03,14:27:48,4213690,0.0044,-0.0215,-0.9550,1.3300,-0.7000,0.1400
2026-07-03,14:27:48,4213790,0.0039,-0.0205,-0.9565,1.1900,-0.5600,0.1400
2026-07-03,14:27:48,4213890,0.0029,-0.0190,-0.9565,1.2600,-0.4900
,0.2100
2026-07-03,14:27:48,4213990,0.0029,-0.0190,-0.9575,1.1900,-0.5600,0.1400
2026-07-03,14:27:48,4214090,0.0029,-0.0185,-0.9555,1.2600,-0.5600,0.1400
2026-07-03,14:27:48,4214190,0.0020,-0.0190,-0.9575,1.1900,-0.4200,0.2100
2026-07-03,14
:27:48,4214290,0.0049,-0.0181,-0.9545,1.1200,-0.5600,0.1400
2026-07-03,14:27:48,4214390,0.0039,-0.0220,-0.9555,1.1900,-0.5600,0.1400
2026-07-03,14:27:49,4214490,0.0029,-0.0185,-0.9545,1.1900,-0.6300,0.2100
2026-07-03,14:27:49,4214590,0.0034,
-0.0215,-0.9545,1.2600,-0.6300,0.1400
2026-07-03,14:27:49,4214690,0.0024,-0.0195,-0.9565,1.1900,-0.4900,0.2100
2026-07-03,14:27:49,4214790,0.0029,-0.0205,-0.9584,1.2600,-0.5600,0.1400
2026-07-03,14:27:49,4214890,0.0049,-0.0190,-0.9560,1.1200
,-0.7000,0.1400
2026-07-03,14:27:49,4214990,0.0044,-0.0181,-0.9555,1.1900,-0.4900,0.1400
2026-07-03,14:27:49,4215094,0.0029,-0.0210,-0.9560,1.1900,-0.4900,0.2100
2026-07-03,14:27:49,4215190,0.0049,-0.0224,-0.9570,1.1900,-0.6300,0.2100
2026-
07-03,14:27:49,4215290,0.0039,-0.0195,-0.9565,1.1200,-0.6300,0.1400
2026-07-03,14:27:49,4215390,0.0024,-0.0181,-0.9555,1.2600,-0.7000,0.1400
2026-07-03,14:27:50,4215490,0.0010,-0.0195,-0.9540,1.1900,-0.7000,0.1400
2026-07-03,14:27:50,4215590
,0.0039,-0.0195,-0.9550,1.3300,-0.5600,0.1400
2026-07-03,14:27:50,4215690,0.0044,-0.0210,-0.9560,1.1900,-0.5600,0.1400
2026-07-03,14:27:50,4215790,0.0029,-0.0190,-0.9550,1.1900,-0.4900,0.1400
2026-07-03,14:27:50,4215890,0.0010,-0.0200,-0.956
0,1.2600,-0.5600,0.2100
2026-07-03,14:27:50,4215990,0.0049,-0.0205,-0.9550,1.2600,-0.7000,0.1400
2026-07-03,14:27:50,4216090,0.0029,-0.0190,-0.9560,1.3300,-0.6300,0.1400
2026-07-03,14:27:50,4216190,0.0020,-0.0190,-0.9560,1.3300,-0.5600,0.140
0
2026-07-03,14:27:50,4216290,0.0034,-0.0210,-0.9545,1.1200,-0.5600,0.2100
2026-07-03,14:27:50,4216390,0.0034,-0.0210,-0.9555,1.4000,-0.5600,0.2100
2026-07-03,14:27:51,4216490,0.0054,-0.0220,-0.9550,1.1900,-0.4900,0.2100
2026-07-03,14:27:51
,4216590,0.0044,-0.0185,-0.9555,1.1900,-0.6300,0.0700
2026-07-03,14:27:51,4216690,0.0034,-0.0195,-0.9555,1.2600,-0.5600,0.2100
2026-07-03,14:27:51,4216790,0.0039,-0.0210,-0.9555,1.1900,-0.6300,0.2100
2026-07-03,14:27:51,4216890,0.0059,-0.021
0,-0.9575,1.1900,-0.5600,0.2100
2026-07-03,14:27:51,4216990,0.0034,-0.0200,-0.9550,1.1900,-0.5600,0.1400
2026-07-03,14:27:51,4217090,0.0044,-0.0220,-0.9545,1.1900,-0.4900,0.2100
2026-07-03,14:27:51,4217190,0.0020,-0.0176,-0.9531,1.2600,-0.56
00,0.2100
2026-07-03,14:27:51,4217290,0.0039,-0.0190,-0.9550,1.2600,-0.5600,0.1400
2026-07-03,14:27:51,4217390,0.0034,-0.0185,-0.9526,1.3300,-0.4900,0.2800
2026-07-03,14:27:52,4217490,0.0098,-0.0264,-0.9643,1.4000,-0.4900,0.1400
2026-07-03,
14:27:52,4217590,0.0049,-0.0151,-0.9526,1.3300,-0.5600,0.1400
2026-07-03,14:27:52,4217690,0.0059,-0.0190,-0.9550,1.3300,-0.4900,0.1400
2026-07-03,14:27:52,4217790,0.0054,-0.0224,-0.9579,1.1900,-0.6300,0.2100
2026-07-03,14:27:52,4217890,0.004
4,-0.0166,-0.9540,1.2600,-0.4900,0.1400
2026-07-03,14:27:52,4217990,0.0034,-0.0220,-0.9555,1.2600,-0.5600,0.1400
2026-07-03,14:27:52,4218090,0.0078,-0.0215,-0.9565,1.2600,-0.6300,0.1400
2026-07-03,14:27:52,4218190,0.0054,-0.0195,-0.9550,1.26
00,-0.4900,0.0700
2026-07-03,14:27:52,4218290,0.0039,-0.0195,-0.9565,1.1900,-0.5600,0.1400
2026-07-03,14:27:52,4218390,0.0039,-0.0200,-0.9545,1.3300,-0.6300,0.1400
2026-07-03,14:27:53,4218490,0.0044,-0.0195,-0.9560,1.1900,-0.5600,0.2100
202
6-07-03,14:27:53,4218596,0.0049,-0.0181,-0.9555,1.1900,-0.4900,0.1400
2026-07-03,14:27:53,4218690,0.0049,-0.0190,-0.9584,1.2600,-0.5600,0.1400
2026-07-03,14:27:53,4218790,0.0054,-0.0210,-0.9570,1.2600,-0.6300,0.1400
2026-07-03,14:27:53,42188
90,0.0063,-0.0205,-0.9540,1.1900,-0.4900,0.2800
2026-07-03,14:27:53,4218990,0.0029,-0.0171,-0.9536,1.2600,-0.7000,0.2100
2026-07-03,14:27:53,4219090,0.0059,-0.0205,-0.9540,1.1900,-0.6300,0.2100
2026-07-03,14:27:53,4219190,0.0049,-0.0185,-0.9
555,1.1900,-0.6300,0.0700
2026-07-03,14:27:53,4219295,0.0054,-0.0205,-0.9536,1.2600,-0.5600,0.2800
2026-07-03,14:27:53,4219390,0.0039,-0.0195,-0.9545,1.2600,-0.4900,0.1400
2026-07-03,14:27:54,4219490,0.0054,-0.0171,-0.9526,1.1900,-0.5600,0.1
400
2026-07-03,14:27:54,4219590,0.0063,-0.0220,-0.9565,1.2600,-0.4200,0.2800
2026-07-03,14:27:54,4219690,0.0029,-0.0220,-0.9550,1.2600,-0.4900,0.2100
2026-07-03,14:27:54,4219790,0.0029,-0.0200,-0.9570,1.2600,-0.6300,0.2100
2026-07-03,14:27:
54,4219890,0.0044,-0.0210,-0.9565,1.2600,-0.7000,0.1400
2026-07-03,14:27:54,4219996,0.0054,-0.0205,-0.9555,1.1900,-0.5600,0.1400
2026-07-03,14:27:54,4220094,0.0044,-0.0229,-0.9565,1.1900,-0.4900,0.1400
2026-07-03,14:27:54,4220190,0.0029,-0.0
224,-0.9550,1.1900,-0.6300,0.1400
2026-07-03,14:27:54,4220290,0.0034,-0.0190,-0.9584,1.1900,-0.5600,0.2100
2026-07-03,14:27:54,4220390,0.0044,-0.0205,-0.9570,1.2600,-0.6300,0.1400
2026-07-03,14:27:55,4220490,0.0029,-0.0210,-0.9545,1.2600,-0.
6300,0.2800
2026-07-03,14:27:55,4220590,0.0024,-0.0205,-0.9555,1.1900,-0.7700,0.2100
2026-07-03,14:27:55,4220695,0.0039,-0.0190,-0.9555,1.1900,-0.5600,0.2100
2026-07-03,14:27:55,4220790,0.0063,-0.0210,-0.9565,1.2600,-0.4900,0.1400
2026-07-0
3,14:27:55,4220890,0.0054,-0.0220,-0.9584,1.1200,-0.6300,0.2100
2026-07-03,14:27:55,4220990,0.0005,-0.0166,-0.9531,1.2600,-0.5600,0.0700
2026-07-03,14:27:55,4221090,0.1244,-0.0190,-0.9565,1.2600,-0.4200,0.1400
2026-07-03,14:27:55,4221190,0.0
044,-0.0176,-0.9536,1.1900,-0.4200,0.1400
2026-07-03,14:27:55,4221290,0.0034,-0.0195,-0.9594,1.1900,-0.6300,0.1400
2026-07-03,14:27:55,4221390,0.0054,-0.0195,-0.9570,1.2600,-0.7000,0.2100
2026-07-03,14:27:56,4221490,0.0039,-0.0195,-0.9540,1.
1900,-0.5600,0.1400
2026-07-03,14:27:56,4221590,0.0044,-0.0200,-0.9526,1.2600,-0.5600,0.2800
2026-07-03,14:27:56,4221690,0.0054,-0.0200,-0.9560,1.2600,-0.5600,0.2100
2026-07-03,14:27:56,4221790,0.0020,-0.0200,-0.9584,1.2600,-0.6300,0.1400
2
026-07-03,14:27:56,4221890,0.0063,-0.0210,-0.9545,1.1900,-0.6300,0.1400
2026-07-03,14:27:56,4221990,0.0107,-0.0200,-0.9555,1.1900,-0.6300,0.1400
2026-07-03,14:27:56,4222090,0.0107,-0.0171,-0.9594,1.3300,-0.5600,0.1400
2026-07-03,14:27:56,422
2190,0.0088,-0.0181,-0.9550,1.2600,-0.7000,0.0700
2026-07-03,14:27:56,4222290,0.0083,-0.0185,-0.9565,1.2600,-0.5600,0.1400
2026-07-03,14:27:56,4222390,0.0073,-0.0156,-0.9614,1.2600,-0.7000,0.2100
2026-07-03,14:27:57,4222490,0.0068,-0.0185,-0
.9496,1.2600,-0.4900,0.1400
2026-07-03,14:27:57,4222590,0.0059,-0.0161,-0.9565,1.1900,-0.4900,0.1400
2026-07-03,14:27:57,4222690,0.0059,-0.0176,-0.9628,1.3300,-0.5600,0.2100
2026-07-03,14:27:57,4222790,0.0059,-0.0185,-0.9521,1.3300,-0.5600,0
.2100
2026-07-03,14:27:57,4222890,0.0083,-0.0190,-0.9521,1.2600,-0.4900,0.2100
2026-07-03,14:27:57,4222990,0.0044,-0.0190,-0.9584,1.1200,-0.5600,0.1400
2026-07-03,14:27:57,4223090,0.0029,-0.0176,-0.9555,1.1900,-0.5600,0.1400
2026-07-03,14:2
7:57,4223190,0.0049,-0.0220,-0.9545,1.1900,-0.5600,0.2100
2026-07-03,14:27:57,4223290,0.0024,-0.0190,-0.9560,1.1900,-0.5600,0.1400
2026-07-03,14:27:57,4223390,0.0054,-0.0146,-0.9550,1.2600,-0.5600,0.2800
2026-07-03,14:27:58,4223490,0.0059,-0
.0195,-0.9501,1.1200,-0.4900,0.2100
2026-07-03,14:27:58,4223590,0.0049,-0.0195,-0.9555,1.1200,-0.5600,0.2100
2026-07-03,14:27:58,4223690,0.0029,-0.0171,-0.9584,1.2600,-0.5600,0.1400
2026-07-03,14:27:58,4223790,0.0049,-0.0215,-0.9531,1.1900,-
0.5600,0.1400
2026-07-03,14:27:58,4223890,0.0039,-0.0200,-0.9540,1.2600,-0.4200,0.2100
2026-07-03,14:27:58,4223990,0.0044,-0.0176,-0.9589,1.2600,-0.6300,0.1400
2026-07-03,14:27:58,4224090,0.0059,-0.0181,-0.9536,1.3300,-0.5600,0.1400
2026-07
-03,14:27:58,4224190,0.0034,-0.0220,-0.9560,1.2600,-0.5600,0.1400
2026-07-03,14:27:58,4224290,0.0029,-0.0181,-0.9565,1.2600,-0.6300,0.1400
2026-07-03,14:27:58,4224390,0.0029,-0.0185,-0.9545,1.1900,-0.4900,0.1400
2026-07-03,14:27:59,4224490,0
.0029,-0.0190,-0.9555,1.2600,-0.4900,0.0700
2026-07-03,14:27:59,4224590,0.0029,-0.0210,-0.9555,1.1900,-0.4900,0.2100
2026-07-03,14:27:59,4224690,0.0034,-0.0190,-0.9555,1.2600,-0.4900,0.2800
2026-07-03,14:27:59,4224790,0.0029,-0.0195,-0.9536,
1.2600,-0.5600,0.2800
2026-07-03,14:27:59,4224890,0.0044,-0.0181,-0.9565,1.1900,-0.6300,0.1400
2026-07-03,14:27:59,4224990,0.0039,-0.0176,-0.9565,1.1900,-0.6300,0.1400
2026-07-03,14:27:59,4225094,0.0039,-0.0210,-0.9555,1.1900,-0.4900,0.1400
2026-07-03,14:27:59,4225190,0.0010,-0.0185,-0.9555,1.1900,-0.5600,0.1400
2026-07-03,14:27:59,4225290,0.0034,-0.0215,-0.9570,1.3300,-0.5600,0.1400
2026-07-03,14:27:59,4225390,0.0044,-0.0176,-0.9531,1.2600,-0.7000,0.2100
2026-07-03,14:28:00,4
225490,0.0034,-0.0210,-0.9565,1.2600,-0.6300,0.1400
2026-07-03,14:28:00,4225590,0.0034,-0.0166,-0.9550,1.1200,-0.5600,0.2100
2026-07-03,14:28:00,4225690,0.0034,-0.0210,-0.9540,1.2600,-0.6300,0.0700
2026-07-03,14:28:00,4225790,0.0029,-0.0181,
-0.9555,1.1900,-0.6300,0.2100
2026-07-03,14:28:00,4225890,0.0034,-0.0195,-0.9545,1.1900,-0.6300,0.2100
2026-07-03,14:28:00,4225990,0.0029,-0.0200,-0.9570,1.2600,-0.4900,0.1400
2026-07-03,14:28:00,4226090,0.0024,-0.0195,-0.9560,1.1900,-0.5600
,0.1400
2026-07-03,14:28:00,4226190,0.0029,-0.0195,-0.9565,1.2600,-0.5600,0.1400
2026-07-03,14:28:00,4226290,0.0044,-0.0190,-0.9536,1.2600,-0.6300,0.1400
2026-07-03,14:28:00,4226390,0.0044,-0.0190,-0.9570,1.1200,-0.7000,0.1400
2026-07-03,14
:28:01,4226490,0.0039,-0.0195,-0.9555,1.1900,-0.4900,0.2100
2026-07-03,14:28:01,4226590,0.0073,-0.0185,-0.9545,1.1900,-0.6300,0.2100
2026-07-03,14:28:01,4226690,0.0034,-0.0210,-0.9565,1.2600,-0.6300,0.1400
2026-07-03,14:28:01,4226790,0.0039,
-0.0171,-0.9570,1.1900,-0.5600,0.0700
2026-07-03,14:28:01,4226890,0.0034,-0.0220,-0.9579,1.1900,-0.7000,0.1400
2026-07-03,14:28:01,4226990,0.0039,-0.0176,-0.9545,1.1900,-0.7000,0.1400
2026-07-03,14:28:01,4227090,0.0039,-0.0181,-0.9565,1.1900
,-0.5600,0.1400
2026-07-03,14:28:01,4227190,0.0039,-0.0190,-0.9526,1.2600,-0.4900,0.2100
2026-07-03,14:28:01,4227290,0.0029,-0.0176,-0.9584,1.1900,-0.4900,0.1400
2026-07-03,14:28:01,4227390,0.0054,-0.0244,-0.9584,1.1900,-0.6300,0.0700
2026-
07-03,14:28:02,4227490,-0.0010,-0.0181,-0.9501,1.1200,-0.4200,0.1400
2026-07-03,14:28:02,4227596,0.0010,-0.0215,-0.9584,1.3300,-0.5600,0.2100
2026-07-03,14:28:02,4227690,0.0010,-0.0215,-0.9550,1.1900,-0.4200,0.1400
2026-07-03,14:28:02,422779
0,0.0010,-0.0224,-0.9550,1.1900,-0.5600,0.2100
2026-07-03,14:28:02,4227890,-0.0015,-0.0224,-0.9550,1.2600,-0.6300,0.2100
2026-07-03,14:28:02,4227990,-0.0005,-0.0195,-0.9536,1.1900,-0.5600,0.0700
2026-07-03,14:28:02,4228090,0.0083,-0.0205,-0.
9565,1.1900,-0.6300,0.1400
2026-07-03,14:28:02,4228190,0.0049,-0.0161,-0.9555,1.2600,-0.7000,0.1400
2026-07-03,14:28:02,4228295,0.0073,-0.0195,-0.9565,1.2600,-0.6300,0.1400
2026-07-03,14:28:02,4228390,0.0063,-0.0176,-0.9540,1.1900,-0.5600,0.
2100
2026-07-03,14:28:03,4228490,0.0059,-0.0220,-0.9570,1.1900,-0.4900,0.1400
2026-07-03,14:28:03,4228590,0.0029,-0.0205,-0.9565,1.2600,-0.4900,0.2100
2026-07-03,14:28:03,4228690,0.0020,-0.0210,-0.9550,1.2600,-0.7000,0.1400
2026-07-03,14:28
:03,4228790,0.0029,-0.0166,-0.9540,1.1900,-0.5600,0.2100
2026-07-03,14:28:03,4228890,0.0068,-0.0166,-0.9545,1.2600,-0.4900,0.2100
2026-07-03,14:28:03,4228990,0.0185,-0.0073,-0.9575,1.2600,-0.6300,0.0700
2026-07-03,14:28:03,4229090,0.0146,-0.
0190,-0.9570,1.1900,-0.5600,0.0700
2026-07-03,14:28:03,4229190,0.0024,-0.0156,-0.9506,1.1200,-0.5600,0.2100
2026-07-03,14:28:03,4229290,0.0039,-0.0161,-0.9540,1.4000,-0.5600,0.2100
2026-07-03,14:28:03,4229390,0.0068,-0.0210,-0.9555,1.3300,-0
.4900,0.1400
2026-07-03,14:28:04,4229490,0.0073,-0.0171,-0.9545,1.2600,-0.5600,0.0700
2026-07-03,14:28:04,4229590,0.0034,-0.0161,-0.9579,1.2600,-0.6300,0.1400
2026-07-03,14:28:04,4229690,0.0029,-0.0210,-0.9540,1.2600,-0.6300,0.2800
2026-07-
03,14:28:04,4229790,0.0063,-0.0181,-0.9550,1.1900,-0.6300,0.2100
2026-07-03,14:28:04,4229890,0.0054,-0.0190,-0.9589,1.2600,-0.5600,0.1400
2026-07-03,14:28:04,4229990,0.0049,-0.0190,-0.9531,1.2600,-0.4900,0.1400
2026-07-03,14:28:04,4230094,0.
0044,-0.0205,-0.9584,1.2600,-0.5600,0.2100
2026-07-03,14:28:04,4230190,0.0059,-0.0190,-0.9531,1.1200,-0.4900,0.0700
2026-07-03,14:28:04,4230290,0.0044,-0.0190,-0.9560,1.2600,-0.6300,0.1400
2026-07-03,14:28:04,4230390,0.0034,-0.0190,-0.9555,1
.1900,-0.4900,0.2100
2026-07-03,14:28:05,4230490,0.0034,-0.0210,-0.9540,1.1900,-0.6300,0.0700
2026-07-03,14:28:05,4230590,0.0034,-0.0200,-0.9570,1.2600,-0.5600,0.1400
2026-07-03,14:28:05,4230690,0.0044,-0.0190,-0.9555,1.1900,-0.4900,0.2100
2026-07-03,14:28:05,4230790,0.0024,-0.0210,-0.9555,1.1900,-0.5600,0.1400
2026-07-03,14:28:05,4230890,0.0020,-0.0205,-0.9560,1.1900,-0.5600,0.2100
2026-07-03,14:28:05,4230990,0.0044,-0.0195,-0.9579,1.1900,-0.4900,0.1400
2026-07-03,14:28:05,42
31090,0.0039,-0.0181,-0.9560,1.1900,-0.4900,0.2100
2026-07-03,14:28:05,4231190,0.0059,-0.0210,-0.9575,1.1200,-0.5600,0.2800
2026-07-03,14:28:05,4231290,0.0044,-0.0185,-0.9565,1.1900,-0.5600,0.1400
2026-07-03,14:28:05,4231390,0.0039,-0.0185,-
0.9565,1.2600,-0.4200,0.2100
2026-07-03,14:28:06,4231490,0.0020,-0.0181,-0.9565,1.1900,-0.5600,0.2100
2026-07-03,14:28:06,4231590,0.0039,-0.0200,-0.9555,1.3300,-0.5600,0.2100
2026-07-03,14:28:06,4231690,0.0063,-0.0195,-0.9531,1.1900,-0.5600,
0.1400
2026-07-03,14:28:06,4231790,0.0029,-0.0185,-0.9565,1.2600,-0.4900,0.1400
2026-07-03,14:28:06,4231890,0.0029,-0.0200,-0.9550,1.1900,-0.4200,0.1400
2026-07-03,14:28:06,4231990,0.0049,-0.0215,-0.9545,1.2600,-0.5600,0.0700
2026-07-03,14:
28:06,4232090,0.0015,-0.0156,-0.9521,1.2600,-0.5600,0.1400
2026-07-03,14:28:06,4232190,-0.0044,-0.0102,-0.9482,1.3300,-0.5600,0.1400
2026-07-03,14:28:06,4232290,-0.0029,-0.0298,-0.9555,1.1900,-0.7000,0.2800
2026-07-03,14:28:06,4232390,-0.003
4,-0.0151,-0.9496,1.2600,-0.6300,0.1400
2026-07-03,14:28:07,4232490,0.0024,-0.0244,-0.9604,1.1900,-0.7000,0.0700
2026-07-03,14:28:07,4232590,0.0034,-0.0205,-0.9536,1.1900,-0.5600,0.2100
2026-07-03,14:28:07,4232690,0.0034,-0.0195,-0.9536,1.19
00,-0.4900,0.2100
2026-07-03,14:28:07,4232790,0.0034,-0.0205,-0.9570,1.1900,-0.5600,0.2100
2026-07-03,14:28:07,4232890,0.0068,-0.0166,-0.9540,1.1900,-0.5600,0.1400
2026-07-03,14:28:07,4232990,0.0044,-0.0210,-0.9570,1.1900,-0.5600,0.1400
202
6-07-03,14:28:07,4233090,0.0049,-0.0181,-0.9565,1.1200,-0.5600,0.1400
2026-07-03,14:28:07,4233190,0.0059,-0.0176,-0.9565,1.1900,-0.5600,0.2100
2026-07-03,14:28:07,4233290,0.0054,-0.0185,-0.9570,1.1900,-0.5600,0.1400
2026-07-03,14:28:07,42333
90,0.0029,-0.0181,-0.9555,1.2600,-0.4900,0.1400
2026-07-03,14:28:08,4233490,0.0029,-0.0166,-0.9555,1.3300,-0.3500,0.2100
2026-07-03,14:28:08,4233590,0.0039,-0.0205,-0.9565,1.1900,-0.4900,0.1400
2026-07-03,14:28:08,4233690,0.0020,-0.0185,-0.9
536,1.2600,-0.5600,0.1400
2026-07-03,14:28:08,4233790,-0.0059,-0.0195,-0.9467,1.3300,-0.6300,0.1400
2026-07-03,14:28:08,4233890,0.0044,-0.0190,-0.9594,1.2600,-0.5600,0.2100
2026-07-03,14:28:08,4233990,0.0063,-0.0195,-0.9579,1.1900,-0.4900,0.
1400
2026-07-03,14:28:08,4234090,0.0024,-0.0195,-0.9599,1.1900,-0.4900,0.1400
2026-07-03,14:28:08,4234190,0.0034,-0.0205,-0.9521,1.1900,-0.6300,0.2100
2026-07-03,14:28:08,4234290,0.0039,-0.0190,-0.9540,1.1900,-0.4900,0.2100
2026-07-03,14:28
:08,4234390,0.0039,-0.0215,-0.9550,1.1900,-0.5600,0.2100
2026-07-03,14:28:09,4234490,0.0000,-0.0195,-0.9540,1.2600,-0.4900,0.1400
2026-07-03,14:28:09,4234590,0.0024,-0.0224,-0.9560,1.1200,-0.5600,0.1400
2026-07-03,14:28:09,4234690,0.0039,-0.
0195,-0.9540,1.2600,-0.5600,0.1400
2026-07-03,14:28:09,4234790,0.0044,-0.0229,-0.9536,1.2600,-0.5600,0.1400
2026-07-03,14:28:09,4234890,0.0063,-0.0166,-0.9536,1.1900,-0.4200,0.0700
2026-07-03,14:28:09,4234990,0.0063,-0.0176,-0.9589,1.2600,-0
.5600,0.1400
2026-07-03,14:28:09,4235094,0.0054,-0.0190,-0.9531,1.1900,-0.7000,0.1400
2026-07-03,14:28:09,4235196,0.0063,-0.0215,-0.9555,1.2600,-0.6300,0.2100
2026-07-03,14:28:09,4235290,0.0039,-0.0181,-0.9550,1.2600,-0.6300,0.1400
2026-07-
03,14:28:09,4235390,0.0024,-0.0210,-0.9521,1.2600,-0.7000,0.2100
2026-07-03,14:28:10,4235490,0.0073,-0.0220,-0.9555,1.2600,-0.4900,0.1400
2026-07-03,14:28:10,4235590,0.0063,-0.0185,-0.9560,1.1900,-0.5600,0.1400
2026-07-03,14:28:10,4235690,0.
0059,-0.0200,-0.9545,1.2600,-0.4900,0.1400
2026-07-03,14:28:10,4235790,0.0034,-0.0181,-0.9550,1.2600,-0.5600,0.2100
2026-07-03,14:28:10,4235896,0.0044,-0.0190,-0.9536,1.1900,-0.4200,0.2100
2026-07-03,14:28:10,4235990,0.0054,-0.0195,-0.9560,1
.1900,-0.5600,0.1400
2026-07-03,14:28:10,4236090,0.0029,-0.0200,-0.9550,1.2600,-0.4200,0.1400
2026-07-03,14:28:10,4236190,0.0049,-0.0220,-0.9565,1.1900,-0.5600,0.1400
2026-07-03,14:28:10,4236290,0.0044,-0.0185,-0.9555,1.3300,-0.5600,0.2100
2026-07-03,14:28:10,4236390,0.0039,-0.0181,-0.9570,1.1900,-0.6300,0.1400
2026-07-03,14:28:11,4236490,0.0044,-0.0190,-0.9443,1.1900,-0.4900,0.1400
2026-07-03,14:28:11,4236596,0.0039,-0.0205,-0.9594,1.1900,-0.5600,0.1400
2026-07-03,14:28:11,42
36690,0.0068,-0.0259,-0.9170,1.5400,0.0000,0.2100
2026-07-03,14:28:11,4236790,0.0005,-0.0093,-0.9736,1.0500,-0.4900,0.2100
2026-07-03,14:28:11,4236890,0.0078,-0.0210,-0.9594,1.4700,-0.4900,0.0700
2026-07-03,14:28:11,4236990,0.0112,-0.0293,-0
.9550,1.1200,-0.4200,0.0700
2026-07-03,14:28:11,4237090,-0.0024,-0.0098,-0.9579,1.2600,-0.5600,0.2100
2026-07-03,14:28:11,4237190,0.0059,-0.0239,-0.9550,1.1900,-0.4900,0.2100
2026-07-03,14:28:11,4237290,0.0073,-0.0210,-0.9531,1.1900,-0.4200,
0.2100
2026-07-03,14:28:11,4237390,0.0029,-0.0181,-0.9579,1.1900,-0.4900,0.1400
2026-07-03,14:28:12,4237490,0.0024,-0.0176,-0.9570,1.2600,-0.4900,0.2100
2026-07-03,14:28:12,4237590,0.0034,-0.0190,-0.9550,1.4000,-0.4900,0.2100
2026-07-03,14:
28:12,4237690,0.0034,-0.0200,-0.9536,1.2600,-0.4900,0.1400
2026-07-03,14:28:12,4237790,0.0024,-0.0181,-0.9560,1.4000,-0.6300,0.2800
2026-07-03,14:28:12,4237890,0.0039,-0.0190,-0.9570,1.2600,-0.5600,0.1400
2026-07-03,14:28:12,4237990,0.0034,-
0.0190,-0.9531,1.1900,-0.4900,0.0700
2026-07-03,14:28:12,4238090,0.0024,-0.0210,-0.9579,1.1200,-0.4900,0.2100
2026-07-03,14:28:12,4238190,0.0020,-0.0195,-0.9555,1.1900,-0.5600,0.1400
2026-07-03,14:28:12,4238290,0.0054,-0.0195,-0.9536,1.2600,
-0.4900,0.2100
2026-07-03,14:28:12,4238390,0.0044,-0.0215,-0.9570,1.1900,-0.5600,0.2100
2026-07-03,14:28:13,4238490,0.0024,-0.0176,-0.9555,1.1900,-0.6300,0.1400
2026-07-03,14:28:13,4238590,0.0044,-0.0224,-0.9540,1.1900,-0.6300,0.2100
2026-0
7-03,14:28:13,4238690,0.0039,-0.0224,-0.9536,1.1900,-0.4900,0.1400
2026-07-03,14:28:13,4238790,0.0024,-0.0171,-0.9540,1.2600,-0.4200,0.1400
2026-07-03,14:28:13,4238890,0.0068,-0.0210,-0.9579,1.1900,-0.6300,0.1400
2026-07-03,14:28:13,4238990,
0.0049,-0.0156,-0.9526,1.1900,-0.7000,0.0700
2026-07-03,14:28:13,4239090,0.0049,-0.0215,-0.9575,1.1900,-0.5600,0.0700
2026-07-03,14:28:13,4239190,0.0049,-0.0195,-0.9545,1.1900,-0.5600,0.2100
2026-07-03,14:28:13,4239290,0.0054,-0.0195,-0.9584
,1.2600,-0.6300,0.1400
2026-07-03,14:28:13,4239390,0.0029,-0.0210,-0.9565,1.1200,-0.6300,0.2100
2026-07-03,14:28:14,4239490,0.0000,-0.0200,-0.9545,1.3300,-0.5600,0.2800
2026-07-03,14:28:14,4239590,0.0054,-0.0283,-0.9589,1.2600,-0.3500,0.2100
2026-07-03,14:28:14,4239690,-0.0039,-0.0073,-0.9565,1.0500,-0.6300,0.1400
2026-07-03,14:28:14,4239790,0.0039,-0.0142,-0.9618,1.4700,-0.4200,0.1400
2026-07-03,14:28:14,4239890,0.0078,-0.0259,-0.9536,1.1900,-0.6300,0.0700
2026-07-03,14:28:14
,4239990,0.0020,-0.0171,-0.9565,1.1900,-0.4900,0.1400
2026-07-03,14:28:14,4240094,0.0024,-0.0166,-0.9570,1.1900,-0.4900,0.1400
2026-07-03,14:28:14,4240190,0.0063,-0.0205,-0.9545,1.1900,-0.4900,0.2100
2026-07-03,14:28:14,4240290,0.0044,-0.019
0,-0.9575,1.2600,-0.5600,0.1400
2026-07-03,14:28:14,4240390,0.0063,-0.0185,-0.9565,1.1900,-0.7000,0.2100
2026-07-03,14:28:15,4240490,0.0044,-0.0205,-0.9545,1.2600,-0.6300,0.0700
2026-07-03,14:28:15,4240590,0.0039,-0.0190,-0.9550,1.2600,-0.70
00,0.1400
2026-07-03,14:28:15,4240690,0.0024,-0.0190,-0.9550,1.2600,-0.4200,0.2800
2026-07-03,14:28:15,4240790,0.0029,-0.0210,-0.9531,1.2600,-0.4900,0.1400
2026-07-03,14:28:15,4240890,0.0039,-0.0205,-0.9575,1.1900,-0.4900,0.0700
2026-07-03,
14:28:15,4240990,0.0024,-0.0215,-0.9545,1.1200,-0.5600,0.1400
2026-07-03,14:28:15,4241090,0.0044,-0.0190,-0.9575,1.2600,-0.6300,0.2100
2026-07-03,14:28:15,4241190,0.0020,-0.0205,-0.9570,1.2600,-0.7000,0.0700
2026-07-03,14:28:15,4241290,0.002
4,-0.0224,-0.9526,1.3300,-0.4200,0.1400
2026-07-03,14:28:15,4241390,0.0010,-0.0176,-0.9555,1.1900,-0.5600,0.1400
2026-07-03,14:28:16,4241490,0.0029,-0.0205,-0.9540,1.2600,-0.7000,0.1400
2026-07-03,14:28:16,4241590,0.0024,-0.0210,-0.9555,1.26
00,-0.5600,0.2100
2026-07-03,14:28:16,4241690,0.0029,-0.0215,-0.9565,1.1900,-0.4900,0.1400
2026-07-03,14:28:16,4241790,0.0034,-0.0195,-0.9560,1.1900,-0.4900,0.1400
2026-07-03,14:28:16,4241890,0.0029,-0.0210,-0.9565,1.2600,-0.6300,0.1400
202
6-07-03,14:28:16,4241990,0.0063,-0.0200,-0.9555,1.2600,-0.6300,0.2100
2026-07-03,14:28:16,4242090,0.0059,-0.0195,-0.9565,1.2600,-0.5600,0.1400
2026-07-03,14:28:16,4242190,0.0049,-0.0200,-0.9560,1.1900,-0.6300,0.1400
2026-07-03,14:28:16,42422
90,0.0039,-0.0195,-0.9555,1.1900,-0.6300,0.1400
2026-07-03,14:28:16,4242390,0.0005,-0.0185,-0.9570,1.1900,-0.4900,0.2100
2026-07-03,14:28:17,4242490,0.0029,-0.0190,-0.9565,1.2600,-0.5600,0.1400
2026-07-03,14:28:17,4242590,0.0054,-0.0205,-0.9
555,1.2600,-0.4900,0.1400
2026-07-03,14:28:17,4242690,0.0044,-0.0195,-0.9555,1.1900,-0.6300,0.1400
2026-07-03,14:28:17,4242790,0.0039,-0.0176,-0.9545,1.2600,-0.6300,0.1400
2026-07-03,14:28:17,4242890,0.0039,-0.0127,-0.9540,1.2600,-0.4200,0.2
100
2026-07-03,14:28:17,4242990,0.0073,-0.0210,-0.9560,1.1900,-0.7000,0.1400
2026-07-03,14:28:17,4243090,0.0068,-0.0185,-0.9516,1.2600,-0.6300,0.1400
2026-07-03,14:28:17,4243190,0.0034,-0.0200,-0.9579,1.2600,-0.6300,0.0700
2026-07-03,14:28:
17,4243290,0.0020,-0.0171,-0.9560,1.1900,-0.5600,0.0700
2026-07-03,14:28:17,4243390,0.0029,-0.0205,-0.9550,1.1900,-0.3500,0.2100
2026-07-03,14:28:18,4243495,0.0044,-0.0224,-0.9536,1.1900,-0.4200,0.2100
2026-07-03,14:28:18,4243590,-0.0029,-0.
0195,-0.9496,1.1900,-0.4900,0.2100
2026-07-03,14:28:18,4243690,0.0039,-0.0200,-0.9516,1.1200,-0.5600,0.1400
2026-07-03,14:28:18,4243790,0.0000,-0.0190,-0.9570,1.1900,-0.4900,0.1400
2026-07-03,14:28:18,4243890,0.0044,-0.0176,-0.9609,1.4000,-0
.5600,0.2100
2026-07-03,14:28:18,4243990,0.0073,-0.0190,-0.9521,1.1900,-0.4900,0.2100
2026-07-03,14:28:18,4244090,0.0088,-0.0190,-0.9511,1.2600,-0.4900,0.1400
2026-07-03,14:28:18,4244196,0.0073,-0.0176,-0.9565,1.1900,-0.6300,0.2100
2026-07-
03,14:28:18,4244290,0.0044,-0.0156,-0.9531,1.2600,-0.6300,0.2100
2026-07-03,14:28:18,4244390,0.0073,-0.0195,-0.9555,1.2600,-0.4900,0.2100
2026-07-03,14:28:19,4244490,0.0044,-0.0166,-0.9516,1.3300,-0.6300,0.1400
2026-07-03,14:28:19,4244590,0.
0039,-0.0185,-0.9531,1.1900,-0.5600,0.2100
2026-07-03,14:28:19,4244690,0.0020,-0.0205,-0.9589,1.1900,-0.4900,0.1400
2026-07-03,14:28:19,4244790,0.0039,-0.0205,-0.9570,1.3300,-0.6300,0.1400
2026-07-03,14:28:19,4244895,0.0039,-0.0166,-0.9526,1
.1900,-0.5600,0.0700
2026-07-03,14:28:19,4244990,0.0029,-0.0181,-0.9589,1.3300,-0.4900,0.2100
2026-07-03,14:28:19,4245094,0.0044,-0.0205,-0.9487,1.1900,-0.4200,0.2100
2026-07-03,14:28:19,4245190,0.0024,-0.0215,-0.9584,1.2600,-0.5600,0.2100
2026-07-03,14:28:19,4245290,0.0020,-0.0210,-0.9682,1.4000,-0.6300,0.2100
2026-07-03,14:28:19,4245390,0.0010,-0.0229,-0.9472,1.0500,-0.4900,0.1400
2026-07-03,14:28:20,4245490,0.0024,-0.0244,-0.9467,1.1200,-0.3500,0.1400
2026-07-03,14:28:20,42
45590,0.0034,-0.0210,-0.9540,1.1900,-0.4200,0.2100
2026-07-03,14:28:20,4245690,0.0024,-0.0156,-0.9653,1.1900,-0.6300,0.1400
2026-07-03,14:28:20,4245790,0.0054,-0.0205,-0.9531,1.2600,-0.4900,0.2800
2026-07-03,14:28:20,4245890,0.0039,-0.0205,-
0.9555,1.1900,-0.4900,0.1400
2026-07-03,14:28:20,4245990,0.0024,-0.0185,-0.9579,1.2600,-0.5600,0.1400
2026-07-03,14:28:20,4246090,0.0049,-0.0181,-0.9555,1.2600,-0.7000,0.2100
2026-07-03,14:28:20,4246190,0.0073,-0.0210,-0.9526,1.2600,-0.4200,
0.1400
2026-07-03,14:28:20,4246290,0.0024,-0.0459,-0.9316,0.7700,-0.9800,0.2800
2026-07-03,14:28:20,4246390,-0.0015,-0.0083,-0.9448,1.2600,-0.1400,0.2100
2026-07-03,14:28:21,4246490,0.0054,-0.0171,-0.9667,1.3300,-0.4900,0.2800
2026-07-03,14
:28:21,4246590,0.0117,-0.0171,-0.9526,1.2600,-0.7000,0.2100
2026-07-03,14:28:21,4246690,0.0122,-0.0210,-0.9555,1.1200,-0.4200,0.0700
2026-07-03,14:28:21,4246790,0.0029,-0.0161,-0.9560,1.2600,-0.6300,0.2100
2026-07-03,14:28:21,4246890,0.0034,
-0.0195,-0.9536,1.1900,-0.7000,0.2100
2026-07-03,14:28:21,4246990,0.0068,-0.0234,-0.9565,1.2600,-0.4900,0.2100
2026-07-03,14:28:21,4247090,0.0054,-0.0181,-0.9575,1.2600,-0.4900,0.1400
2026-07-03,14:28:21,4247190,0.0059,-0.0215,-0.9575,1.1900
,-0.4900,0.2100
2026-07-03,14:28:21,4247290,0.0049,-0.0190,-0.9560,1.2600,-0.5600,0.1400
2026-07-03,14:28:21,4247390,0.0049,-0.0205,-0.9565,1.1900,-0.7000,0.0700
2026-07-03,14:28:22,4247490,0.0059,-0.0185,-0.9565,1.2600,-0.4900,0.1400
2026-
07-03,14:28:22,4247590,0.0034,-0.0195,-0.9565,1.2600,-0.6300,0.2100
2026-07-03,14:28:22,4247690,0.0063,-0.0205,-0.9555,1.1900,-0.7700,0.1400
2026-07-03,14:28:22,4247790,0.0054,-0.0195,-0.9570,1.3300,-0.7000,0.2100
2026-07-03,14:28:22,4247890
,0.0049,-0.0195,-0.9565,1.2600,-0.4900,0.2100
2026-07-03,14:28:22,4247990,0.0034,-0.0176,-0.9565,1.2600,-0.4200,0.2100
2026-07-03,14:28:22,4248090,0.0068,-0.0200,-0.9575,1.2600,-0.4200,0.1400
2026-07-03,14:28:22,4248190,0.0020,-0.0200,-0.954
5,1.1900,-0.4900,0.1400
2026-07-03,14:28:22,4248290,0.0049,-0.0190,-0.9550,1.1900,-0.4900,0.1400
2026-07-03,14:28:22,4248390,0.0054,-0.0195,-0.9570,1.1900,-0.5600,0.2100
2026-07-03,14:28:23,4248490,0.0063,-0.0190,-0.9545,1.2600,-0.5600,0.140
0
2026-07-03,14:28:23,4248590,0.0063,-0.0195,-0.9575,1.1900,-0.5600,0.2100
2026-07-03,14:28:23,4248690,0.0059,-0.0210,-0.9545,1.1900,-0.5600,0.2100
2026-07-03,14:28:23,4248790,0.0054,-0.0200,-0.9570,1.2600,-0.6300,0.0700
2026-07-03,14:28:23
,4248890,0.0029,-0.0205,-0.9555,1.2600,-0.6300,0.1400
2026-07-03,14:28:23,4248990,0.0044,-0.0171,-0.9560,1.2600,-0.4200,0.2100
2026-07-03,14:28:23,4249090,0.0044,-0.0195,-0.9584,1.1900,-0.6300,0.1400
2026-07-03,14:28:23,4249190,0.0039,-0.019
5,-0.9550,1.1900,-0.5600,0.2100
2026-07-03,14:28:23,4249290,0.0034,-0.0181,-0.9555,1.2600,-0.4900,0.2100
2026-07-03,14:28:23,4249390,0.0044,-0.0195,-0.9565,1.1900,-0.5600,0.1400
2026-07-03,14:28:24,4249490,0.0039,-0.0190,-0.9575,1.2600,-0.42
00,0.2800
2026-07-03,14:28:24,4249590,0.0039,-0.0200,-0.9560,1.2600,-0.5600,0.0700
2026-07-03,14:28:24,4249690,0.0029,-0.0200,-0.9545,1.2600,-0.6300,0.2100
2026-07-03,14:28:24,4249790,0.0039,-0.0176,-0.9555,1.2600,-0.6300,0.0700
2026-07-03,
14:28:24,4249890,0.0049,-0.0171,-0.9545,1.1900,-0.6300,0.2100
2026-07-03,14:28:24,4249990,0.0049,-0.0190,-0.9540,1.2600,-0.6300,0.2100
2026-07-03,14:28:24,4250095,0.0049,-0.0195,-0.9536,1.1900,-0.5600,0.1400
2026-07-03,14:28:24,4250190,0.005
4,-0.0210,-0.9565,1.1200,-0.4900,0.1400
2026-07-03,14:28:24,4250290,0.0054,-0.0166,-0.9565,1.2600,-0.5600,0.2800
2026-07-03,14:28:24,4250390,-0.0005,-0.0142,-0.9496,1.1200,-0.3500,0.2100
2026-07-03,14:28:25,4250490,0.0073,-0.0234,-0.9726,1.2
600,-0.5600,0.1400
2026-07-03,14:28:25,4250590,0.0049,-0.0200,-0.9536,1.2600,-0.5600,0.1400
2026-07-03,14:28:25,4250690,0.0020,-0.0205,-0.9560,1.1900,-0.4200,0.0700
2026-07-03,14:28:25,4250790,0.0010,-0.0190,-0.9570,1.2600,-0.4200,0.2800
20
26-07-03,14:28:25,4250890,0.0020,-0.0181,-0.9540,1.1200,-0.4900,0.2100
2026-07-03,14:28:25,4250990,0.0044,-0.0200,-0.9545,1.2600,-0.4900,0.1400
2026-07-03,14:28:25,4251090,0.0049,-0.0215,-0.9575,1.2600,-0.6300,0.2800
2026-07-03,14:28:25,4251
190,0.0029,-0.0190,-0.9545,1.2600,-0.5600,0.1400
2026-07-03,14:28:25,4251290,0.0059,-0.0176,-0.9575,1.3300,-0.5600,0.1400
2026-07-03,14:28:25,4251390,0.0024,-0.0215,-0.9540,1.1900,-0.4900,0.0700
2026-07-03,14:28:26,4251490,0.0024,-0.0205,-0.
9560,1.2600,-0.6300,0.1400
2026-07-03,14:28:26,4251590,0.0044,-0.0205,-0.9555,1.1200,-0.4900,0.2100
2026-07-03,14:28:26,4251690,0.0059,-0.0190,-0.9579,1.1900,-0.5600,0.0700
2026-07-03,14:28:26,4251795,0.0020,-0.0171,-0.9565,1.1900,-0.6300,0.
0700
2026-07-03,14:28:26,4251890,0.0044,-0.0200,-0.9570,1.1900,-0.4900,0.2100
2026-07-03,14:28:26,4251990,0.0034,-0.0195,-0.9565,1.2600,-0.4900,0.1400
2026-07-03,14:28:26,4252090,0.0034,-0.0195,-0.9536,1.2600,-0.5600,0.0700
2026-07-03,14:28
:26,4252190,0.0054,-0.0181,-0.9545,1.2600,-0.4900,0.0700
2026-07-03,14:28:26,4252290,0.0024,-0.0190,-0.9560,1.2600,-0.6300,0.1400
2026-07-03,14:28:26,4252390,0.0049,-0.0205,-0.9555,1.3300,-0.4200,0.2800
2026-07-03,14:28:27,4252496,0.0029,-0.
0200,-0.9565,1.2600,-0.2800,0.2800
2026-07-03,14:28:27,4252590,0.0044,-0.0190,-0.9570,1.2600,-0.6300,0.2100
2026-07-03,14:28:27,4252690,0.0029,-0.0181,-0.9570,1.2600,-0.5600,0.1400
2026-07-03,14:28:27,4252790,0.0034,-0.0195,-0.9536,1.1900,-0
.6300,0.0700
2026-07-03,14:28:27,4252890,0.0034,-0.0205,-0.9560,1.1900,-0.6300,0.1400
2026-07-03,14:28:27,4252990,0.0024,-0.0190,-0.9555,1.2600,-0.5600,0.1400
2026-07-03,14:28:27,4253090,0.0039,-0.0210,-0.9550,1.1200,-0.5600,0.0700
2026-07-
03,14:28:27,4253196,0.0029,-0.0195,-0.9550,1.2600,-0.4900,0.2100
2026-07-03,14:28:27,4253290,0.0054,-0.0215,-0.9565,1.1900,-0.6300,0.2100
2026-07-03,14:28:27,4253390,0.0044,-0.0181,-0.9555,1.1900,-0.5600,0.2100
2026-07-03,14:28:28,4253490,0.
0034,-0.0190,-0.9565,1.2600,-0.4900,0.0700
2026-07-03,14:28:28,4253590,0.0034,-0.0185,-0.9560,1.2600,-0.5600,0.2100
2026-07-03,14:28:28,4253690,0.0039,-0.0200,-0.9560,1.1900,-0.5600,0.2100
2026-07-03,14:28:28,4253790,0.0059,-0.0190,-0.9545,1
.2600,-0.4900,0.1400
2026-07-03,14:28:28,4253890,0.0034,-0.0195,-0.9550,1.2600,-0.5600,0.2100
2026-07-03,14:28:28,4253990,0.0054,-0.0176,-0.9540,1.2600,-0.5600,0.1400
2026-07-03,14:28:28,4254090,0.0049,-0.0171,-0.9550,1.1900,-0.4900,0.2100
2026-07-03,14:28:28,4254190,0.0068,-0.0195,-0.9575,1.1900,-0.6300,0.2100
2026-07-03,14:28:28,4254290,0.0029,-0.0185,-0.9550,1.2600,-0.4900,0.1400
2026-07-03,14:28:28,4254390,0.0034,-0.0181,-0.9570,1.2600,-0.7000,0.0700
2026-07-03,14:28:29,42
54490,0.0068,-0.0185,-0.9555,1.1900,-0.7000,0.0000
2026-07-03,14:28:29,4254590,0.0044,-0.0190,-0.9555,1.2600,-0.4200,0.2800
2026-07-03,14:28:29,4254690,0.0024,-0.0210,-0.9565,1.2600,-0.5600,0.1400
2026-07-03,14:28:29,4254790,0.0029,-0.0200,-
0.9570,1.2600,-0.5600,0.1400
2026-07-03,14:28:29,4254890,0.0059,-0.0205,-0.9565,1.1900,-0.4900,0.1400
2026-07-03,14:28:29,4254990,0.0049,-0.0200,-0.9560,1.1900,-0.5600,0.1400
2026-07-03,14:28:29,4255094,0.0039,-0.0210,-0.9565,1.2600,-0.4900,
0.1400
2026-07-03,14:28:29,4255190,0.0034,-0.0215,-0.9575,1.2600,-0.6300,0.2100
2026-07-03,14:28:29,4255290,0.0049,-0.0185,-0.9550,1.1900,-0.4900,0.1400
2026-07-03,14:28:29,4255390,0.0059,-0.0215,-0.9575,1.1900,-0.6300,0.1400
2026-07-03,14:
28:30,4255490,0.0044,-0.0185,-0.9545,1.2600,-0.4900,0.1400
2026-07-03,14:28:30,4255590,0.0029,-0.0205,-0.9550,1.2600,-0.5600,0.2100
2026-07-03,14:28:30,4255690,0.0049,-0.0185,-0.9575,1.2600,-0.4200,0.1400
2026-07-03,14:28:30,4255790,0.0068,-
0.0234,-0.9560,1.1900,-0.7000,0.1400
2026-07-03,14:28:30,4255890,0.0020,-0.0181,-0.9565,1.1900,-0.4900,0.2100
2026-07-03,14:28:30,4255990,0.0024,-0.0181,-0.9565,1.2600,-0.5600,0.1400
2026-07-03,14:28:30,4256090,0.0049,-0.0185,-0.9570,1.2600,
-0.5600,0.2100
2026-07-03,14:28:30,4256190,0.0063,-0.0190,-0.9550,1.1900,-0.7000,0.1400
2026-07-03,14:28:30,4256290,0.0044,-0.0215,-0.9560,1.2600,-0.6300,0.1400
2026-07-03,14:28:30,4256390,0.0039,-0.0200,-0.9545,1.1900,-0.5600,0.2100
2026-0
7-03,14:28:31,4256490,0.0054,-0.0205,-0.9570,1.2600,-0.4900,0.1400
2026-07-03,14:28:31,4256590,0.0029,-0.0190,-0.9550,1.1900,-0.5600,0.2100
2026-07-03,14:28:31,4256690,0.0024,-0.0181,-0.9545,1.2600,-0.5600,0.2100
2026-07-03,14:28:31,4256790,
0.0039,-0.0205,-0.9540,1.2600,-0.5600,0.2100
2026-07-03,14:28:31,4256890,0.0029,-0.0224,-0.9579,1.1900,-0.5600,0.2100
2026-07-03,14:28:31,4256990,0.0039,-0.0190,-0.9560,1.3300,-0.4900,0.1400
2026-07-03,14:28:31,4257090,0.0024,-0.0190,-0.9560
,1.2600,-0.6300,0.1400
2026-07-03,14:28:31,4257190,0.0029,-0.0210,-0.9560,1.1900,-0.5600,0.2100
2026-07-03,14:28:31,4257290,0.0049,-0.0185,-0.9555,1.2600,-0.4200,0.1400
2026-07-03,14:28:31,4257390,0.0039,-0.0200,-0.9555,1.1200,-0.4900,0.1400
2026-07-03,14:28:32,4257490,0.0049,-0.0205,-0.9570,1.2600,-0.4900,0.1400
2026-07-03,14:28:32,4257590,0.0044,-0.0185,-0.9570,1.1900,-0.5600,0.2100
2026-07-03,14:28:32,4257690,0.0044,-0.0205,-0.9575,1.2600,-0.6300,0.1400
2026-07-03,14:28:32,
4257790,0.0039,-0.0176,-0.9545,1.2600,-0.4900,0.2100
2026-07-03,14:28:32,4257890,0.0034,-0.0195,-0.9565,1.2600,-0.6300,0.2100
2026-07-03,14:28:32,4257990,0.0029,-0.0205,-0.9526,1.2600,-0.5600,0.1400
2026-07-03,14:28:32,4258116,0.0054,-0.0181
,-0.9560,1.3300,-0.7000,0.2100
2026-07-03,14:28:32,4258215,0.0059,-0.0195,-0.9584,1.3300,-0.6300,0.1400
2026-07-03,14:28:32,4258315,0.0039,-0.0210,-0.9589,1.1900,-0.5600,0.2100
2026-07-03,14:28:33,4258415,0.0029,-0.0195,-0.9550,1.2600,-0.560
0,0.1400
2026-07-03,14:28:33,4258515,0.0029,-0.0200,-0.9565,1.2600,-0.5600,0.2100
2026-07-03,14:28:33,4258615,0.0029,-0.0181,-0.9565,1.3300,-0.4900,0.1400
2026-07-03,14:28:33,4258715,0.0029,-0.0210,-0.9550,1.2600,-0.5600,0.1400
2026-07-03,1
4:28:33,4258815,0.0024,-0.0215,-0.9550,1.1900,-0.6300,0.2100
2026-07-03,14:28:33,4258915,0.0044,-0.0181,-0.9540,1.2600,-0.6300,0.1400
2026-07-03,14:28:33,4259015,0.0034,-0.0200,-0.9570,1.2600,-0.4200,0.2100
2026-07-03,14:28:33,4259115,0.0044
,-0.0185,-0.9560,1.1900,-0.5600,0.1400
2026-07-03,14:28:33,4259215,0.0039,-0.0210,-0.9545,1.1900,-0.5600,0.2100
2026-07-03,14:28:33,4259315,0.0054,-0.0185,-0.9545,1.1900,-0.6300,0.2100
2026-07-03,14:28:34,4259415,0.0034,-0.0210,-0.9560,1.260
0,-0.6300,0.2100
2026-07-03,14:28:34,4259515,0.0034,-0.0171,-0.9545,1.1900,-0.5600,0.1400
2026-07-03,14:28:34,4259615,0.0039,-0.0200,-0.9560,1.1900,-0.5600,0.0700
2026-07-03,14:28:34,4259715,0.0024,-0.0171,-0.9550,1.2600,-0.5600,0.2100
2026
-07-03,14:28:34,4259815,0.0044,-0.0195,-0.9570,1.2600,-0.6300,0.1400
2026-07-03,14:28:34,4259915,0.0044,-0.0176,-0.9560,1.2600,-0.6300,0.1400
2026-07-03,14:28:34,4260015,0.0039,-0.0210,-0.9560,1.3300,-0.5600,0.1400
2026-07-03,14:28:34,426012
1,0.0039,-0.0200,-0.9570,1.2600,-0.4900,0.1400
2026-07-03,14:28:34,4260215,0.0044,-0.0200,-0.9555,1.1200,-0.5600,0.2100
2026-07-03,14:28:34,4260315,0.0049,-0.0220,-0.9560,1.1900,-0.5600,0.1400
2026-07-03,14:28:35,4260415,0.0054,-0.0200,-0.95
65,1.3300,-0.6300,0.1400
2026-07-03,14:28:35,4260515,0.0049,-0.0171,-0.9545,1.1900,-0.5600,0.1400
2026-07-03,14:28:35,4260615,0.0015,-0.0185,-0.9579,1.2600,-0.7000,0.1400
2026-07-03,14:28:35,4260715,0.0063,-0.0185,-0.9570,1.1900,-0.6300,0.21
00
2026-07-03,14:28:35,4260820,0.0029,-0.0190,-0.9575,1.1200,-0.6300,0.1400
2026-07-03,14:28:35,4260915,0.0020,-0.0176,-0.9531,1.2600,-0.4900,0.2100
2026-07-03,14:28:35,4261015,0.0044,-0.0215,-0.9570,1.2600,-0.6300,0.2100
2026-07-03,14:28:3
5,4261115,0.0049,-0.0181,-0.9579,1.2600,-0.4900,0.2100
2026-07-03,14:28:35,4261215,0.0039,-0.0190,-0.9565,1.2600,-0.6300,0.2100
2026-07-03,14:28:35,4261315,0.0034,-0.0200,-0.9550,1.2600,-0.5600,0.2100
2026-07-03,14:28:36,4261415,0.0029,-0.01
90,-0.9555,1.2600,-0.5600,0.2100
2026-07-03,14:28:36,4261520,0.0029,-0.0181,-0.9579,1.2600,-0.6300,0.2100
2026-07-03,14:28:36,4261615,0.0024,-0.0195,-0.9550,1.2600,-0.4900,0.2100
2026-07-03,14:28:36,4261715,0.0034,-0.0185,-0.9555,1.2600,-0.6
300,0.1400
2026-07-03,14:28:36,4261815,0.0024,-0.0210,-0.9565,1.1200,-0.5600,0.1400
2026-07-03,14:28:36,4261915,0.0049,-0.0195,-0.9570,1.2600,-0.6300,0.2100
2026-07-03,14:28:36,4262015,0.0049,-0.0195,-0.9565,1.1900,-0.5600,0.2100
2026-07-03
,14:28:36,4262115,0.0034,-0.0190,-0.9560,1.3300,-0.4900,0.2100
2026-07-03,14:28:36,4262215,0.0044,-0.0200,-0.9550,1.1900,-0.5600,0.2100
2026-07-03,14:28:36,4262315,0.0044,-0.0210,-0.9545,1.2600,-0.7000,0.2100
2026-07-03,14:28:37,4262415,0.00
44,-0.0190,-0.9545,1.3300,-0.4900,0.0000
2026-07-03,14:28:37,4262515,0.0049,-0.0200,-0.9584,1.2600,-0.5600,0.2100
2026-07-03,14:28:37,4262615,0.0049,-0.0205,-0.9555,1.2600,-0.4900,0.2100
2026-07-03,14:28:37,4262715,0.0049,-0.0200,-0.9575,1.1
900,-0.5600,0.2100
2026-07-03,14:28:37,4262815,0.0054,-0.0185,-0.9550,1.1900,-0.4900,0.2100
2026-07-03,14:28:37,4262915,0.0039,-0.0181,-0.9560,1.1900,-0.4900,0.2800
2026-07-03,14:28:37,4263015,0.0054,-0.0190,-0.9565,1.1200,-0.4900,0.2100
20
26-07-03,14:28:37,4263115,0.0054,-0.0200,-0.9570,1.1900,-0.5600,0.2100
2026-07-03,14:28:37,4263215,0.0078,-0.0176,-0.9560,1.1900,-0.5600,0.2100
2026-07-03,14:28:37,4263315,0.0054,-0.0200,-0.9555,1.1900,-0.4900,0.2100
2026-07-03,14:28:38,4263
415,0.0034,-0.0195,-0.9565,1.1900,-0.5600,0.2800
2026-07-03,14:28:38,4263515,0.0049,-0.0205,-0.9570,1.2600,-0.4900,0.2100
2026-07-03,14:28:38,4263615,0.0068,-0.0195,-0.9565,1.1900,-0.6300,0.2100
2026-07-03,14:28:38,4263715,0.0054,-0.0185,-0.
9575,1.1900,-0.5600,0.0700
2026-07-03,14:28:38,4263815,0.0029,-0.0195,-0.9531,1.2600,-0.4900,0.2100
2026-07-03,14:28:38,4263915,0.0044,-0.0210,-0.9560,1.3300,-0.4200,0.1400
2026-07-03,14:28:38,4264015,0.0049,-0.0205,-0.9565,1.2600,-0.5600,0.
1400
2026-07-03,14:28:38,4264115,0.0044,-0.0210,-0.9560,1.1900,-0.4900,0.2100
2026-07-03,14:28:38,4264215,0.0068,-0.0181,-0.9560,1.2600,-0.6300,0.1400
2026-07-03,14:28:38,4264315,0.0024,-0.0200,-0.9560,1.1900,-0.4900,0.2100
2026-07-03,14:28
:39,4264415,0.0063,-0.0185,-0.9560,1.2600,-0.5600,0.2100
2026-07-03,14:28:39,4264515,0.0054,-0.0210,-0.9565,1.1900,-0.6300,0.1400
2026-07-03,14:28:39,4264615,0.0015,-0.0200,-0.9560,1.2600,-0.6300,0.1400
2026-07-03,14:28:39,4264715,0.0059,-0.
0200,-0.9550,1.1900,-0.4900,0.2100
2026-07-03,14:28:39,4264815,0.0049,-0.0190,-0.9560,1.1900,-0.4900,0.1400
2026-07-03,14:28:39,4264915,0.0044,-0.0190,-0.9560,1.1900,-0.5600,0.1400
2026-07-03,14:28:39,4265015,0.0039,-0.0181,-0.9555,1.1900,-0
.6300,0.1400
2026-07-03,14:28:39,4265119,0.0044,-0.0195,-0.9555,1.2600,-0.6300,0.1400
2026-07-03,14:28:39,4265215,0.0034,-0.0200,-0.9565,1.1900,-0.7000,0.1400
2026-07-03,14:28:39,4265315,0.0039,-0.0215,-0.9545,1.2600,-0.4900,0.1400
2026-07-
03,14:28:40,4265415,0.0049,-0.0220,-0.9565,1.2600,-0.5600,0.2100
2026-07-03,14:28:40,4265515,0.0049,-0.0195,-0.9565,1.1900,-0.6300,0.2100
2026-07-03,14:28:40,4265615,0.0034,-0.0205,-0.9575,1.2600,-0.5600,0.1400
2026-07-03,14:28:40,4265715,0.
0029,-0.0200,-0.9560,1.1900,-0.6300,0.1400
2026-07-03,14:28:40,4265815,0.0054,-0.0195,-0.9565,1.2600,-0.6300,0.2100
2026-07-03,14:28:40,4265915,0.0034,-0.0195,-0.9560,1.2600,-0.5600,0.2100
2026-07-03,14:28:40,4266015,0.0010,-0.0205,-0.9579,1
.1900,-0.4900,0.2100
2026-07-03,14:28:40,4266115,0.0020,-0.0195,-0.9555,1.2600,-0.6300,0.1400
2026-07-03,14:28:40,4266215,0.0034,-0.0190,-0.9540,1.1900,-0.6300,0.2100
2026-07-03,14:28:40,4266315,0.0029,-0.0171,-0.9555,1.2600,-0.4900,0.1400
2026-07-03,14:28:41,4266415,0.0039,-0.0200,-0.9570,1.2600,-0.5600,0.1400
2026-07-03,14:28:41,4266515,0.0044,-0.0200,-0.9545,1.2600,-0.5600,0.2100
2026-07-03,14:28:41,4266615,0.0044,-0.0181,-0.9550,1.2600,-0.5600,0.1400
2026-07-03,14:28:41,42
66715,0.0029,-0.0195,-0.9560,1.2600,-0.6300,0.0700
2026-07-03,14:28:41,4266815,0.0044,-0.0205,-0.9550,1.1900,-0.5600,0.1400
2026-07-03,14:28:41,4266915,0.0054,-0.0190,-0.9555,1.3300,-0.4900,0.0700
2026-07-03,14:28:41,4267015,0.0015,-0.0176,-
0.9545,1.1900,-0.6300,0.1400
2026-07-03,14:28:41,4267115,0.0039,-0.0190,-0.9570,1.1900,-0.4900,0.1400
2026-07-03,14:28:41,4267215,0.0044,-0.0195,-0.9579,1.2600,-0.5600,0.2100
2026-07-03,14:28:41,4267315,0.0049,-0.0195,-0.9570,1.2600,-0.5600,
0.2100
2026-07-03,14:28:42,4267415,0.0063,-0.0205,-0.9536,1.2600,-0.6300,0.2100
2026-07-03,14:28:42,4267515,0.0034,-0.0195,-0.9550,1.2600,-0.4900,0.1400
2026-07-03,14:28:42,4267615,0.0073,-0.0200,-0.9550,1.1900,-0.7000,0.1400
2026-07-03,14:
28:42,4267715,0.0049,-0.0185,-0.9555,1.1900,-0.5600,0.1400
2026-07-03,14:28:42,4267815,0.0059,-0.0190,-0.9560,1.2600,-0.5600,0.1400
2026-07-03,14:28:42,4267915,0.0029,-0.0176,-0.9560,1.2600,-0.6300,0.1400
2026-07-03,14:28:42,4268015,0.0034,-
0.0190,-0.9565,1.3300,-0.7000,0.1400
2026-07-03,14:28:42,4268115,0.0049,-0.0200,-0.9545,1.2600,-0.5600,0.1400
2026-07-03,14:28:42,4268215,0.0039,-0.0200,-0.9555,1.2600,-0.4200,0.1400
2026-07-03,14:28:42,4268315,0.0034,-0.0200,-0.9565,1.2600,
-0.5600,0.1400
2026-07-03,14:28:43,4268419,0.0039,-0.0195,-0.9555,1.2600,-0.4900,0.1400
2026-07-03,14:28:43,4268515,0.0039,-0.0210,-0.9565,1.1900,-0.4200,0.2100
2026-07-03,14:28:43,4268615,0.0024,-0.0181,-0.9579,1.2600,-0.5600,0.2800
2026-0
7-03,14:28:43,4268715,0.0039,-0.0195,-0.9579,1.2600,-0.6300,0.0700
2026-07-03,14:28:43,4268815,0.0049,-0.0195,-0.9555,1.2600,-0.4900,0.2100
2026-07-03,14:28:43,4268915,0.0029,-0.0181,-0.9526,1.3300,-0.4200,0.2100
2026-07-03,14:28:43,4269015,
0.0049,-0.0190,-0.9560,1.2600,-0.4900,0.2100
2026-07-03,14:28:43,4269120,0.0054,-0.0176,-0.9560,1.1900,-0.4900,0.1400
2026-07-03,14:28:43,4269215,0.0049,-0.0200,-0.9560,1.1900,-0.6300,0.1400
2026-07-03,14:28:43,4269315,0.0039,-0.0181,-0.9555
,1.1900,-0.4900,0.0700
2026-07-03,14:28:44,4269415,0.0063,-0.0190,-0.9531,1.1900,-0.4200,0.2100
2026-07-03,14:28:44,4269515,0.0024,-0.0185,-0.9555,1.1900,-0.5600,0.1400
2026-07-03,14:28:44,4269615,0.0034,-0.0200,-0.9565,1.1900,-0.4900,0.0700
2026-07-03,14:28:44,4269715,0.0039,-0.0185,-0.9565,1.1900,-0.5600,0.1400
2026-07-03,14:28:44,4269820,0.0034,-0.0210,-0.9570,1.1900,-0.5600,0.1400
2026-07-03,14:28:44,4269915,0.0010,-0.0176,-0.9560,1.2600,-0.5600,0.1400
2026-07-03,14:28:44,
4270015,0.0024,-0.0205,-0.9575,1.1900,-0.4900,0.1400
2026-07-03,14:28:44,4270119,0.0020,-0.0195,-0.9555,1.3300,-0.4900,0.0700
2026-07-03,14:28:44,4270215,0.0049,-0.0190,-0.9550,1.1900,-0.6300,0.1400
2026-07-03,14:28:44,4270315,0.0068,-0.0185
,-0.9550,1.2600,-0.6300,0.1400
2026-07-03,14:28:45,4270415,0.0029,-0.0195,-0.9579,1.1900,-0.5600,0.0700
2026-07-03,14:28:45,4270520,0.0015,-0.0171,-0.9550,1.1900,-0.5600,0.1400
2026-07-03,14:28:45,4270615,0.0063,-0.0195,-0.9565,1.1900,-0.490
0,0.1400
2026-07-03,14:28:45,4270715,0.0020,-0.0195,-0.9565,1.2600,-0.5600,0.0700
2026-07-03,14:28:45,4270815,0.0024,-0.0200,-0.9579,1.1900,-0.4900,0.2100
2026-07-03,14:28:45,4270915,0.0024,-0.0176,-0.9565,1.1900,-0.4200,0.2800
2026-07-03,1
4:28:45,4271015,0.0049,-0.0156,-0.9584,1.1900,-0.4200,0.1400
2026-07-03,14:28:45,4271115,0.0044,-0.0200,-0.9584,1.2600,-0.5600,0.2800
2026-07-03,14:28:45,4271215,0.0049,-0.0190,-0.9531,1.2600,-0.6300,0.1400
2026-07-03,14:28:45,4271315,0.0054
,-0.0185,-0.9555,1.1900,-0.4900,0.2800
2026-07-03,14:28:46,4271415,0.0029,-0.0190,-0.9575,1.1900,-0.5600,0.2100
2026-07-03,14:28:46,4271515,0.0024,-0.0190,-0.9550,1.1900,-0.6300,0.1400
2026-07-03,14:28:46,4271615,0.0034,-0.0200,-0.9570,1.260
0,-0.5600,0.1400
2026-07-03,14:28:46,4271715,0.0029,-0.0185,-0.9560,1.1900,-0.5600,0.2100
2026-07-03,14:28:46,4271815,0.0034,-0.0215,-0.9565,1.1900,-0.4900,0.1400
2026-07-03,14:28:46,4271915,0.0015,-0.0220,-0.9550,1.1900,-0.5600,0.0700
2026
-07-03,14:28:46,4272015,0.0034,-0.0195,-0.9536,1.1900,-0.6300,0.0700
2026-07-03,14:28:46,4272115,0.0059,-0.0210,-0.9570,1.1900,-0.5600,0.1400
2026-07-03,14:28:46,4272215,0.0024,-0.0195,-0.9560,1.2600,-0.5600,0.0700
2026-07-03,14:28:46,427231
5,0.0034,-0.0205,-0.9550,1.1900,-0.5600,0.1400
2026-07-03,14:28:47,4272415,0.0039,-0.0200,-0.9560,1.1900,-0.5600,0.0700
2026-07-03,14:28:47,4272515,0.0054,-0.0200,-0.9545,1.2600,-0.5600,0.2100
2026-07-03,14:28:47,4272615,0.0044,-0.0181,-0.95
36,1.3300,-0.5600,0.1400
2026-07-03,14:28:47,4272715,0.0068,-0.0195,-0.9579,1.2600,-0.4900,0.2100
2026-07-03,14:28:47,4272815,0.0039,-0.0195,-0.9536,1.3300,-0.5600,0.2100
2026-07-03,14:28:47,4272915,0.0059,-0.0220,-0.9579,1.2600,-0.5600,0.28
00
2026-07-03,14:28:47,4273015,0.0029,-0.0171,-0.9536,1.1900,-0.5600,0.2800
2026-07-03,14:28:47,4273115,0.0049,-0.0181,-0.9555,1.2600,-0.7000,0.0700
2026-07-03,14:28:47,4273215,0.0054,-0.0185,-0.9560,1.1900,-0.4900,0.2100
2026-07-03,14:28:4
7,4273315,0.0034,-0.0185,-0.9565,1.2600,-0.5600,0.1400
2026-07-03,14:28:48,4273415,0.0054,-0.0220,-0.9540,1.1900,-0.4200,0.2100
2026-07-03,14:28:48,4273515,0.0049,-0.0195,-0.9570,1.1900,-0.5600,0.2100
2026-07-03,14:28:48,4273615,0.0049,-0.02
00,-0.9540,1.2600,-0.5600,0.2100
2026-07-03,14:28:48,4273715,0.0039,-0.0190,-0.9589,1.4000,-0.5600,0.2100
2026-07-03,14:28:48,4273815,0.0044,-0.0210,-0.9545,1.1900,-0.5600,0.0700
2026-07-03,14:28:48,4273915,0.0068,-0.0210,-0.9545,1.2600,-0.6
300,0.2100
2026-07-03,14:28:48,4274015,0.0024,-0.0185,-0.9526,1.1900,-0.4900,0.1400
2026-07-03,14:28:48,4274115,0.0029,-0.0181,-0.9565,1.1900,-0.4900,0.1400
2026-07-03,14:28:48,4274215,0.0059,-0.0249,-0.9555,1.1900,-0.6300,0.1400
2026-07-03
,14:28:48,4274315,-0.0029,-0.0161,-0.9501,1.2600,-0.6300,0.1400
2026-07-03,14:28:49,4274415,0.0015,-0.0200,-0.9579,1.2600,-0.5600,0.2100
2026-07-03,14:28:49,4274515,0.0029,-0.0205,-0.9555,1.2600,-0.6300,0.1400
2026-07-03,14:28:49,4274615,0.0
020,-0.0190,-0.9536,1.2600,-0.5600,0.2100
2026-07-03,14:28:49,4274715,0.0029,-0.0176,-0.9584,1.2600,-0.5600,0.1400
2026-07-03,14:28:49,4274815,0.0024,-0.0200,-0.9643,1.2600,-0.5600,0.2100
2026-07-03,14:28:49,4274915,0.0049,-0.0210,-0.9584,1.
1900,-0.6300,0.2100
2026-07-03,14:28:49,4275015,0.0044,-0.0220,-0.9555,1.1900,-0.5600,0.1400
2026-07-03,14:28:49,4275119,0.0034,-0.0190,-0.9545,1.2600,-0.6300,0.1400
2026-07-03,14:28:49,4275215,0.0024,-0.0195,-0.9575,1.1900,-0.5600,0.2100
2
026-07-03,14:28:49,4275315,0.0034,-0.0205,-0.9575,1.1900,-0.5600,0.2100
2026-07-03,14:28:50,4275415,0.0044,-0.0195,-0.9550,1.1900,-0.6300,0.2100
2026-07-03,14:28:50,4275515,0.0044,-0.0185,-0.9570,1.2600,-0.4200,0.2100
2026-07-03,14:28:50,427
5615,0.0059,-0.0190,-0.9584,1.1900,-0.5600,0.1400
2026-07-03,14:28:50,4275715,0.0054,-0.0200,-0.9579,1.1200,-0.4900,0.1400
2026-07-03,14:28:50,4275815,0.0034,-0.0190,-0.9540,1.2600,-0.7000,0.2100
2026-07-03,14:28:50,4275915,0.0029,-0.0181,-0
.9555,1.1200,-0.4900,0.2100
2026-07-03,14:28:50,4276015,0.0059,-0.0200,-0.9560,1.1900,-0.5600,0.1400
2026-07-03,14:28:50,4276115,0.0054,-0.0190,-0.9565,1.1900,-0.6300,0.2100
2026-07-03,14:28:50,4276215,0.0054,-0.0181,-0.9550,1.2600,-0.4900,0
.1400
2026-07-03,14:28:50,4276315,0.0059,-0.0195,-0.9560,1.1900,-0.4200,0.2100
2026-07-03,14:28:51,4276415,0.0029,-0.0205,-0.9599,1.2600,-0.4200,0.2100
2026-07-03,14:28:51,4276515,0.0049,-0.0181,-0.9550,1.3300,-0.5600,0.1400
2026-07-03,14:2
8:51,4276615,0.0039,-0.0205,-0.9565,1.1200,-0.5600,0.1400
2026-07-03,14:28:51,4276715,0.0049,-0.0176,-0.9565,1.1900,-0.5600,0.2800
2026-07-03,14:28:51,4276815,0.0044,-0.0176,-0.9584,1.1900,-0.7700,0.1400
2026-07-03,14:28:51,4276915,0.0059,-0
.0181,-0.9540,1.2600,-0.6300,0.0700
2026-07-03,14:28:51,4277015,0.0034,-0.0176,-0.9516,1.2600,-0.4900,0.1400
2026-07-03,14:28:51,4277115,0.0083,-0.0200,-0.9589,1.2600,-0.5600,0.2100
2026-07-03,14:28:51,4277215,0.0059,-0.0171,-0.9536,1.2600,-
0.4900,0.1400
2026-07-03,14:28:51,4277315,0.0059,-0.0220,-0.9536,1.1900,-0.5600,0.1400
2026-07-03,14:28:52,4277419,0.0034,-0.0185,-0.9565,1.1900,-0.4900,0.1400
2026-07-03,14:28:52,4277515,0.0039,-0.0200,-0.9545,1.2600,-0.4900,0.1400
2026-07
-03,14:28:52,4277615,0.0039,-0.0195,-0.9575,1.1200,-0.6300,0.1400
2026-07-03,14:28:52,4277715,0.0049,-0.0190,-0.9555,1.2600,-0.5600,0.1400
2026-07-03,14:28:52,4277815,0.0049,-0.0171,-0.9540,1.1900,-0.4200,0.2100
2026-07-03,14:28:52,4277915,0
.0059,-0.0195,-0.9575,1.1900,-0.6300,0.0700
2026-07-03,14:28:52,4278015,0.0044,-0.0181,-0.9555,1.2600,-0.5600,0.2100
2026-07-03,14:28:52,4278120,0.0049,-0.0185,-0.9545,1.2600,-0.6300,0.1400
2026-07-03,14:28:52,4278215,0.0044,-0.0190,-0.9575,
1.2600,-0.4900,0.2100
2026-07-03,14:28:52,4278315,0.0020,-0.0195,-0.9565,1.4000,-0.5600,0.1400
2026-07-03,14:28:53,4278415,0.0039,-0.0224,-0.9570,1.1900,-0.6300,0.2100
2026-07-03,14:28:53,4278515,0.0029,-0.0220,-0.9550,1.2600,-0.5600,0.1400
2026-07-03,14:28:53,4278615,0.0029,-0.0190,-0.9560,1.1900,-0.6300,0.1400
2026-07-03,14:28:53,4278715,0.0034,-0.0166,-0.9594,1.2600,-0.5600,0.0700
2026-07-03,14:28:53,4278820,0.0020,-0.0210,-0.9589,1.1900,-0.7000,0.1400
2026-07-03,14:28:53,4
278915,0.0054,-0.0200,-0.9550,1.1900,-0.6300,0.1400
2026-07-03,14:28:53,4279015,0.0034,-0.0195,-0.9536,1.2600,-0.5600,0.1400
2026-07-03,14:28:53,4279115,0.0015,-0.0195,-0.9565,1.1900,-0.4900,0.2100
2026-07-03,14:28:53,4279215,0.0054,-0.0176,
-0.9531,1.2600,-0.5600,0.1400
2026-07-03,14:28:53,4279315,0.0024,-0.0185,-0.9555,1.2600,-0.4200,0.1400
2026-07-03,14:28:54,4279415,0.0039,-0.0200,-0.9589,1.1900,-0.5600,0.1400
2026-07-03,14:28:54,4279515,0.0063,-0.0195,-0.9565,1.2600,-0.4900
,0.2100
2026-07-03,14:28:54,4279615,0.0044,-0.0200,-0.9565,1.2600,-0.4900,0.2100
2026-07-03,14:28:54,4279715,0.0024,-0.0181,-0.9560,1.2600,-0.4900,0.1400
2026-07-03,14:28:54,4279815,0.0034,-0.0190,-0.9531,1.1900,-0.5600,0.2100
2026-07-03,14
:28:54,4279915,0.0044,-0.0215,-0.9584,1.3300,-0.4900,0.2100
2026-07-03,14:28:54,4280015,0.0024,-0.0161,-0.9555,1.3300,-0.4200,0.1400
2026-07-03,14:28:54,4280119,0.0054,-0.0190,-0.9560,1.1900,-0.4900,0.1400
2026-07-03,14:28:54,4280215,0.0044,
-0.0215,-0.9584,1.3300,-0.5600,0.1400
2026-07-03,14:28:54,4280315,0.0024,-0.0205,-0.9540,1.2600,-0.4900,0.1400
2026-07-03,14:28:55,4280415,0.0029,-0.0210,-0.9545,1.2600,-0.5600,0.2100
2026-07-03,14:28:55,4280515,0.0044,-0.0200,-0.9540,1.2600
,-0.4900,0.0700
2026-07-03,14:28:55,4280615,0.0044,-0.0215,-0.9550,1.3300,-0.3500,0.2100
2026-07-03,14:28:55,4280715,0.0015,-0.0181,-0.9555,1.3300,-0.5600,0.2100
2026-07-03,14:28:55,4280815,0.0054,-0.0200,-0.9575,1.3300,-0.4900,0.2100
2026-
07-03,14:28:55,4280915,0.0054,-0.0224,-0.9560,1.1200,-0.5600,0.2100
2026-07-03,14:28:55,4281015,0.0044,-0.0181,-0.9545,1.1900,-0.4900,0.2100
2026-07-03,14:28:55,4281115,0.0029,-0.0205,-0.9555,1.2600,-0.4900,0.1400
2026-07-03,14:28:55,4281215
,0.0044,-0.0205,-0.9536,1.3300,-0.4900,0.2100
2026-07-03,14:28:55,4281315,0.0044,-0.0210,-0.9570,1.2600,-0.4900,0.1400
2026-07-03,14:28:55,4281415,0.0044,-0.0181,-0.9550,1.2600,-0.5600,0.2100
2026-07-03,14:28:56,4281515,0.0049,-0.0195,-0.956
5,1.1900,-0.5600,0.2100
2026-07-03,14:28:56,4281615,0.0010,-0.0195,-0.9545,1.2600,-0.5600,0.1400
2026-07-03,14:28:56,4281715,0.0039,-0.0200,-0.9565,1.2600,-0.5600,0.1400
2026-07-03,14:28:56,4281815,0.0024,-0.0205,-0.9555,1.2600,-0.5600,0.140
0
2026-07-03,14:28:56,4281915,0.0044,-0.0205,-0.9550,1.1900,-0.6300,0.2100
2026-07-03,14:28:56,4282015,0.0039,-0.0200,-0.9560,1.1900,-0.4900,0.0700
2026-07-03,14:28:56,4282115,0.0049,-0.0181,-0.9545,1.1200,-0.5600,0.1400
2026-07-03,14:28:56
,4282215,0.0034,-0.0210,-0.9550,1.1900,-0.6300,0.1400
2026-07-03,14:28:56,4282315,0.0049,-0.0210,-0.9550,1.2600,-0.6300,0.2800
2026-07-03,14:28:57,4282415,0.0034,-0.0171,-0.9545,1.2600,-0.4900,0.1400
2026-07-03,14:28:57,4282515,0.0054,-0.019
5,-0.9570,1.1900,-0.4900,0.2100
2026-07-03,14:28:57,4282615,0.0039,-0.0200,-0.9555,1.1900,-0.4900,0.2100
2026-07-03,14:28:57,4282715,0.0063,-0.0195,-0.9550,1.1900,-0.4900,0.2100
2026-07-03,14:28:57,4282815,0.0054,-0.0185,-0.9521,1.1900,-0.49
00,0.2100
2026-07-03,14:28:57,4282915,0.0044,-0.0181,-0.9555,1.1900,-0.3500,0.2100
2026-07-03,14:28:57,4283015,0.0054,-0.0195,-0.9555,1.2600,-0.5600,0.1400
2026-07-03,14:28:57,4283115,0.0039,-0.0205,-0.9575,1.1900,-0.4900,0.2100
2026-07-03,
14:28:57,4283215,0.0034,-0.0200,-0.9555,1.2600,-0.6300,0.1400
2026-07-03,14:28:57,4283315,0.0039,-0.0200,-0.9575,1.1900,-0.5600,0.1400
2026-07-03,14:28:57,4283415,0.0044,-0.0181,-0.9560,1.1900,-0.5600,0.1400
2026-07-03,14:28:58,4283515,0.002
4,-0.0185,-0.9560,1.1900,-0.4200,0.1400
2026-07-03,14:28:58,4283615,0.0034,-0.0190,-0.9570,1.1900,-0.5600,0.2100
2026-07-03,14:28:58,4283715,0.0034,-0.0176,-0.9570,1.2600,-0.5600,0.2100
2026-07-03,14:28:58,4283815,0.0054,-0.0185,-0.9560,1.19
00,-0.5600,0.2100
2026-07-03,14:28:58,4283915,0.0059,-0.0185,-0.9555,1.3300,-0.5600,0.0700
2026-07-03,14:28:58,4284015,0.0049,-0.0185,-0.9555,1.1900,-0.4900,0.2100
2026-07-03,14:28:58,4284115,0.0039,-0.0185,-0.9575,1.1900,-0.5600,0.1400
202
6-07-03,14:28:58,4284215,0.0039,-0.0205,-0.9545,1.2600,-0.4900,0.2100
2026-07-03,14:28:58,4284315,0.0029,-0.0190,-0.9560,1.1900,-0.4900,0.0700
2026-07-03,14:28:58,4284415,0.0054,-0.0210,-0.9540,1.1900,-0.5600,0.1400
2026-07-03,14:28:59,42845
15,0.0024,-0.0200,-0.9575,1.1900,-0.5600,0.2100
2026-07-03,14:28:59,4284615,0.0024,-0.0205,-0.9540,1.2600,-0.4900,0.1400
2026-07-03,14:28:59,4284715,0.0044,-0.0215,-0.9550,1.2600,-0.4900,0.1400
2026-07-03,14:28:59,4284815,0.0059,-0.0210,-0.9
560,1.1900,-0.4900,0.2100
2026-07-03,14:28:59,4284915,0.0034,-0.0190,-0.9536,1.1900,-0.5600,0.1400
2026-07-03,14:28:59,4285015,0.0020,-0.0195,-0.9575,1.1900,-0.4900,0.1400
2026-07-03,14:28:59,4285119,0.0024,-0.0224,-0.9560,1.1900,-0.4900,0.1
400
2026-07-03,14:28:59,4285215,0.0024,-0.0210,-0.9555,1.2600,-0.4900,0.1400
2026-07-03,14:28:59,4285315,0.0020,-0.0205,-0.9555,1.2600,-0.6300,0.1400
2026-07-03,14:29:00,4285415,0.0029,-0.0185,-0.9565,1.2600,-0.5600,0.0700
2026-07-03,14:29:
00,4285515,0.0034,-0.0205,-0.9560,1.2600,-0.5600,0.1400
2026-07-03,14:29:00,4285615,0.0029,-0.0195,-0.9575,1.2600,-0.5600,0.1400
2026-07-03,14:29:00,4285720,0.0054,-0.0210,-0.9545,1.1900,-0.4900,0.0700
2026-07-03,14:29:00,4285815,0.0049,-0.0
195,-0.9560,1.1900,-0.5600,0.1400
2026-07-03,14:29:00,4285915,0.0034,-0.0205,-0.9555,1.2600,-0.6300,0.2100
2026-07-03,14:29:00,4286015,0.0029,-0.0215,-0.9550,1.1900,-0.5600,0.1400
2026-07-03,14:29:00,4286115,0.0044,-0.0200,-0.9545,1.1900,-0.
4900,0.2100
2026-07-03,14:29:00,4286215,0.0044,-0.0195,-0.9565,1.2600,-0.6300,0.0700
2026-07-03,14:29:00,4286315,0.0063,-0.0195,-0.9555,1.1900,-0.4900,0.2100
2026-07-03,14:29:00,4286419,0.0034,-0.0200,-0.9540,1.3300,-0.7000,0.0000
2026-07-0
3,14:29:01,4286515,0.0039,-0.0239,-0.9555,1.1900,-0.4900,0.2100
2026-07-03,14:29:01,4286615,0.0034,-0.0195,-0.9550,1.1900,-0.4900,0.2100
2026-07-03,14:29:01,4286715,0.0059,-0.0200,-0.9560,1.1900,-0.5600,0.2100
2026-07-03,14:29:01,4286815,0.0
034,-0.0195,-0.9575,1.3300,-0.5600,0.2100
2026-07-03,14:29:01,4286915,0.0054,-0.0195,-0.9536,1.1900,-0.6300,0.1400
2026-07-03,14:29:01,4287015,0.0029,-0.0205,-0.9555,1.2600,-0.5600,0.2100
2026-07-03,14:29:01,4287120,0.0044,-0.0229,-0.9570,1.
1900,-0.4200,0.2100
2026-07-03,14:29:01,4287215,0.0049,-0.0190,-0.9536,1.1900,-0.6300,0.2100
2026-07-03,14:29:01,4287315,0.0044,-0.0200,-0.9560,1.2600,-0.7000,0.0700
2026-07-03,14:29:01,4287415,0.0039,-0.0195,-0.9550,1.2600,-0.5600,0.2100
2
026-07-03,14:29:02,4287515,0.0039,-0.0185,-0.9560,1.1200,-0.5600,0.2100
2026-07-03,14:29:02,4287615,0.0039,-0.0181,-0.9545,1.1900,-0.4200,0.1400
2026-07-03,14:29:02,4287715,0.0039,-0.0181,-0.9565,1.1200,-0.4900,0.1400
2026-07-03,14:29:02,428
7815,0.0049,-0.0185,-0.9560,1.2600,-0.5600,0.1400
2026-07-03,14:29:02,4287915,0.0039,-0.0195,-0.9570,1.1900,-0.5600,0.1400
2026-07-03,14:29:02,4288015,0.0029,-0.0200,-0.9536,1.1900,-0.4900,0.2100
2026-07-03,14:29:02,4288115,0.0020,-0.0181,-0
.9555,1.1900,-0.5600,0.2100
2026-07-03,14:29:02,4288215,0.0039,-0.0190,-0.9550,1.1900,-0.5600,0.1400
2026-07-03,14:29:02,4288315,0.0063,-0.0176,-0.9565,1.1900,-0.4900,0.1400
2026-07-03,14:29:02,4288415,0.0044,-0.0171,-0.9570,1.3300,-0.4900,0
.2100
2026-07-03,14:29:03,4288515,0.0063,-0.0190,-0.9555,1.1200,-0.5600,0.0000
2026-07-03,14:29:03,4288615,0.0044,-0.0220,-0.9560,1.1900,-0.5600,0.1400
2026-07-03,14:29:03,4288715,0.0049,-0.0181,-0.9550,1.2600,-0.4900,0.1400
2026-07-03,14:2
9:03,4288815,0.0049,-0.0190,-0.9540,1.2600,-0.5600,0.1400
2026-07-03,14:29:03,4288915,0.0063,-0.0220,-0.9540,1.2600,-0.5600,0.1400
2026-07-03,14:29:03,4289015,0.0024,-0.0200,-0.9550,1.1900,-0.4200,0.1400
2026-07-03,14:29:03,4289115,0.0024,-0
.0176,-0.9565,1.2600,-0.5600,0.1400
2026-07-03,14:29:03,4289215,0.0029,-0.0195,-0.9560,1.3300,-0.7000,0.1400
2026-07-03,14:29:03,4289315,0.0049,-0.0195,-0.9555,1.1900,-0.4900,0.1400
2026-07-03,14:29:03,4289415,0.0044,-0.0190,-0.9560,1.2600,-
0.4200,0.1400
2026-07-03,14:29:04,4289515,0.0039,-0.0176,-0.9540,1.1200,-0.6300,0.1400
2026-07-03,14:29:04,4289615,0.0034,-0.0205,-0.9565,1.2600,-0.5600,0.1400
2026-07-03,14:29:04,4289715,0.0044,-0.0181,-0.9579,1.2600,-0.5600,0.0700
2026-07
-03,14:29:04,4289815,0.0044,-0.0185,-0.9560,1.1900,-0.6300,0.1400
2026-07-03,14:29:04,4289915,0.0044,-0.0181,-0.9545,1.3300,-0.4900,0.1400
2026-07-03,14:29:04,4290015,0.0044,-0.0210,-0.9565,1.1900,-0.6300,0.2100
2026-07-03,14:29:04,4290119,0
.0034,-0.0205,-0.9550,1.1900,-0.4900,0.0700
2026-07-03,14:29:04,4290215,0.0029,-0.0210,-0.9550,1.1900,-0.6300,0.2100
2026-07-03,14:29:04,4290315,0.0049,-0.0190,-0.9579,1.2600,-0.5600,0.1400
2026-07-03,14:29:04,4290415,0.0049,-0.0181,-0.9565,
1.2600,-0.5600,0.1400
2026-07-03,14:29:05,4290515,0.0039,-0.0195,-0.9575,1.2600,-0.6300,0.1400
2026-07-03,14:29:05,4290615,0.0049,-0.0224,-0.9575,1.3300,-0.5600,0.1400
2026-07-03,14:29:05,4290715,0.0059,-0.0185,-0.9565,1.2600,-0.4200,0.2100
2026-07-03,14:29:05,4290815,0.0024,-0.0176,-0.9555,1.2600,-0.7000,0.2100
2026-07-03,14:29:05,4290915,0.0029,-0.0195,-0.9570,1.1900,-0.4900,0.1400
2026-07-03,14:29:05,4291015,0.0049,-0.0205,-0.9555,1.1900,-0.6300,0.2100
2026-07-03,14:29:05,4
291115,0.0054,-0.0200,-0.9555,1.2600,-0.5600,0.1400
2026-07-03,14:29:05,4291215,0.0049,-0.0210,-0.9545,1.2600,-0.4900,0.2100
2026-07-03,14:29:05,4291315,0.0054,-0.0185,-0.9545,1.2600,-0.5600,0.2100
2026-07-03,14:29:05,4291415,0.0044,-0.0181,
-0.9560,1.2600,-0.4900,0.1400
2026-07-03,14:29:06,4291515,0.0039,-0.0190,-0.9575,1.2600,-0.4200,0.1400
2026-07-03,14:29:06,4291615,0.0063,-0.0195,-0.9555,1.2600,-0.5600,0.1400
2026-07-03,14:29:06,4291715,0.0034,-0.0195,-0.9565,1.1200,-0.6300
,0.1400
2026-07-03,14:29:06,4291815,0.0049,-0.0210,-0.9555,1.2600,-0.4900,0.2100
2026-07-03,14:29:06,4291915,0.0059,-0.0195,-0.9560,1.1900,-0.6300,0.1400
2026-07-03,14:29:06,4292015,0.0054,-0.0176,-0.9560,1.2600,-0.6300,0.2100
2026-07-03,14
:29:06,4292115,0.0029,-0.0190,-0.9550,1.1900,-0.6300,0.1400
2026-07-03,14:29:06,4292215,0.0054,-0.0185,-0.9565,1.2600,-0.4900,0.1400
2026-07-03,14:29:06,4292315,0.0049,-0.0195,-0.9550,1.2600,-0.5600,0.2100
2026-07-03,14:29:06,4292415,0.0044,
-0.0171,-0.9536,1.2600,-0.6300,0.2100
2026-07-03,14:29:07,4292515,0.0039,-0.0195,-0.9540,1.1900,-0.5600,0.1400
2026-07-03,14:29:07,4292615,0.0039,-0.0176,-0.9545,1.3300,-0.5600,0.1400
2026-07-03,14:29:07,4292715,0.0059,-0.0215,-0.9570,1.1900
,-0.4900,0.1400
2026-07-03,14:29:07,4292815,0.0029,-0.0181,-0.9575,1.2600,-0.5600,0.1400
2026-07-03,14:29:07,4292915,0.0044,-0.0195,-0.9560,1.2600,-0.6300,0.1400
2026-07-03,14:29:07,4293015,0.0049,-0.0200,-0.9545,1.2600,-0.5600,0.1400
2026-
07-03,14:29:07,4293115,0.0039,-0.0190,-0.9560,1.2600,-0.4900,0.2100
2026-07-03,14:29:07,4293215,0.0039,-0.0200,-0.9575,1.2600,-0.5600,0.1400
2026-07-03,14:29:07,4293315,0.0039,-0.0195,-0.9540,1.2600,-0.7000,0.2100
2026-07-03,14:29:07,4293415
,0.0059,-0.0195,-0.9570,1.2600,-0.6300,0.1400
2026-07-03,14:29:08,4293515,0.0044,-0.0210,-0.9555,1.1900,-0.7000,0.2100
2026-07-03,14:29:08,4293615,0.0024,-0.0185,-0.9545,1.1900,-0.6300,0.1400
2026-07-03,14:29:08,4293715,0.0024,-0.0215,-0.957
5,1.1900,-0.5600,0.1400
2026-07-03,14:29:08,4293815,0.0039,-0.0215,-0.9545,1.3300,-0.5600,0.1400
2026-07-03,14:29:08,4293915,0.0049,-0.0181,-0.9536,1.2600,-0.5600,0.1400
2026-07-03,14:29:08,4294020,0.0063,-0.0195,-0.9589,1.1900,-0.7000,0.140
0
2026-07-03,14:29:08,4294115,0.0034,-0.0200,-0.9570,1.2600,-0.5600,0.1400
2026-07-03,14:29:08,4294215,0.0049,-0.0190,-0.9565,1.1200,-0.5600,0.2100
2026-07-03,14:29:08,4294315,0.0054,-0.0190,-0.9555,1.1900,-0.4900,0.0700
2026-07-03,14:29:08
,4294415,0.0044,-0.0205,-0.9536,1.2600,-0.4200,0.1400
2026-07-03,14:29:09,4294515,0.0044,-0.0190,-0.9545,1.2600,-0.4900,0.0700
2026-07-03,14:29:09,4294615,0.0049,-0.0200,-0.9555,1.2600,-0.4200,0.1400
2026-07-03,14:29:09,4294720,0.0049,-0.019
0,-0.9565,1.1900,-0.4900,0.1400
2026-07-03,14:29:09,4294815,0.0020,-0.0195,-0.9560,1.3300,-0.6300,0.0700
2026-07-03,14:29:09,4294915,0.0054,-0.0185,-0.9560,1.3300,-0.4900,0.2100
2026-07-03,14:29:09,4295015,0.0039,-0.0190,-0.9540,1.1900,-0.49
00,0.2100
2026-07-03,14:29:09,4295119,0.0054,-0.0181,-0.9555,1.1900,-0.7000,0.2100
2026-07-03,14:29:09,4295215,0.0039,-0.0185,-0.9560,1.1200,-0.5600,0.0700
2026-07-03,14:29:09,4295315,0.0044,-0.0205,-0.9594,1.3300,-0.5600,0.1400
2026-07-03,
14:29:09,4295420,0.0039,-0.0210,-0.9565,1.3300,-0.4900,0.2800
2026-07-03,14:29:10,4295515,0.0054,-0.0185,-0.9536,1.3300,-0.4900,0.2100
2026-07-03,14:29:10,4295615,0.0044,-0.0215,-0.9545,1.2600,-0.4200,0.1400
2026-07-03,14:29:10,4295715,0.002
9,-0.0195,-0.9560,1.1900,-0.6300,0.1400
2026-07-03,14:29:10,4295815,0.0039,-0.0171,-0.9565,1.1900,-0.5600,0.2100
2026-07-03,14:29:10,4295915,0.0044,-0.0185,-0.9560,1.1200,-0.6300,0.1400
2026-07-03,14:29:10,4296015,0.0054,-0.0195,-0.9540,1.33
00,-0.5600,0.2100
2026-07-03,14:29:10,4296120,0.0029,-0.0181,-0.9555,1.2600,-0.5600,0.1400
2026-07-03,14:29:10,4296215,0.0049,-0.0190,-0.9550,1.2600,-0.5600,0.0700
2026-07-03,14:29:10,4296315,0.0039,-0.0205,-0.9579,1.1200,-0.4900,0.1400
202
6-07-03,14:29:10,4296415,0.0034,-0.0176,-0.9555,1.1200,-0.4900,0.2100
2026-07-03,14:29:11,4296515,0.0020,-0.0190,-0.9545,1.3300,-0.4900,0.1400
2026-07-03,14:29:11,4296615,0.0054,-0.0195,-0.9555,1.2600,-0.5600,0.1400
2026-07-03,14:29:11,42967
15,0.0039,-0.0181,-0.9565,1.1900,-0.4200,0.1400
2026-07-03,14:29:11,4296815,0.0024,-0.0200,-0.9550,1.2600,-0.5600,0.2100
2026-07-03,14:29:11,4296915,0.0063,-0.0200,-0.9550,1.2600,-0.4900,0.2100
2026-07-03,14:29:11,4297015,0.0054,-0.0195,-0.9
579,1.1900,-0.6300,0.1400
2026-07-03,14:29:11,4297115,0.0063,-0.0190,-0.9565,1.2600,-0.5600,0.0700
2026-07-03,14:29:11,4297215,0.0054,-0.0205,-0.9565,1.2600,-0.5600,0.1400
2026-07-03,14:29:11,4297315,0.0049,-0.0205,-0.9575,1.3300,-0.4200,0.1
400
2026-07-03,14:29:11,4297415,0.0020,-0.0190,-0.9550,1.1200,-0.5600,0.1400
2026-07-03,14:29:12,4297515,0.0039,-0.0190,-0.9565,1.3300,-0.6300,0.1400
2026-07-03,14:29:12,4297615,0.0044,-0.0181,-0.9545,1.2600,-0.5600,0.1400
2026-07-03,14:29:
12,4297715,0.0044,-0.0200,-0.9570,1.2600,-0.5600,0.1400
2026-07-03,14:29:12,4297815,0.0049,-0.0190,-0.9575,1.2600,-0.5600,0.0700
2026-07-03,14:29:12,4297915,0.0044,-0.0171,-0.9531,1.1900,-0.4900,0.2100
2026-07-03,14:29:12,4298015,0.0039,-0.0
205,-0.9579,1.2600,-0.5600,0.2100
2026-07-03,14:29:12,4298115,0.0015,-0.0195,-0.9536,1.1900,-0.4900,0.2100
2026-07-03,14:29:12,4298215,0.0049,-0.0181,-0.9560,1.2600,-0.4200,0.2100
2026-07-03,14:29:12,4298315,0.0034,-0.0200,-0.9565,1.2600,-0.
5600,0.2100
2026-07-03,14:29:12,4298415,0.0044,-0.0205,-0.9560,1.1900,-0.6300,0.2100
2026-07-03,14:29:13,4298515,0.0054,-0.0215,-0.9536,1.1200,-0.6300,0.1400
2026-07-03,14:29:13,4298615,0.0054,-0.0195,-0.9555,1.1200,-0.4900,0.1400
2026-07-0
3,14:29:13,4298715,0.0039,-0.0185,-0.9555,1.2600,-0.7000,0.0700
2026-07-03,14:29:13,4298815,0.0054,-0.0210,-0.9565,1.2600,-0.6300,0.2100
2026-07-03,14:29:13,4298915,0.0054,-0.0200,-0.9536,1.1900,-0.5600,0.2100
2026-07-03,14:29:13,4299015,0.0
044,-0.0190,-0.9560,1.2600,-0.4900,0.1400
2026-07-03,14:29:13,4299115,0.0054,-0.0210,-0.9555,1.1900,-0.5600,0.2100
2026-07-03,14:29:13,4299215,0.0044,-0.0190,-0.9536,1.1900,-0.4900,0.1400
2026-07-03,14:29:13,4299315,0.0059,-0.0190,-0.9560,1.
2600,-0.4900,0.2100
2026-07-03,14:29:13,4299415,0.0049,-0.0205,-0.9550,1.3300,-0.4900,0.0700
2026-07-03,14:29:14,4299515,0.0039,-0.0205,-0.9555,1.2600,-0.4200,0.2100
2026-07-03,14:29:14,4299615,0.0029,-0.0205,-0.9550,1.1900,-0.5600,0.1400
2
026-07-03,14:29:14,4299715,0.0005,-0.0205,-0.9555,1.1900,-0.5600,0.2100
2026-07-03,14:29:14,4299815,0.0059,-0.0210,-0.9560,1.1200,-0.5600,0.1400
2026-07-03,14:29:14,4299915,0.0039,-0.0195,-0.9540,1.1200,-0.5600,0.2100
2026-07-03,14:29:14,430
0015,0.0029,-0.0190,-0.9550,1.2600,-0.5600,0.1400
2026-07-03,14:29:14,4300120,0.0073,-0.0210,-0.9545,1.3300,-0.5600,0.0700
2026-07-03,14:29:14,4300215,0.0054,-0.0181,-0.9550,1.1900,-0.5600,0.0700
2026-07-03,14:29:14,4300315,0.0034,-0.0195,-0
.9565,1.1900,-0.4900,0.1400
2026-07-03,14:29:14,4300415,0.0044,-0.0195,-0.9565,1.1900,-0.6300,0.1400
2026-07-03,14:29:15,4300515,0.0039,-0.0200,-0.9560,1.1900,-0.5600,0.1400
2026-07-03,14:29:15,4300615,0.0044,-0.0200,-0.9570,1.2600,-0.5600,0
.2100
2026-07-03,14:29:15,4300715,0.0034,-0.0205,-0.9560,1.3300,-0.5600,0.1400
2026-07-03,14:29:15,4300815,0.0034,-0.0195,-0.9565,1.1900,-0.6300,0.1400
2026-07-03,14:29:15,4300915,0.0034,-0.0220,-0.9570,1.2600,-0.6300,0.0700
2026-07-03,14:2
9:15,4301015,0.0034,-0.0190,-0.9540,1.2600,-0.5600,0.2100
2026-07-03,14:29:15,4301115,0.0029,-0.0200,-0.9565,1.1200,-0.5600,0.2100
2026-07-03,14:29:15,4301215,0.0044,-0.0185,-0.9540,1.2600,-0.6300,0.1400
2026-07-03,14:29:15,4301315,0.0039,-0
.0190,-0.9570,1.2600,-0.4900,0.2100
2026-07-03,14:29:15,4301415,0.0029,-0.0215,-0.9545,1.1900,-0.4900,0.1400
2026-07-03,14:29:16,4301515,0.0044,-0.0195,-0.9545,1.2600,-0.4900,0.2100
2026-07-03,14:29:16,4301615,0.0034,-0.0195,-0.9550,1.1900,-
0.5600,0.1400
2026-07-03,14:29:16,4301715,0.0039,-0.0185,-0.9565,1.2600,-0.5600,0.2100
2026-07-03,14:29:16,4301815,0.0024,-0.0200,-0.9550,1.2600,-0.4900,0.1400
2026-07-03,14:29:16,4301915,0.0034,-0.0200,-0.9550,1.1900,-0.4900,0.2100
2026-07
-03,14:29:16,4302015,0.0034,-0.0185,-0.9550,1.2600,-0.4200,0.2100
2026-07-03,14:29:16,4302115,0.0039,-0.0195,-0.9540,1.1900,-0.5600,0.2100
2026-07-03,14:29:16,4302215,0.0039,-0.0200,-0.9570,1.1900,-0.4900,0.2100
2026-07-03,14:29:16,4302315,0
.0049,-0.0195,-0.9565,1.1900,-0.5600,0.2100
2026-07-03,14:29:16,4302415,0.0044,-0.0185,-0.9536,1.2600,-0.5600,0.1400
2026-07-03,14:29:17,4302515,0.0024,-0.0190,-0.9565,1.3300,-0.4200,0.2100
2026-07-03,14:29:17,4302615,0.0024,-0.0190,-0.9550,
1.2600,-0.6300,0.1400
2026-07-03,14:29:17,4302715,0.0044,-0.0200,-0.9550,1.2600,-0.6300,0.1400
2026-07-03,14:29:17,4302815,0.0063,-0.0195,-0.9589,1.2600,-0.4900,0.1400
2026-07-03,14:29:17,4302915,0.0039,-0.0205,-0.9560,1.3300,-0.5600,0.1400
2026-07-03,14:29:17,4303020,0.0029,-0.0190,-0.9560,1.2600,-0.6300,0.1400
2026-07-03,14:29:17,4303115,0.0049,-0.0195,-0.9570,1.1900,-0.7000,0.2100
2026-07-03,14:29:17,4303215,0.0039,-0.0224,-0.9565,1.1900,-0.5600,0.2100
2026-07-03,14:29:17,4
303315,0.0029,-0.0195,-0.9555,1.1200,-0.5600,0.2100
2026-07-03,14:29:17,4303415,0.0039,-0.0190,-0.9565,1.2600,-0.4900,0.1400
2026-07-03,14:29:18,4303515,0.0054,-0.0200,-0.9516,1.2600,-0.4900,0.2100
2026-07-03,14:29:18,4303615,0.0029,-0.0181,
-0.9555,1.2600,-0.6300,0.2100
2026-07-03,14:29:18,4303720,0.0029,-0.0185,-0.9570,1.2600,-0.6300,0.1400
2026-07-03,14:29:18,4303815,0.0024,-0.0185,-0.9555,1.1900,-0.4900,0.2100
2026-07-03,14:29:18,4303915,0.0054,-0.0190,-0.9579,1.1900,-0.5600
,0.1400
2026-07-03,14:29:18,4304015,0.0029,-0.0185,-0.9555,1.2600,-0.5600,0.0700
2026-07-03,14:29:18,4304115,0.0068,-0.0224,-0.9575,1.1200,-0.4200,0.0700
2026-07-03,14:29:18,4304215,0.0049,-0.0156,-0.9614,1.3300,-0.7000,0.1400
2026-07-03,14
:29:18,4304315,0.0059,-0.0200,-0.9457,1.2600,-0.5600,0.0700
2026-07-03,14:29:18,4304419,0.0054,-0.0205,-0.9560,1.2600,-0.4900,0.2100
2026-07-03,14:29:19,4304515,0.0029,-0.0185,-0.9614,1.4000,-0.4200,0.1400
2026-07-03,14:29:19,4304615,0.0020,
-0.0176,-0.9550,1.2600,-0.4900,0.2100
2026-07-03,14:29:19,4304715,0.0049,-0.0210,-0.9526,1.3300,-0.4200,0.2100
2026-07-03,14:29:19,4304815,0.0005,-0.0190,-0.9575,1.2600,-0.5600,0.1400
2026-07-03,14:29:19,4304915,0.0005,-0.0229,-0.9579,1.2600
,-0.5600,0.1400
2026-07-03,14:29:19,4305015,0.0020,-0.0215,-0.9492,1.2600,-0.5600,0.2100
2026-07-03,14:29:19,4305119,0.0102,-0.0215,-0.9531,1.1900,-0.4900,0.1400
2026-07-03,14:29:19,4305215,0.0107,-0.0088,-0.9575,1.2600,-0.4900,0.2100
2026-
07-03,14:29:19,4305315,0.0034,-0.0205,-0.9677,1.2600,-0.7000,0.1400
2026-07-03,14:29:19,4305415,0.0029,-0.0249,-0.9506,1.2600,-0.5600,0.1400
2026-07-03,14:29:20,4305515,-0.0088,-0.0190,-0.9516,1.3300,-0.5600,0.2100
2026-07-03,14:29:20,430561
5,-0.0117,-0.0249,-0.9457,1.2600,-0.5600,0.2100
2026-07-03,14:29:20,4305715,0.0059,-0.0366,-0.9423,1.2600,-0.2800,0.0700
2026-07-03,14:29:20,4305815,0.0044,-0.0259,-0.9516,1.1900,-0.2800,0.0700
2026-07-03,14:29:20,4305915,-0.0117,-0.0181,-0.
9638,1.3300,-0.6300,0.1400
2026-07-03,14:29:20,4306015,0.0020,-0.0229,-0.9526,1.2600,-0.4900,0.2100
2026-07-03,14:29:20,4306115,-0.0005,-0.0205,-0.9584,1.1900,-0.3500,0.0700
2026-07-03,14:29:20,4306215,0.0020,-0.0200,-0.9575,1.1900,-0.4900,0
.1400
2026-07-03,14:29:20,4306315,0.0063,-0.0229,-0.9560,1.2600,-0.7000,0.0700
2026-07-03,14:29:20,4306415,0.0044,-0.0181,-0.9560,1.1900,-0.6300,0.0700
2026-07-03,14:29:21,4306515,0.0039,-0.0200,-0.9575,1.2600,-0.5600,0.2100
2026-07-03,14:2
9:21,4306615,0.0029,-0.0220,-0.9565,1.2600,-0.6300,0.2100
2026-07-03,14:29:21,4306715,0.0044,-0.0176,-0.9536,1.2600,-0.5600,0.2100
2026-07-03,14:29:21,4306815,0.0034,-0.0205,-0.9604,1.2600,-0.5600,0.1400
2026-07-03,14:29:21,4306915,0.0034,-0
.0171,-0.9540,1.2600,-0.4900,0.2100
2026-07-03,14:29:21,4307015,0.0024,-0.0220,-0.9570,1.1900,-0.5600,0.2100
2026-07-03,14:29:21,4307115,0.0020,-0.0200,-0.9540,1.1200,-0.6300,0.2100
2026-07-03,14:29:21,4307215,0.0029,-0.0220,-0.9555,1.2600,-
0.4900,0.1400
2026-07-03,14:29:21,4307315,0.0039,-0.0190,-0.9584,1.1900,-0.6300,0.1400
2026-07-03,14:29:21,4307415,0.0049,-0.0200,-0.9550,1.3300,-0.6300,0.1400
2026-07-03,14:29:22,4307515,0.0063,-0.0220,-0.9579,1.1900,-0.5600,0.0700
2026-07
-03,14:29:22,4307615,0.0024,-0.0205,-0.9565,1.1200,-0.5600,0.2100
2026-07-03,14:29:22,4307715,0.0020,-0.0181,-0.9565,1.2600,-0.6300,0.2100
2026-07-03,14:29:22,4307815,0.0029,-0.0195,-0.9560,1.3300,-0.6300,0.2100
2026-07-03,14:29:22,4307915,0
.0054,-0.0200,-0.9560,1.1900,-0.5600,0.1400
2026-07-03,14:29:22,4308015,0.0024,-0.0195,-0.9594,1.1200,-0.5600,0.1400
2026-07-03,14:29:22,4308115,0.0029,-0.0185,-0.9545,1.2600,-0.4900,0.1400
2026-07-03,14:29:22,4308215,0.0024,-0.0185,-0.9555,
1.2600,-0.5600,0.2100
2026-07-03,14:29:22,4308315,0.0039,-0.0190,-0.9570,1.1900,-0.4900,0.2100
2026-07-03,14:29:22,4308415,0.0049,-0.0200,-0.9550,1.2600,-0.4200,0.1400
2026-07-03,14:29:23,4308515,0.0044,-0.0181,-0.9560,1.1900,-0.6300,0.2100
2026-07-03,14:29:23,4308615,0.0044,-0.0185,-0.9560,1.3300,-0.5600,0.2100
2026-07-03,14:29:23,4308715,0.0083,-0.0185,-0.9565,1.1900,-0.6300,0.1400
2026-07-03,14:29:23,4308815,0.0034,-0.0176,-0.9560,1.1900,-0.4900,0.1400
2026-07-03,14:29:23,4
308915,0.0044,-0.0210,-0.9570,1.2600,-0.5600,0.1400
2026-07-03,14:29:23,4309015,0.0024,-0.0185,-0.9599,1.2600,-0.4900,0.1400
2026-07-03,14:29:23,4309115,0.0034,-0.0200,-0.9565,1.1900,-0.5600,0.1400
2026-07-03,14:29:23,4309215,0.0044,-0.0205,
-0.9570,1.1900,-0.4900,0.1400
2026-07-03,14:29:23,4309315,0.0044,-0.0195,-0.9540,1.1900,-0.5600,0.2100
2026-07-03,14:29:23,4309415,0.0068,-0.0185,-0.9540,1.2600,-0.5600,0.2100
2026-07-03,14:29:24,4309515,0.0039,-0.0176,-0.9570,1.1200,-0.7000
,0.1400
2026-07-03,14:29:24,4309615,0.0054,-0.0195,-0.9536,1.2600,-0.5600,0.1400
2026-07-03,14:29:24,4309715,0.0059,-0.0215,-0.9536,1.1900,-0.4900,0.2100
2026-07-03,14:29:24,4309815,0.0054,-0.0195,-0.9555,1.1900,-0.4900,0.2100
2026-07-03,14
:29:24,4309915,0.0044,-0.0205,-0.9560,1.1900,-0.6300,0.0700
2026-07-03,14:29:24,4310015,0.0068,-0.0156,-0.9565,1.1200,-0.5600,0.0700
2026-07-03,14:29:24,4310119,0.0068,-0.0200,-0.9579,1.1900,-0.6300,0.1400
2026-07-03,14:29:24,4310215,0.0059,
-0.0171,-0.9560,1.1200,-0.5600,0.1400
2026-07-03,14:29:24,4310315,0.0044,-0.0200,-0.9565,1.1900,-0.5600,0.1400
2026-07-03,14:29:24,4310415,0.0049,-0.0190,-0.9584,1.1900,-0.5600,0.2100
2026-07-03,14:29:25,4310515,0.0024,-0.0166,-0.9555,1.1900
,-0.5600,0.2100
2026-07-03,14:29:25,4310621,0.0034,-0.0205,-0.9579,1.1900,-0.7000,0.2100
2026-07-03,14:29:25,4310715,0.0049,-0.0190,-0.9570,1.2600,-0.4900,0.2100
2026-07-03,14:29:25,4310815,0.0029,-0.0185,-0.9545,1.2600,-0.5600,0.1400
2026-
07-03,14:29:25,4310915,0.0020,-0.0190,-0.9579,1.1900,-0.5600,0.1400
2026-07-03,14:29:25,4311015,0.0039,-0.0210,-0.9575,1.1900,-0.4900,0.1400
2026-07-03,14:29:25,4311115,0.0039,-0.0200,-0.9540,1.2600,-0.5600,0.0700
2026-07-03,14:29:25,4311215
,0.0024,-0.0200,-0.9555,1.2600,-0.4900,0.1400
2026-07-03,14:29:25,4311320,0.0029,-0.0190,-0.9560,1.2600,-0.6300,0.1400
2026-07-03,14:29:25,4311415,0.0054,-0.0185,-0.9565,1.2600,-0.7000,0.1400
2026-07-03,14:29:26,4311515,0.0039,-0.0190,-0.956
0,1.1900,-0.5600,0.1400
2026-07-03,14:29:26,4311615,0.0039,-0.0195,-0.9550,1.1900,-0.4900,0.0700
2026-07-03,14:29:26,4311715,0.0029,-0.0190,-0.9555,1.2600,-0.5600,0.2100
2026-07-03,14:29:26,4311815,0.0024,-0.0205,-0.9570,1.1200,-0.5600,0.210
0
2026-07-03,14:29:26,4311915,0.0039,-0.0195,-0.9565,1.3300,-0.6300,0.2100
2026-07-03,14:29:26,4312020,0.0024,-0.0210,-0.9560,1.2600,-0.4900,0.1400
2026-07-03,14:29:26,4312115,0.0044,-0.0171,-0.9540,1.2600,-0.6300,0.1400
2026-07-03,14:29:26
,4312215,0.0044,-0.0210,-0.9560,1.1900,-0.5600,0.0700
2026-07-03,14:29:26,4312315,0.0044,-0.0210,-0.9570,1.3300,-0.4900,0.1400
2026-07-03,14:29:26,4312415,0.0054,-0.0200,-0.9575,1.1900,-0.6300,0.2100
2026-07-03,14:29:27,4312515,0.0049,-0.020
0,-0.9565,1.2600,-0.5600,0.0700
2026-07-03,14:29:27,4312615,0.0034,-0.0195,-0.9560,1.1900,-0.6300,0.2100
2026-07-03,14:29:27,4312720,0.0059,-0.0190,-0.9579,1.1900,-0.6300,0.1400
2026-07-03,14:29:27,4312815,0.0029,-0.0215,-0.9555,1.1900,-0.49
00,0.1400
2026-07-03,14:29:27,4312915,0.0044,-0.0195,-0.9555,1.2600,-0.5600,0.1400
2026-07-03,14:29:27,4313015,0.0044,-0.0190,-0.9545,1.1900,-0.6300,0.1400
2026-07-03,14:29:27,4313115,0.0034,-0.0185,-0.9560,1.2600,-0.5600,0.2100
2026-07-03,
14:29:27,4313215,0.0039,-0.0205,-0.9540,1.1900,-0.5600,0.2100
2026-07-03,14:29:27,4313315,0.0039,-0.0210,-0.9560,1.1900,-0.5600,0.2100
2026-07-03,14:29:27,4313415,0.0034,-0.0171,-0.9550,1.2600,-0.5600,0.1400
2026-07-03,14:29:28,4313515,0.003
4,-0.0224,-0.9560,1.2600,-0.5600,0.2100
2026-07-03,14:29:28,4313615,0.0034,-0.0176,-0.9540,1.2600,-0.5600,0.1400
2026-07-03,14:29:28,4313715,0.0020,-0.0195,-0.9540,1.2600,-0.6300,0.0700
2026-07-03,14:29:28,4313815,0.0049,-0.0195,-0.9555,1.19
00,-0.7700,0.1400
2026-07-03,14:29:28,4313915,0.0049,-0.0215,-0.9550,1.1900,-0.6300,0.1400
2026-07-03,14:29:28,4314015,0.0049,-0.0200,-0.9545,1.1900,-0.5600,0.1400
2026-07-03,14:29:28,4314115,0.0039,-0.0200,-0.9545,1.1900,-0.6300,0.0700
202
6-07-03,14:29:28,4314215,0.0059,-0.0190,-0.9555,1.1200,-0.6300,0.1400
2026-07-03,14:29:28,4314315,0.0034,-0.0200,-0.9555,1.2600,-0.5600,0.2100
2026-07-03,14:29:28,4314415,0.0029,-0.0190,-0.9545,1.2600,-0.5600,0.1400
2026-07-03,14:29:29,43145
15,0.0059,-0.0200,-0.9575,1.2600,-0.6300,0.1400
2026-07-03,14:29:29,4314615,0.0029,-0.0190,-0.9536,1.1900,-0.7000,0.0700
2026-07-03,14:29:29,4314715,0.0054,-0.0181,-0.9560,1.1900,-0.7000,0.1400
2026-07-03,14:29:29,4314815,0.0049,-0.0161,-0.9
540,1.2600,-0.6300,0.1400
2026-07-03,14:29:29,4314915,0.0049,-0.0210,-0.9540,1.1200,-0.4900,0.2100
2026-07-03,14:29:29,4315015,0.0063,-0.0190,-0.9560,1.1900,-0.4900,0.1400
2026-07-03,14:29:29,4315119,0.0059,-0.0205,-0.9550,1.2600,-0.6300,0.1
400
2026-07-03,14:29:29,4315215,0.0029,-0.0200,-0.9545,1.1900,-0.6300,0.2100
2026-07-03,14:29:29,4315315,0.0024,-0.0185,-0.9540,1.2600,-0.5600,0.1400
2026-07-03,14:29:29,4315415,0.0059,-0.0210,-0.9575,1.2600,-0.6300,0.0700
2026-07-03,14:29:
30,4315515,0.0044,-0.0195,-0.9550,1.2600,-0.6300,0.2100
2026-07-03,14:29:30,4315615,0.0063,-0.0176,-0.9560,1.2600,-0.4900,0.0700
2026-07-03,14:29:30,4315715,0.0039,-0.0190,-0.9545,1.1900,-0.5600,0.2100
2026-07-03,14:29:30,4315815,0.0063,-0.0
185,-0.9565,1.1900,-0.4200,0.2100
2026-07-03,14:29:30,4315915,0.0044,-0.0200,-0.9565,1.1200,-0.4900,0.1400
2026-07-03,14:29:30,4316015,0.0044,-0.0195,-0.9560,1.2600,-0.7000,0.1400
2026-07-03,14:29:30,4316115,0.0073,-0.0195,-0.9579,1.3300,-0.
7000,0.0700
2026-07-03,14:29:30,4316215,0.0049,-0.0200,-0.9531,1.1900,-0.5600,0.1400
2026-07-03,14:29:30,4316315,0.0044,-0.0200,-0.9565,1.1900,-0.5600,0.1400
2026-07-03,14:29:30,4316415,0.0063,-0.0195,-0.9565,1.3300,-0.4900,0.2100
2026-07-0
3,14:29:31,4316515,0.0039,-0.0224,-0.9575,1.3300,-0.7000,0.2100
2026-07-03,14:29:31,4316615,0.0024,-0.0210,-0.9545,1.2600,-0.4900,0.2100
2026-07-03,14:29:31,4316715,0.0049,-0.0181,-0.9570,1.2600,-0.5600,0.0700
2026-07-03,14:29:31,4316815,0.0
029,-0.0205,-0.9565,1.1900,-0.5600,0.1400
2026-07-03,14:29:31,4316915,0.0034,-0.0215,-0.9560,1.2600,-0.4900,0.2100
2026-07-03,14:29:31,4317015,0.0020,-0.0190,-0.9555,1.2600,-0.4900,0.1400
2026-07-03,14:29:31,4317115,0.0049,-0.0195,-0.9565,1.
1900,-0.5600,0.1400
2026-07-03,14:29:31,4317215,0.0044,-0.0190,-0.9555,1.2600,-0.5600,0.1400
2026-07-03,14:29:31,4317315,0.0034,-0.0200,-0.9579,1.1900,-0.5600,0.1400
2026-07-03,14:29:31,4317415,0.0044,-0.0190,-0.9550,1.1900,-0.6300,0.0700
2
026-07-03,14:29:32,4317515,0.0029,-0.0200,-0.9550,1.1900,-0.7000,0.1400
2026-07-03,14:29:32,4317615,0.0034,-0.0181,-0.9531,1.3300,-0.5600,0.1400
2026-07-03,14:29:32,4317715,0.0044,-0.0185,-0.9560,1.1900,-0.4900,0.2100
2026-07-03,14:29:32,431
7815,0.0034,-0.0215,-0.9531,1.1900,-0.3500,0.2100
2026-07-03,14:29:32,4317915,0.0020,-0.0215,-0.9555,1.2600,-0.6300,0.0700
2026-07-03,14:29:32,4318015,0.0000,-0.0200,-0.9560,1.2600,-0.5600,0.1400
2026-07-03,14:29:32,4318115,0.0054,-0.0195,-0
.9531,1.2600,-0.4900,0.1400
2026-07-03,14:29:32,4318215,0.0049,-0.0181,-0.9584,1.2600,-0.6300,0.1400
2026-07-03,14:29:32,4318315,0.0044,-0.0171,-0.9536,1.2600,-0.4900,0.2800
2026-07-03,14:29:32,4318415,0.0034,-0.0220,-0.9589,1.2600,-0.6300,0
.1400
2026-07-03,14:29:33,4318515,0.0049,-0.0205,-0.9545,1.1900,-0.6300,0.0700
2026-07-03,14:29:33,4318615,0.0034,-0.0185,-0.9550,1.2600,-0.5600,0.2100
2026-07-03,14:29:33,4318715,0.0024,-0.0200,-0.9570,1.1900,-0.6300,0.1400
2026-07-03,14:2
9:33,4318815,0.0044,-0.0190,-0.9550,1.3300,-0.5600,0.1400
2026-07-03,14:29:33,4318915,0.0039,-0.0205,-0.9594,1.3300,-0.6300,0.0700
2026-07-03,14:29:33,4319015,0.0039,-0.0185,-0.9545,1.1900,-0.5600,0.1400
2026-07-03,14:29:33,4319115,0.0049,-0
.0185,-0.9560,1.2600,-0.4900,0.1400
2026-07-03,14:29:33,4319215,0.0054,-0.0220,-0.9560,1.2600,-0.6300,0.2100
2026-07-03,14:29:33,4319315,0.0024,-0.0200,-0.9565,1.1900,-0.5600,0.0700
2026-07-03,14:29:33,4319415,0.0039,-0.0181,-0.9550,1.2600,-
0.4900,0.1400
2026-07-03,14:29:34,4319515,0.0039,-0.0210,-0.9555,1.1900,-0.5600,0.2100
2026-07-03,14:29:34,4319620,0.0024,-0.0195,-0.9560,1.1900,-0.6300,0.2100
2026-07-03,14:29:34,4319715,0.0039,-0.0185,-0.9531,1.1900,-0.4200,0.2100
2026-07
-03,14:29:34,4319815,0.0039,-0.0200,-0.9555,1.1900,-0.6300,0.1400
2026-07-03,14:29:34,4319915,0.0020,-0.0195,-0.9545,1.1900,-0.6300,0.0700
2026-07-03,14:29:34,4320015,0.0049,-0.0210,-0.9584,1.3300,-0.5600,0.0700
2026-07-03,14:29:34,4320119,0
.0063,-0.0166,-0.9555,1.1900,-0.4900,0.1400
2026-07-03,14:29:34,4320215,0.0063,-0.0195,-0.9545,1.2600,-0.6300,0.1400
2026-07-03,14:29:34,4320320,0.0059,-0.0176,-0.9550,1.1200,-0.5600,0.2800
2026-07-03,14:29:34,4320415,0.0054,-0.0176,-0.9545,
1.1200,-0.5600,0.0700
2026-07-03,14:29:35,4320515,0.0054,-0.0195,-0.9560,1.1900,-0.5600,0.1400
2026-07-03,14:29:35,4320615,0.0029,-0.0151,-0.9536,1.2600,-0.5600,0.1400
2026-07-03,14:29:35,4320715,0.0063,-0.0181,-0.9555,1.2600,-0.6300,0.1400
2026-07-03,14:29:35,4320815,0.0054,-0.0205,-0.9550,1.2600,-0.7000,0.1400
2026-07-03,14:29:35,4320915,0.0029,-0.0185,-0.9545,1.1900,-0.4900,0.2100
2026-07-03,14:29:35,4321021,0.0029,-0.0195,-0.9565,1.2600,-0.7000,0.1400
2026-07-03,14:29:35,4
321115,0.0044,-0.0190,-0.9560,1.1900,-0.5600,0.1400
2026-07-03,14:29:35,4321215,0.0020,-0.0190,-0.9536,1.2600,-0.4900,0.1400
2026-07-03,14:29:35,4321315,0.0039,-0.0210,-0.9565,1.1900,-0.5600,0.2100
2026-07-03,14:29:35,4321415,0.0044,-0.0224,
-0.9540,1.1900,-0.5600,0.1400
2026-07-03,14:29:36,4321515,0.0015,-0.0200,-0.9531,1.1900,-0.5600,0.1400
2026-07-03,14:29:36,4321615,0.0054,-0.0224,-0.9550,1.1900,-0.4900,0.2100
2026-07-03,14:29:36,4321715,0.0054,-0.0190,-0.9579,1.1900,-0.6300
,0.0700
2026-07-03,14:29:36,4321815,0.0049,-0.0185,-0.9555,1.1900,-0.6300,0.0700
2026-07-03,14:29:36,4321915,0.0044,-0.0176,-0.9545,1.1900,-0.5600,0.1400
2026-07-03,14:29:36,4322015,0.0049,-0.0195,-0.9579,1.1900,-0.6300,0.2100
2026-07-03,14
:29:36,4322115,0.0044,-0.0181,-0.9531,1.2600,-0.5600,0.1400
2026-07-03,14:29:36,4322215,0.0044,-0.0190,-0.9550,1.2600,-0.5600,0.1400
2026-07-03,14:29:36,4322315,0.0049,-0.0215,-0.9579,1.2600,-0.6300,0.1400
2026-07-03,14:29:36,4322415,0.0044,
-0.0195,-0.9550,1.1200,-0.5600,0.1400
2026-07-03,14:29:37,4322515,0.0020,-0.0210,-0.9565,1.2600,-0.4900,0.2100
2026-07-03,14:29:37,4322615,0.0034,-0.0195,-0.9560,1.2600,-0.6300,0.2100
2026-07-03,14:29:37,4322715,0.0024,-0.0181,-0.9555,1.2600
,-0.6300,0.2100
2026-07-03,14:29:37,4322815,0.0034,-0.0181,-0.9570,1.2600,-0.5600,0.2100
2026-07-03,14:29:37,4322915,0.0044,-0.0181,-0.9540,1.1900,-0.6300,0.1400
2026-07-03,14:29:37,4323015,0.0054,-0.0195,-0.9560,1.3300,-0.4900,0.2100
2026-
07-03,14:29:37,4323115,0.0034,-0.0205,-0.9560,1.2600,-0.6300,0.1400
2026-07-03,14:29:37,4323215,0.0063,-0.0195,-0.9560,1.2600,-0.4900,0.1400
2026-07-03,14:29:37,4323315,0.0054,-0.0200,-0.9545,1.1900,-0.4900,0.2100
2026-07-03,14:29:37,4323415
,0.0044,-0.0215,-0.9536,1.1200,-0.5600,0.1400
2026-07-03,14:29:38,4323515,0.0049,-0.0190,-0.9555,1.2600,-0.5600,0.1400
2026-07-03,14:29:38,4323615,0.0024,-0.0181,-0.9540,1.2600,-0.4200,0.2100
2026-07-03,14:29:38,4323715,0.0029,-0.0195,-0.955
0,1.1900,-0.6300,0.1400
2026-07-03,14:29:38,4323815,0.0029,-0.0190,-0.9560,1.2600,-0.5600,0.1400
2026-07-03,14:29:38,4323915,0.0034,-0.0215,-0.9555,1.2600,-0.4900,0.1400
2026-07-03,14:29:38,4324015,0.0020,-0.0181,-0.9560,1.1900,-0.5600,0.140
0
2026-07-03,14:29:38,4324115,0.0029,-0.0166,-0.9545,1.1900,-0.5600,0.2100
2026-07-03,14:29:38,4324215,0.0044,-0.0224,-0.9565,1.1900,-0.4900,0.1400
2026-07-03,14:29:38,4324315,0.0049,-0.0210,-0.9550,1.2600,-0.4900,0.0700
2026-07-03,14:29:38
,4324415,0.0063,-0.0176,-0.9565,1.3300,-0.4900,0.2100
2026-07-03,14:29:39,4324515,0.0059,-0.0190,-0.9570,1.2600,-0.5600,0.2100
2026-07-03,14:29:39,4324615,0.0049,-0.0181,-0.9570,1.2600,-0.4200,0.2800
2026-07-03,14:29:39,4324715,0.0034,-0.019
5,-0.9570,1.2600,-0.5600,0.1400
2026-07-03,14:29:39,4324815,0.0039,-0.0200,-0.9560,1.3300,-0.5600,0.2100
2026-07-03,14:29:39,4324915,0.0049,-0.0224,-0.9550,1.1900,-0.4200,0.2800
2026-07-03,14:29:39,4325015,0.0024,-0.0190,-0.9565,1.2600,-0.49
00,0.1400
2026-07-03,14:29:39,4325119,0.0054,-0.0185,-0.9550,1.1900,-0.4200,0.2100
2026-07-03,14:29:39,4325215,0.0034,-0.0190,-0.9560,1.3300,-0.7000,0.1400
2026-07-03,14:29:39,4325315,0.0034,-0.0185,-0.9540,1.1900,-0.6300,0.2100
2026-07-03,
14:29:39,4325415,0.0049,-0.0224,-0.9584,1.1900,-0.5600,0.1400
2026-07-03,14:29:40,4325515,0.0034,-0.0220,-0.9555,1.1200,-0.4900,0.0700
2026-07-03,14:29:40,4325615,0.0044,-0.0176,-0.9570,1.3300,-0.5600,0.2100
2026-07-03,14:29:40,4325715,0.004
4,-0.0195,-0.9565,1.2600,-0.5600,0.2100
2026-07-03,14:29:40,4325815,0.0063,-0.0190,-0.9565,1.1900,-0.6300,0.1400
2026-07-03,14:29:40,4325915,0.0059,-0.0190,-0.9570,1.1900,-0.5600,0.2800
2026-07-03,14:29:40,4326015,0.0044,-0.0195,-0.9545,1.19
00,-0.4900,0.1400
2026-07-03,14:29:40,4326115,0.0039,-0.0220,-0.9545,1.1900,-0.5600,0.2100
2026-07-03,14:29:40,4326215,0.0054,-0.0181,-0.9540,1.2600,-0.6300,0.0700
2026-07-03,14:29:40,4326315,0.0029,-0.0185,-0.9531,1.2600,-0.6300,0.1400
202
6-07-03,14:29:40,4326415,0.0044,-0.0210,-0.9540,1.1900,-0.7700,0.2100
2026-07-03,14:29:41,4326515,0.0034,-0.0200,-0.9521,1.1900,-0.7000,0.2100
2026-07-03,14:29:41,4326615,0.0063,-0.0205,-0.9570,1.1900,-0.5600,0.1400
2026-07-03,14:29:41,43267
15,0.0029,-0.0190,-0.9560,1.1900,-0.6300,0.0700
2026-07-03,14:29:41,4326815,0.0049,-0.0210,-0.9570,1.1200,-0.5600,0.2100
2026-07-03,14:29:41,4326915,0.0010,-0.0210,-0.9526,1.2600,-0.5600,0.1400
2026-07-03,14:29:41,4327015,0.0015,-0.0215,-0.9
540,1.3300,-0.4900,0.2800
2026-07-03,14:29:41,4327115,0.0034,-0.0200,-0.9550,1.2600,-0.4900,0.2100
2026-07-03,14:29:41,4327215,0.0054,-0.0171,-0.9565,1.1900,-0.4200,0.2100
2026-07-03,14:29:41,4327315,0.0083,-0.0210,-0.9531,1.0500,-0.4900,0.1
400
2026-07-03,14:29:41,4327415,0.0044,-0.0185,-0.9560,1.2600,-0.5600,0.1400
2026-07-03,14:29:42,4327515,0.0059,-0.0195,-0.9565,1.2600,-0.5600,0.2100
2026-07-03,14:29:42,4327615,0.0049,-0.0210,-0.9545,1.1900,-0.4900,0.2100
2026-07-03,14:29:
42,4327715,0.0039,-0.0181,-0.9540,1.1900,-0.6300,0.2100
2026-07-03,14:29:42,4327815,0.0034,-0.0185,-0.9545,1.1900,-0.6300,0.1400
2026-07-03,14:29:42,4327921,0.0029,-0.0210,-0.9560,1.1900,-0.6300,0.1400
2026-07-03,14:29:42,4328015,0.0034,-0.0
195,-0.9570,1.2600,-0.6300,0.2100
2026-07-03,14:29:42,4328115,0.0039,-0.0166,-0.9550,1.1900,-0.6300,0.2100
2026-07-03,14:29:42,4328215,0.0029,-0.0200,-0.9526,1.1900,-0.4900,0.1400
2026-07-03,14:29:42,4328315,0.0015,-0.0229,-0.9545,1.1900,-0.
4200,0.2800
2026-07-03,14:29:42,4328415,0.0024,-0.0185,-0.9555,1.1900,-0.7000,0.1400
2026-07-03,14:29:43,4328515,0.0034,-0.0190,-0.9579,1.2600,-0.4200,0.2100
2026-07-03,14:29:43,4328620,0.0049,-0.0185,-0.9565,1.2600,-0.5600,0.1400
2026-07-0
3,14:29:43,4328715,0.0054,-0.0166,-0.9540,1.1900,-0.4900,0.2100
2026-07-03,14:29:43,4328815,0.0049,-0.0200,-0.9575,1.2600,-0.6300,0.1400
2026-07-03,14:29:43,4328915,0.0020,-0.0190,-0.9560,1.2600,-0.6300,0.1400
2026-07-03,14:29:43,4329015,0.0
015,-0.0200,-0.9560,1.1200,-0.6300,0.2100
2026-07-03,14:29:43,4329115,0.0044,-0.0195,-0.9555,1.1900,-0.5600,0.1400
2026-07-03,14:29:43,4329215,0.0049,-0.0185,-0.9570,1.3300,-0.5600,0.1400
2026-07-03,14:29:43,4329320,0.0039,-0.0185,-0.9545,1.
3300,-0.4900,0.1400
2026-07-03,14:29:43,4329415,0.0020,-0.0185,-0.9565,1.1900,-0.6300,0.1400
2026-07-03,14:29:44,4329515,0.0015,-0.0205,-0.9550,1.3300,-0.5600,0.1400
2026-07-03,14:29:44,4329615,0.0044,-0.0181,-0.9565,1.2600,-0.4900,0.2100
2
026-07-03,14:29:44,4329715,0.0039,-0.0205,-0.9560,1.2600,-0.6300,0.2100
2026-07-03,14:29:44,4329815,0.0054,-0.0181,-0.9560,1.2600,-0.5600,0.1400
2026-07-03,14:29:44,4329915,0.0034,-0.0185,-0.9526,1.1900,-0.6300,0.2100
2026-07-03,14:29:44,433
0015,0.0029,-0.0190,-0.9575,1.1900,-0.6300,0.2100
2026-07-03,14:29:44,4330119,0.0024,-0.0171,-0.9550,1.2600,-0.5600,0.1400
2026-07-03,14:29:44,4330215,0.0039,-0.0190,-0.9565,1.1200,-0.5600,0.1400
2026-07-03,14:29:44,4330315,0.0063,-0.0195,-0
.9555,1.1900,-0.4900,0.2100
2026-07-03,14:29:44,4330415,0.0034,-0.0200,-0.9570,1.2600,-0.5600,0.2100
2026-07-03,14:29:45,4330515,0.0024,-0.0185,-0.9540,1.1900,-0.7700,0.1400
2026-07-03,14:29:45,4330615,0.0059,-0.0171,-0.9560,1.1900,-0.7000,0
.0700
2026-07-03,14:29:45,4330715,0.0015,-0.0200,-0.9575,1.1900,-0.6300,0.1400
2026-07-03,14:29:45,4330815,0.0049,-0.0181,-0.9555,1.2600,-0.5600,0.0700
2026-07-03,14:29:45,4330915,0.0054,-0.0190,-0.9536,1.2600,-0.4900,0.1400
2026-07-03,14:2
9:45,4331015,0.0044,-0.0176,-0.9555,1.3300,-0.7000,0.0700
2026-07-03,14:29:45,4331115,0.0068,-0.0210,-0.9540,1.2600,-0.4200,0.1400
2026-07-03,14:29:45,4331215,0.0039,-0.0176,-0.9575,1.2600,-0.5600,0.1400
2026-07-03,14:29:45,4331315,0.0020,-0
.0200,-0.9560,1.2600,-0.5600,0.2100
2026-07-03,14:29:45,4331415,0.0068,-0.0210,-0.9550,1.2600,-0.5600,0.1400
2026-07-03,14:29:46,4331515,0.0029,-0.0190,-0.9555,1.2600,-0.6300,0.0700
2026-07-03,14:29:46,4331615,0.0024,-0.0195,-0.9550,1.2600,-
0.6300,0.1400
2026-07-03,14:29:46,4331715,0.0049,-0.0210,-0.9540,1.1900,-0.5600,0.0700
2026-07-03,14:29:46,4331815,0.0034,-0.0200,-0.9555,1.2600,-0.5600,0.2100
2026-07-03,14:29:46,4331915,0.0024,-0.0205,-0.9584,1.1900,-0.5600,0.2100
2026-07
-03,14:29:46,4332015,0.0054,-0.0190,-0.9560,1.2600,-0.4900,0.1400
2026-07-03,14:29:46,4332115,0.0034,-0.0195,-0.9560,1.1900,-0.6300,0.2800
2026-07-03,14:29:46,4332215,0.0039,-0.0195,-0.9555,1.2600,-0.6300,0.1400
2026-07-03,14:29:46,4332315,0
.0039,-0.0200,-0.9540,1.1900,-0.4200,0.1400
2026-07-03,14:29:46,4332415,0.0034,-0.0195,-0.9560,1.1200,-0.6300,0.1400
2026-07-03,14:29:47,4332515,0.0054,-0.0161,-0.9565,1.2600,-0.4200,0.1400
2026-07-03,14:29:47,4332615,0.0049,-0.0224,-0.9540,
1.1900,-0.4900,0.2100
2026-07-03,14:29:47,4332715,0.0054,-0.0195,-0.9565,1.2600,-0.4200,0.1400
2026-07-03,14:29:47,4332815,0.0049,-0.0200,-0.9545,1.2600,-0.7000,0.2100
2026-07-03,14:29:47,4332915,0.0039,-0.0195,-0.9536,1.2600,-0.6300,0.1400
2026-07-03,14:29:47,4333015,0.0049,-0.0220,-0.9560,1.2600,-0.7000,0.2100
2026-07-03,14:29:47,4333115,0.0029,-0.0229,-0.9565,1.1900,-0.5600,0.2100
2026-07-03,14:29:47,4333215,0.0034,-0.0200,-0.9555,1.2600,-0.5600,0.1400
2026-07-03,14:29:47,4
333315,0.0034,-0.0176,-0.9550,1.2600,-0.7000,0.1400
2026-07-03,14:29:47,4333415,0.0029,-0.0229,-0.9565,1.1900,-0.4900,0.1400
2026-07-03,14:29:48,4333515,0.0039,-0.0195,-0.9565,1.1900,-0.6300,0.1400
2026-07-03,14:29:48,4333615,0.0034,-0.0185,
-0.9550,1.2600,-0.6300,0.2100
2026-07-03,14:29:48,4333715,0.0049,-0.0171,-0.9550,1.2600,-0.4900,0.2800
2026-07-03,14:29:48,4333815,0.0034,-0.0200,-0.9540,1.1900,-0.6300,0.1400
2026-07-03,14:29:48,4333915,0.0044,-0.0200,-0.9536,1.1200,-0.5600
,0.1400
2026-07-03,14:29:48,4334015,0.0044,-0.0190,-0.9531,1.2600,-0.6300,0.1400
2026-07-03,14:29:48,4334115,0.0039,-0.0190,-0.9575,1.1900,-0.5600,0.1400
2026-07-03,14:29:48,4334215,0.0020,-0.0185,-0.9540,1.3300,-0.6300,0.0700
2026-07-03,14
:29:48,4334315,0.0015,-0.0195,-0.9565,1.2600,-0.4900,0.1400
2026-07-03,14:29:48,4334415,0.0039,-0.0200,-0.9536,1.1900,-0.4900,0.1400
2026-07-03,14:29:49,4334515,0.0029,-0.0200,-0.9560,1.1900,-0.4900,0.1400
2026-07-03,14:29:49,4334615,0.0029,
-0.0185,-0.9570,1.1900,-0.5600,0.2100
2026-07-03,14:29:49,4334715,0.0034,-0.0205,-0.9560,1.3300,-0.5600,0.0700
2026-07-03,14:29:49,4334815,0.0054,-0.0190,-0.9540,1.2600,-0.5600,0.1400
2026-07-03,14:29:49,4334915,0.0034,-0.0185,-0.9570,1.3300
,-0.4900,0.2800
2026-07-03,14:29:49,4335015,0.0049,-0.0190,-0.9560,1.2600,-0.4900,0.1400
2026-07-03,14:29:49,4335119,0.0068,-0.0185,-0.9555,1.1200,-0.5600,0.1400
2026-07-03,14:29:49,4335215,0.0020,-0.0185,-0.9536,1.2600,-0.5600,0.1400
2026-
07-03,14:29:49,4335315,0.0044,-0.0181,-0.9560,1.3300,-0.4200,0.1400
2026-07-03,14:29:49,4335415,0.0039,-0.0195,-0.9575,1.2600,-0.5600,0.1400
2026-07-03,14:29:50,4335515,0.0029,-0.0205,-0.9584,1.2600,-0.5600,0.2100
2026-07-03,14:29:50,4335615
,0.0054,-0.0185,-0.9516,1.1900,-0.5600,0.2100
2026-07-03,14:29:50,4335715,0.0054,-0.0205,-0.9550,1.2600,-0.4900,0.2100
2026-07-03,14:29:50,4335815,0.0054,-0.0200,-0.9584,1.1900,-0.5600,0.2100
2026-07-03,14:29:50,4335915,0.0034,-0.0200,-0.955
0,1.1900,-0.6300,0.1400
2026-07-03,14:29:50,4336015,0.0054,-0.0200,-0.9579,1.1200,-0.5600,0.2100
2026-07-03,14:29:50,4336115,0.0024,-0.0185,-0.9516,1.2600,-0.5600,0.1400
2026-07-03,14:29:50,4336220,0.0024,-0.0195,-0.9536,1.1900,-0.6300,0.210
0
2026-07-03,14:29:50,4336315,0.0054,-0.0166,-0.9560,1.2600,-0.5600,0.2100
2026-07-03,14:29:50,4336415,0.0034,-0.0190,-0.9555,1.3300,-0.5600,0.1400
2026-07-03,14:29:51,4336515,0.0039,-0.0185,-0.9545,1.2600,-0.6300,0.0700
2026-07-03,14:29:51
,4336615,0.0049,-0.0210,-0.9565,1.1900,-0.6300,0.1400
2026-07-03,14:29:51,4336715,0.0044,-0.0176,-0.9540,1.3300,-0.4900,0.2100
2026-07-03,14:29:51,4336815,0.0059,-0.0215,-0.9555,1.1900,-0.4900,0.2100
2026-07-03,14:29:51,4336919,0.0039,-0.020
5,-0.9550,1.2600,-0.4900,0.2100
2026-07-03,14:29:51,4337015,0.0073,-0.0200,-0.9550,1.4000,-0.5600,0.2100
2026-07-03,14:29:51,4337115,0.0054,-0.0185,-0.9526,1.2600,-0.5600,0.0700
2026-07-03,14:29:51,4337215,0.0034,-0.0215,-0.9570,1.2600,-0.56
00,0.1400
2026-07-03,14:29:51,4337315,0.0039,-0.0176,-0.9579,1.2600,-0.7000,0.2100
2026-07-03,14:29:51,4337415,0.0034,-0.0215,-0.9575,1.2600,-0.6300,0.2100
2026-07-03,14:29:52,4337515,0.0029,-0.0190,-0.9540,1.2600,-0.6300,0.1400
2026-07-03,
14:29:52,4337620,0.0029,-0.0195,-0.9565,1.2600,-0.4200,0.2100
2026-07-03,14:29:52,4337715,0.0044,-0.0200,-0.9575,1.1900,-0.5600,0.1400
2026-07-03,14:29:52,4337815,0.0034,-0.0176,-0.9540,1.1900,-0.5600,0.2100
2026-07-03,14:29:52,4337915,0.003
4,-0.0205,-0.9555,1.2600,-0.5600,0.0700
2026-07-03,14:29:52,4338015,0.0049,-0.0190,-0.9565,1.1900,-0.4900,0.2100
2026-07-03,14:29:52,4338115,0.0015,-0.0181,-0.9579,1.2600,-0.4200,0.1400
2026-07-03,14:29:52,4338215,0.0049,-0.0210,-0.9565,1.26
00,-0.5600,0.2100
2026-07-03,14:29:52,4338320,0.0029,-0.0205,-0.9540,1.1900,-0.5600,0.2100
2026-07-03,14:29:52,4338415,0.0049,-0.0205,-0.9555,1.1900,-0.5600,0.2800
2026-07-03,14:29:53,4338515,0.0039,-0.0205,-0.9570,1.2600,-0.5600,0.2100
202
6-07-03,14:29:53,4338615,0.0034,-0.0181,-0.9565,1.1900,-0.5600,0.2100
2026-07-03,14:29:53,4338715,0.0049,-0.0181,-0.9570,1.2600,-0.6300,0.2100
2026-07-03,14:29:53,4338815,0.0039,-0.0205,-0.9575,1.1900,-0.5600,0.0700
2026-07-03,14:29:53,43389
15,0.0034,-0.0195,-0.9550,1.2600,-0.5600,0.1400
2026-07-03,14:29:53,4339015,0.0044,-0.0190,-0.9545,1.2600,-0.5600,0.1400
2026-07-03,14:29:53,4339115,0.0059,-0.0210,-0.9540,1.1900,-0.5600,0.2100
2026-07-03,14:29:53,4339215,0.0054,-0.0195,-0.9
555,1.1900,-0.5600,0.0700
2026-07-03,14:29:53,4339315,0.0044,-0.0195,-0.9565,1.2600,-0.6300,0.1400
2026-07-03,14:29:53,4339415,0.0044,-0.0190,-0.9550,1.1900,-0.6300,0.1400
2026-07-03,14:29:54,4339515,0.0044,-0.0210,-0.9560,1.1900,-0.5600,0.1
400
2026-07-03,14:29:54,4339615,0.0029,-0.0181,-0.9570,1.1900,-0.4900,0.2100
2026-07-03,14:29:54,4339715,0.0044,-0.0176,-0.9536,1.1900,-0.5600,0.1400
2026-07-03,14:29:54,4339815,0.0049,-0.0190,-0.9521,1.1900,-0.4900,0.1400
2026-07-03,14:29:
54,4339915,0.0044,-0.0215,-0.9550,1.2600,-0.5600,0.1400
2026-07-03,14:29:54,4340015,0.0044,-0.0181,-0.9584,1.1900,-0.4900,0.2100
2026-07-03,14:29:54,4340119,0.0034,-0.0176,-0.9545,1.1900,-0.5600,0.2100
2026-07-03,14:29:54,4340215,0.0073,-0.0
210,-0.9536,1.2600,-0.4900,0.2100
2026-07-03,14:29:54,4340315,0.0059,-0.0215,-0.9565,1.1900,-0.5600,0.2100
2026-07-03,14:29:54,4340415,0.0039,-0.0210,-0.9555,1.1900,-0.5600,0.2100
2026-07-03,14:29:55,4340515,0.0029,-0.0205,-0.9589,1.3300,-0.
5600,0.1400
2026-07-03,14:29:55,4340615,0.0034,-0.0190,-0.9545,1.1900,-0.4200,0.1400
2026-07-03,14:29:55,4340715,0.0068,-0.0176,-0.9550,1.2600,-0.4900,0.1400
2026-07-03,14:29:55,4340815,0.0039,-0.0220,-0.9565,1.1900,-0.4900,0.1400
2026-07-0
3,14:29:55,4340915,0.0020,-0.0195,-0.9565,1.2600,-0.5600,0.2100
2026-07-03,14:29:55,4341015,0.0024,-0.0166,-0.9565,1.1900,-0.4900,0.2100
2026-07-03,14:29:55,4341115,0.0049,-0.0200,-0.9550,1.3300,-0.6300,0.1400
2026-07-03,14:29:55,4341215,0.0
044,-0.0195,-0.9545,1.1900,-0.7000,0.1400
2026-07-03,14:29:55,4341315,0.0063,-0.0195,-0.9560,1.2600,-0.5600,0.1400
2026-07-03,14:29:55,4341415,0.0068,-0.0210,-0.9511,1.1900,-0.6300,0.2100
2026-07-03,14:29:56,4341515,0.0073,-0.0176,-0.9565,1.
2600,-0.4900,0.1400
2026-07-03,14:29:56,4341615,0.0039,-0.0171,-0.9555,1.2600,-0.4900,0.2100
2026-07-03,14:29:56,4341715,0.0024,-0.0210,-0.9570,1.1900,-0.4900,0.2100
2026-07-03,14:29:56,4341815,0.0034,-0.0205,-0.9560,1.2600,-0.5600,0.1400
2
026-07-03,14:29:56,4341915,0.0034,-0.0195,-0.9575,1.2600,-0.5600,0.1400
2026-07-03,14:29:56,4342015,0.0015,-0.0200,-0.9560,1.1900,-0.5600,0.1400
2026-07-03,14:29:56,4342115,0.0059,-0.0210,-0.9550,1.1900,-0.5600,0.0700
2026-07-03,14:29:56,434
2215,0.0054,-0.0200,-0.9560,1.2600,-0.5600,0.2100
2026-07-03,14:29:56,4342315,0.0034,-0.0205,-0.9579,1.2600,-0.4900,0.2100
2026-07-03,14:29:56,4342415,0.0049,-0.0185,-0.9555,1.2600,-0.4900,0.1400
2026-07-03,14:29:57,4342515,0.0024,-0.0190,-0
.9540,1.2600,-0.5600,0.0700
2026-07-03,14:29:57,4342615,0.0054,-0.0185,-0.9604,1.1900,-0.5600,0.1400
2026-07-03,14:29:57,4342715,0.0083,-0.0215,-0.9501,1.1900,-0.5600,0.2100
2026-07-03,14:29:57,4342815,0.0044,-0.0185,-0.9526,1.1900,-0.4900,0
.2100
2026-07-03,14:29:57,4342915,0.0024,-0.0205,-0.9570,1.2600,-0.5600,0.1400
2026-07-03,14:29:57,4343015,0.0039,-0.0166,-0.9555,1.1900,-0.6300,0.1400
2026-07-03,14:29:57,4343115,0.0029,-0.0190,-0.9565,1.1900,-0.5600,0.0700
2026-07-03,14:2
9:57,4343215,0.0049,-0.0200,-0.9575,1.3300,-0.5600,0.0700
2026-07-03,14:29:57,4343315,0.0029,-0.0205,-0.9550,1.3300,-0.5600,0.1400
2026-07-03,14:29:57,4343415,0.0044,-0.0176,-0.9526,1.2600,-0.4200,0.2100
2026-07-03,14:29:58,4343515,0.0024,-0
.0195,-0.9589,1.3300,-0.4900,0.2100
2026-07-03,14:29:58,4343615,0.0044,-0.0190,-0.9560,1.1900,-0.6300,0.1400
2026-07-03,14:29:58,4343715,0.0073,-0.0200,-0.9565,1.2600,-0.5600,0.0700
2026-07-03,14:29:58,4343815,0.0049,-0.0176,-0.9526,1.1900,-
0.5600,0.1400
2026-07-03,14:29:58,4343915,0.0034,-0.0190,-0.9575,1.2600,-0.6300,0.1400
2026-07-03,14:29:58,4344015,0.0039,-0.0210,-0.9540,1.2600,-0.5600,0.0000
2026-07-03,14:29:58,4344115,0.0059,-0.0220,-0.9575,1.2600,-0.5600,0.2100
2026-07
-03,14:29:58,4344215,0.0039,-0.0205,-0.9570,1.1900,-0.5600,0.2100
2026-07-03,14:29:58,4344315,0.0054,-0.0195,-0.9540,1.2600,-0.5600,0.2800
2026-07-03,14:29:58,4344415,0.0059,-0.0210,-0.9550,1.2600,-0.6300,0.1400
2026-07-03,14:29:59,4344515,0
.0044,-0.0195,-0.9555,1.1900,-0.5600,0.1400
2026-07-03,14:29:59,4344615,0.0020,-0.0185,-0.9570,1.1900,-0.4900,0.2100
2026-07-03,14:29:59,4344715,0.0044,-0.0195,-0.9550,1.2600,-0.5600,0.2100
2026-07-03,14:29:59,4344815,0.0015,-0.0210,-0.9565,
1.1900,-0.6300,0.2100
2026-07-03,14:29:59,4344915,0.0039,-0.0200,-0.9570,1.2600,-0.5600,0.1400
2026-07-03,14:29:59,4345015,0.0039,-0.0185,-0.9560,1.1200,-0.4900,0.1400
2026-07-03,14:29:59,4345119,0.0044,-0.0200,-0.9555,1.2600,-0.6300,0.2100
2026-07-03,14:29:59,4345221,0.0034,-0.0195,-0.9565,1.1900,-0.4900,0.2800
2026-07-03,14:29:59,4345315,0.0039,-0.0205,-0.9570,1.2600,-0.5600,0.1400
2026-07-03,14:29:59,4345415,0.0059,-0.0181,-0.9579,1.2600,-0.5600,0.1400
2026-07-03,14:30:00,4
345515,0.0039,-0.0215,-0.9575,1.2600,-0.4900,0.2100
2026-07-03,14:30:00,4345615,0.0059,-0.0215,-0.9536,1.1900,-0.5600,0.2100
2026-07-03,14:30:00,4345715,0.0044,-0.0176,-0.9555,1.2600,-0.5600,0.2100
2026-07-03,14:30:00,4345815,0.0020,-0.0205,
-0.9575,1.1900,-0.5600,0.1400
2026-07-03,14:30:00,4345919,0.0044,-0.0190,-0.9555,1.2600,-0.5600,0.1400
2026-07-03,14:30:00,4346015,0.0029,-0.0210,-0.9560,1.1900,-0.5600,0.1400
2026-07-03,14:30:00,4346115,0.0029,-0.0200,-0.9550,1.1900,-0.4900
,0.1400
2026-07-03,14:30:00,4346215,0.0029,-0.0205,-0.9550,1.1900,-0.4900,0.2100
2026-07-03,14:30:00,4346315,0.0029,-0.0210,-0.9565,1.2600,-0.4900,0.2100
2026-07-03,14:30:00,4346415,0.0039,-0.0098,-0.9594,1.3300,-0.4200,0.1400
2026-07-03,14
:30:01,4346515,0.0039,-0.0166,-0.9609,1.1900,-0.7000,0.1400
2026-07-03,14:30:01,4346620,0.0068,-0.0195,-0.9575,1.2600,-0.5600,0.1400
2026-07-03,14:30:01,4346715,0.0015,-0.0215,-0.9545,1.1900,-0.4900,0.1400
2026-07-03,14:30:01,4346815,0.0020,
-0.0195,-0.9550,1.2600,-0.4200,0.2100
2026-07-03,14:30:01,4346915,0.0029,-0.0210,-0.9536,1.2600,-0.5600,0.1400
2026-07-03,14:30:01,4347015,0.0044,-0.0185,-0.9555,1.1900,-0.4900,0.1400
2026-07-03,14:30:01,4347115,0.0015,-0.0181,-0.9550,1.1200
,-0.4900,0.1400
2026-07-03,14:30:01,4347215,0.0034,-0.0181,-0.9575,1.1900,-0.6300,0.0700
2026-07-03,14:30:01,4347315,0.0044,-0.0176,-0.9575,1.1900,-0.5600,0.2100
2026-07-03,14:30:01,4347415,0.0034,-0.0195,-0.9545,1.2600,-0.6300,0.1400
2026-
07-03,14:30:02,4347515,0.0034,-0.0195,-0.9560,1.2600,-0.5600,0.1400
2026-07-03,14:30:02,4347615,0.0054,-0.0195,-0.9550,1.2600,-0.4900,0.1400
2026-07-03,14:30:02,4347715,0.0054,-0.0215,-0.9521,1.1200,-0.4900,0.2100
2026-07-03,14:30:02,4347815
,0.0044,-0.0200,-0.9550,1.2600,-0.5600,0.1400
2026-07-03,14:30:02,4347915,0.0054,-0.0185,-0.9545,1.2600,-0.4900,0.2100
2026-07-03,14:30:02,4348015,0.0039,-0.0200,-0.9555,1.2600,-0.6300,0.0700
2026-07-03,14:30:02,4348115,0.0039,-0.0195,-0.956
5,1.1900,-0.4900,0.1400
2026-07-03,14:30:02,4348215,0.0015,-0.0185,-0.9550,1.2600,-0.4900,0.1400
2026-07-03,14:30:02,4348315,0.0039,-0.0185,-0.9555,1.2600,-0.5600,0.2800
2026-07-03,14:30:02,4348415,0.0054,-0.0200,-0.9565,1.2600,-0.4200,0.140
0
2026-07-03,14:30:03,4348515,0.0039,-0.0176,-0.9531,1.1200,-0.4900,0.2100
2026-07-03,14:30:03,4348615,0.0039,-0.0181,-0.9565,1.1900,-0.5600,0.1400
2026-07-03,14:30:03,4348715,0.0029,-0.0181,-0.9560,1.1900,-0.5600,0.2100
2026-07-03,14:30:03
,4348815,0.0044,-0.0185,-0.9540,1.2600,-0.5600,0.0700
2026-07-03,14:30:03,4348915,0.0034,-0.0176,-0.9555,1.1900,-0.5600,0.2100
2026-07-03,14:30:03,4349015,0.0073,-0.0200,-0.9560,1.2600,-0.4900,0.1400
2026-07-03,14:30:03,4349115,0.0034,-0.020
5,-0.9565,1.1900,-0.5600,0.2100
2026-07-03,14:30:03,4349215,0.0059,-0.0190,-0.9565,1.1900,-0.5600,0.2800
2026-07-03,14:30:03,4349315,0.0054,-0.0195,-0.9555,1.1900,-0.5600,0.1400
2026-07-03,14:30:03,4349415,0.0044,-0.0176,-0.9540,1.1900,-0.63
00,0.1400
2026-07-03,14:30:04,4349515,0.0024,-0.0224,-0.9545,1.1900,-0.5600,0.2100
2026-07-03,14:30:04,4349615,0.0020,-0.0205,-0.9589,1.2600,-0.4900,0.0700
2026-07-03,14:30:04,4349715,0.0034,-0.0215,-0.9550,1.3300,-0.5600,0.0700
2026-07-03,
14:30:04,4349815,0.0029,-0.0210,-0.9560,1.1900,-0.5600,0.1400
2026-07-03,14:30:04,4349915,0.0029,-0.0185,-0.9545,1.1900,-0.4900,0.1400
2026-07-03,14:30:04,4350015,0.0024,-0.0176,-0.9579,1.1900,-0.6300,0.2100
2026-07-03,14:30:04,4350119,0.005
9,-0.0195,-0.9565,1.2600,-0.6300,0.2100
2026-07-03,14:30:04,4350215,0.0039,-0.0190,-0.9560,1.1900,-0.4900,0.1400
2026-07-03,14:30:04,4350315,0.0054,-0.0195,-0.9575,1.1200,-0.4900,0.2100
2026-07-03,14:30:04,4350415,0.0054,-0.0185,-0.9550,1.26
00,-0.6300,0.1400
2026-07-03,14:30:05,4350515,0.0049,-0.0200,-0.9565,1.2600,-0.5600,0.2100
2026-07-03,14:30:05,4350615,0.0024,-0.0195,-0.9531,1.1900,-0.6300,0.1400
2026-07-03,14:30:05,4350715,0.0044,-0.0195,-0.9560,1.2600,-0.4200,0.1400
202
6-07-03,14:30:05,4350815,0.0029,-0.0195,-0.9550,1.3300,-0.6300,0.2100
2026-07-03,14:30:05,4350915,0.0049,-0.0190,-0.9536,1.2600,-0.5600,0.1400
2026-07-03,14:30:05,4351015,0.0029,-0.0181,-0.9545,1.2600,-0.5600,0.1400
2026-07-03,14:30:05,43511
15,0.0029,-0.0215,-0.9560,1.1900,-0.4900,0.1400
2026-07-03,14:30:05,4351215,0.0054,-0.0205,-0.9560,1.2600,-0.4900,0.2100
2026-07-03,14:30:05,4351315,0.0054,-0.0210,-0.9579,1.1200,-0.4900,0.2100
2026-07-03,14:30:05,4351415,0.0044,-0.0171,-0.9
560,1.1900,-0.4900,0.2100
2026-07-03,14:30:06,4351515,0.0068,-0.0215,-0.9550,1.2600,-0.5600,0.1400
2026-07-03,14:30:06,4351615,0.0039,-0.0195,-0.9536,1.1900,-0.6300,0.0700
2026-07-03,14:30:06,4351715,0.0068,-0.0190,-0.9565,1.3300,-0.4900,0.2
100
2026-07-03,14:30:06,4351815,0.0059,-0.0205,-0.9565,1.2600,-0.4900,0.1400
2026-07-03,14:30:06,4351915,0.0034,-0.0215,-0.9555,1.1900,-0.6300,0.1400
2026-07-03,14:30:06,4352015,0.0039,-0.0210,-0.9570,1.2600,-0.5600,0.2100
2026-07-03,14:30:
06,4352115,0.0044,-0.0185,-0.9560,1.2600,-0.6300,0.2100
2026-07-03,14:30:06,4352215,0.0044,-0.0190,-0.9555,1.1900,-0.6300,0.1400
2026-07-03,14:30:06,4352315,0.0049,-0.0195,-0.9560,1.1900,-0.6300,0.1400
2026-07-03,14:30:06,4352415,0.0024,-0.0
200,-0.9536,1.1900,-0.4900,0.2100
2026-07-03,14:30:07,4352515,0.0034,-0.0185,-0.9565,1.2600,-0.5600,0.0700
2026-07-03,14:30:07,4352615,0.0063,-0.0215,-0.9594,1.1200,-0.7000,0.1400
2026-07-03,14:30:07,4352715,0.0034,-0.0210,-0.9545,1.3300,-0.
5600,0.1400
2026-07-03,14:30:07,4352815,0.0024,-0.0195,-0.9550,1.2600,-0.3500,0.2800
2026-07-03,14:30:07,4352915,0.0029,-0.0176,-0.9560,1.2600,-0.5600,0.1400
2026-07-03,14:30:07,4353015,0.0034,-0.0205,-0.9550,1.2600,-0.4900,0.1400
2026-07-0
3,14:30:07,4353115,0.0034,-0.0195,-0.9526,1.1900,-0.5600,0.1400
2026-07-03,14:30:07,4353215,0.0039,-0.0190,-0.9565,1.2600,-0.5600,0.1400
2026-07-03,14:30:07,4353315,0.0034,-0.0190,-0.9540,1.2600,-0.5600,0.1400
2026-07-03,14:30:07,4353415,0.0
044,-0.0195,-0.9555,1.3300,-0.5600,0.2100
2026-07-03,14:30:08,4353520,0.0054,-0.0185,-0.9521,1.2600,-0.6300,0.1400
2026-07-03,14:30:08,4353615,0.0034,-0.0210,-0.9575,1.2600,-0.4900,0.2100
2026-07-03,14:30:08,4353715,0.0024,-0.0210,-0.9545,1.
1900,-0.4900,0.1400
2026-07-03,14:30:08,4353815,0.0044,-0.0200,-0.9560,1.2600,-0.6300,0.1400
2026-07-03,14:30:08,4353915,0.0034,-0.0195,-0.9565,1.1900,-0.6300,0.2100
2026-07-03,14:30:08,4354015,0.0024,-0.0181,-0.9560,1.2600,-0.6300,0.1400
2
026-07-03,14:30:08,4354115,0.0039,-0.0185,-0.9536,1.1900,-0.5600,0.1400
2026-07-03,14:30:08,4354221,0.0010,-0.0195,-0.9550,1.1900,-0.6300,0.2100
2026-07-03,14:30:08,4354315,0.0034,-0.0200,-0.9555,1.1900,-0.5600,0.2100
2026-07-03,14:30:08,435
4415,0.0039,-0.0181,-0.9565,1.2600,-0.4200,0.2100
2026-07-03,14:30:09,4354515,0.0044,-0.0176,-0.9545,1.1900,-0.5600,0.1400
2026-07-03,14:30:09,4354615,0.0039,-0.0190,-0.9550,1.2600,-0.4200,0.2100
2026-07-03,14:30:09,4354715,0.0059,-0.0190,-0
.9550,1.1900,-0.5600,0.1400
2026-07-03,14:30:09,4354815,0.0059,-0.0190,-0.9555,1.3300,-0.6300,0.0700
2026-07-03,14:30:09,4354920,0.0044,-0.0185,-0.9555,1.1900,-0.6300,0.2100
2026-07-03,14:30:09,4355015,0.0034,-0.0220,-0.9570,1.1900,-0.5600,0
.2100
2026-07-03,14:30:09,4355119,0.0029,-0.0200,-0.9545,1.1900,-0.5600,0.0700
2026-07-03,14:30:09,4355215,0.0034,-0.0195,-0.9565,1.1900,-0.6300,0.2800
2026-07-03,14:30:09,4355315,0.0024,-0.0205,-0.9555,1.1900,-0.4900,0.2100
2026-07-03,14:3
0:09,4355415,0.0029,-0.0181,-0.9565,1.2600,-0.6300,0.1400
2026-07-03,14:30:10,4355515,0.0049,-0.0215,-0.9579,1.2600,-0.4900,0.1400
2026-07-03,14:30:10,4355615,0.0029,-0.0220,-0.9550,1.2600,-0.4900,0.1400
2026-07-03,14:30:10,4355715,0.0068,-0
.0210,-0.9555,1.2600,-0.4900,0.2100
2026-07-03,14:30:10,4355815,0.0049,-0.0185,-0.9536,1.2600,-0.5600,0.0700
2026-07-03,14:30:10,4355915,0.0059,-0.0185,-0.9575,1.2600,-0.5600,0.2100
2026-07-03,14:30:10,4356015,0.0034,-0.0210,-0.9555,1.3300,-
0.5600,0.1400
2026-07-03,14:30:10,4356115,0.0049,-0.0190,-0.9565,1.2600,-0.6300,0.1400
2026-07-03,14:30:10,4356215,0.0020,-0.0195,-0.9570,1.1900,-0.5600,0.2100
2026-07-03,14:30:10,4356315,0.0029,-0.0210,-0.9545,1.2600,-0.5600,0.0700
2026-07
-03,14:30:10,4356415,0.0034,-0.0229,-0.9565,1.1200,-0.5600,0.2100
2026-07-03,14:30:11,4356515,0.0039,-0.0200,-0.9575,1.2600,-0.4900,0.1400
2026-07-03,14:30:11,4356615,0.0024,-0.0210,-0.9550,1.2600,-0.5600,0.1400
2026-07-03,14:30:11,4356715,0
.0039,-0.0181,-0.9545,1.1900,-0.5600,0.2100
2026-07-03,14:30:11,4356815,0.0059,-0.0200,-0.9545,1.1900,-0.6300,0.2100
2026-07-03,14:30:11,4356915,0.0073,-0.0200,-0.9545,1.1900,-0.4900,0.2100
2026-07-03,14:30:11,4357015,0.0029,-0.0190,-0.9560,
1.2600,-0.4900,0.1400
2026-07-03,14:30:11,4357115,0.0034,-0.0210,-0.9575,1.1900,-0.5600,0.2100
2026-07-03,14:30:11,4357215,0.0039,-0.0200,-0.9560,1.2600,-0.5600,0.1400
2026-07-03,14:30:11,4357315,0.0024,-0.0210,-0.9536,1.1900,-0.5600,0.1400
2026-07-03,14:30:11,4357415,0.0044,-0.0215,-0.9570,1.1200,-0.4200,0.2100
2026-07-03,14:30:12,4357515,0.0020,-0.0181,-0.9570,1.1900,-0.4900,0.2100
2026-07-03,14:30:12,4357615,0.0029,-0.0229,-0.9589,1.1900,-0.5600,0.1400
2026-07-03,14:30:12,4
357715,0.0044,-0.0200,-0.9550,1.3300,-0.5600,0.1400
2026-07-03,14:30:12,4357815,0.0015,-0.0205,-0.9560,1.2600,-0.6300,0.1400
2026-07-03,14:30:12,4357915,0.0039,-0.0200,-0.9575,1.2600,-0.5600,0.0700
2026-07-03,14:30:12,4358015,0.0054,-0.0210,
-0.9570,1.1900,-0.5600,0.2100
2026-07-03,14:30:12,4358115,0.0044,-0.0181,-0.9565,1.2600,-0.6300,0.1400
2026-07-03,14:30:12,4358215,0.0029,-0.0190,-0.9575,1.2600,-0.4900,0.2100
2026-07-03,14:30:12,4358315,0.0039,-0.0220,-0.9540,1.1900,-0.5600
,0.1400
2026-07-03,14:30:12,4358415,0.0039,-0.0181,-0.9550,1.2600,-0.4900,0.1400
2026-07-03,14:30:13,4358515,0.0044,-0.0171,-0.9536,1.2600,-0.4200,0.0700
2026-07-03,14:30:13,4358615,0.0054,-0.0220,-0.9560,1.2600,-0.4900,0.0700
2026-07-03,14
:30:13,4358715,0.0059,-0.0195,-0.9560,1.1900,-0.4900,0.1400
2026-07-03,14:30:13,4358815,0.0015,-0.0190,-0.9550,1.1200,-0.4900,0.2100
2026-07-03,14:30:13,4358915,0.0034,-0.0181,-0.9565,1.1900,-0.5600,0.1400
2026-07-03,14:30:13,4359015,0.0024,
-0.0200,-0.9550,1.1900,-0.6300,0.0700
2026-07-03,14:30:13,4359115,0.0044,-0.0220,-0.9550,1.2600,-0.4900,0.2100
2026-07-03,14:30:13,4359215,0.0039,-0.0176,-0.9545,1.2600,-0.5600,0.1400
2026-07-03,14:30:13,4359315,0.0039,-0.0220,-0.9555,1.1900
,-0.7000,0.2100
2026-07-03,14:30:13,4359415,0.0034,-0.0195,-0.9555,1.1900,-0.5600,0.2100
2026-07-03,14:30:14,4359515,0.0034,-0.0181,-0.9565,1.3300,-0.4900,0.2800
2026-07-03,14:30:14,4359615,0.0039,-0.0190,-0.9545,1.2600,-0.4900,0.2100
2026-
07-03,14:30:14,4359715,0.0034,-0.0195,-0.9560,1.2600,-0.4900,0.2100
2026-07-03,14:30:14,4359815,0.0063,-0.0210,-0.9550,1.2600,-0.6300,0.1400
2026-07-03,14:30:14,4359915,0.0059,-0.0210,-0.9526,1.1900,-0.4200,0.2100
2026-07-03,14:30:14,4360015
,0.0049,-0.0185,-0.9565,1.2600,-0.5600,0.1400
2026-07-03,14:30:14,4360119,0.0034,-0.0200,-0.9545,1.2600,-0.6300,0.1400
2026-07-03,14:30:14,4360215,0.0034,-0.0210,-0.9560,1.2600,-0.7000,0.2100
2026-07-03,14:30:14,4360315,0.0044,-0.0176,-0.953
6,1.2600,-0.5600,0.2100
2026-07-03,14:30:14,4360415,0.0039,-0.0249,-0.9575,1.2600,-0.5600,0.2100
2026-07-03,14:30:15,4360515,0.0024,-0.0181,-0.9536,1.1900,-0.6300,0.1400
2026-07-03,14:30:15,4360615,0.0039,-0.0190,-0.9579,1.2600,-0.4900,0.210
0
2026-07-03,14:30:15,4360715,0.0044,-0.0205,-0.9575,1.1900,-0.7000,0.2100
2026-07-03,14:30:15,4360815,0.0059,-0.0200,-0.9550,1.2600,-0.4900,0.2100
2026-07-03,14:30:15,4360915,0.0039,-0.0200,-0.9545,1.1200,-0.5600,0.0700
2026-07-03,14:30:15
,4361015,0.0015,-0.0171,-0.9545,1.2600,-0.6300,0.0700
2026-07-03,14:30:15,4361115,0.0039,-0.0205,-0.9555,1.1900,-0.5600,0.1400
2026-07-03,14:30:15,4361215,0.0024,-0.0200,-0.9545,1.2600,-0.7000,0.0700
2026-07-03,14:30:15,4361315,0.0024,-0.018
5,-0.9584,1.1900,-0.4900,0.1400
2026-07-03,14:30:15,4361415,0.0044,-0.0220,-0.9565,1.2600,-0.6300,0.2100
2026-07-03,14:30:16,4361515,0.0039,-0.0200,-0.9550,1.2600,-0.4900,0.1400
2026-07-03,14:30:16,4361615,0.0024,-0.0210,-0.9575,1.1900,-0.63
00,0.1400
2026-07-03,14:30:16,4361715,0.0039,-0.0185,-0.9540,1.1900,-0.5600,0.0700
2026-07-03,14:30:16,4361820,0.0049,-0.0205,-0.9531,1.1200,-0.5600,0.2100
2026-07-03,14:30:16,4361915,0.0054,-0.0166,-0.9540,1.1900,-0.5600,0.2100
2026-07-03,
14:30:16,4362015,0.0049,-0.0200,-0.9545,1.2600,-0.4200,0.1400
2026-07-03,14:30:16,4362115,0.0054,-0.0181,-0.9570,1.1200,-0.6300,0.0700
2026-07-03,14:30:16,4362215,0.0034,-0.0205,-0.9565,1.1200,-0.7000,0.1400
2026-07-03,14:30:16,4362315,0.004
4,-0.0176,-0.9545,1.2600,-0.5600,0.1400
2026-07-03,14:30:16,4362415,0.0010,-0.0215,-0.9550,1.1900,-0.6300,0.1400
2026-07-03,14:30:17,4362520,0.0020,-0.0171,-0.9570,1.1200,-0.5600,0.1400
2026-07-03,14:30:17,4362615,0.0034,-0.0215,-0.9565,1.19
00,-0.6300,0.1400
2026-07-03,14:30:17,4362715,0.0034,-0.0205,-0.9570,1.2600,-0.4900,0.1400
2026-07-03,14:30:17,4362815,0.0034,-0.0200,-0.9570,1.0500,-0.6300,0.1400
2026-07-03,14:30:17,4362915,0.0010,-0.0205,-0.9575,1.3300,-0.6300,0.1400
202
6-07-03,14:30:17,4363015,0.0029,-0.0200,-0.9540,1.1900,-0.4200,0.2100
2026-07-03,14:30:17,4363115,0.0034,-0.0210,-0.9570,1.1900,-0.5600,0.1400
2026-07-03,14:30:17,4363220,0.0039,-0.0166,-0.9545,1.1900,-0.4900,0.2100
2026-07-03,14:30:17,43633
15,0.0054,-0.0210,-0.9589,1.1900,-0.4900,0.2100
2026-07-03,14:30:17,4363415,0.0044,-0.0185,-0.9550,1.2600,-0.4900,0.1400
2026-07-03,14:30:18,4363515,0.0044,-0.0205,-0.9550,1.2600,-0.4900,0.1400
2026-07-03,14:30:18,4363615,0.0029,-0.0190,-0.9
555,1.1900,-0.6300,0.1400
2026-07-03,14:30:18,4363715,0.0039,-0.0210,-0.9575,1.1900,-0.6300,0.1400
2026-07-03,14:30:18,4363815,0.0024,-0.0176,-0.9560,1.2600,-0.5600,0.1400
2026-07-03,14:30:18,4363919,0.0063,-0.0181,-0.9584,1.1900,-0.5600,0.1
400
2026-07-03,14:30:18,4364015,0.0073,-0.0200,-0.9560,1.1200,-0.4200,0.2100
2026-07-03,14:30:18,4364115,0.0015,-0.0210,-0.9584,1.1900,-0.4900,0.2100
2026-07-03,14:30:18,4364215,0.0039,-0.0190,-0.9536,1.1900,-0.4900,0.2100
2026-07-03,14:30:
18,4364315,0.0020,-0.0210,-0.9550,1.1200,-0.5600,0.2100
2026-07-03,14:30:18,4364415,0.0020,-0.0205,-0.9565,1.1900,-0.6300,0.2100
2026-07-03,14:30:19,4364515,0.0044,-0.0185,-0.9555,1.1900,-0.4900,0.1400
2026-07-03,14:30:19,4364615,0.0039,-0.0
200,-0.9555,1.1900,-0.4900,0.1400
2026-07-03,14:30:19,4364715,0.0029,-0.0210,-0.9565,1.1900,-0.5600,0.1400
2026-07-03,14:30:19,4364815,0.0044,-0.0210,-0.9550,1.2600,-0.5600,0.1400
2026-07-03,14:30:19,4364915,0.0039,-0.0190,-0.9560,1.1900,-0.
5600,0.1400
2026-07-03,14:30:19,4365015,0.0034,-0.0190,-0.9560,1.1900,-0.5600,0.2100
2026-07-03,14:30:19,4365119,0.0059,-0.0215,-0.9560,1.2600,-0.5600,0.2100
2026-07-03,14:30:19,4365215,0.0054,-0.0205,-0.9560,1.1200,-0.4900,0.2100
2026-07-0
3,14:30:19,4365315,0.0024,-0.0176,-0.9555,1.1900,-0.7000,0.2100
2026-07-03,14:30:19,4365415,0.0039,-0.0190,-0.9579,1.1900,-0.4900,0.2800
2026-07-03,14:30:20,4365515,0.0059,-0.0195,-0.9565,1.2600,-0.5600,0.2100
2026-07-03,14:30:20,4365615,0.0
034,-0.0200,-0.9545,1.2600,-0.4200,0.1400
2026-07-03,14:30:20,4365715,0.0029,-0.0176,-0.9540,1.2600,-0.5600,0.2100
2026-07-03,14:30:20,4365815,0.0015,-0.0117,-0.9540,1.2600,-0.6300,0.2100
2026-07-03,14:30:20,4365915,0.0107,-0.0220,-0.9457,1.
2600,-0.8400,0.1400
2026-07-03,14:30:20,4366015,0.0000,-0.0312,-0.9560,1.1200,-0.6300,0.1400
2026-07-03,14:30:20,4366115,-0.0005,-0.0176,-0.9506,1.2600,-0.4900,0.1400
2026-07-03,14:30:20,4366215,0.0039,-0.0195,-0.9560,1.3300,-0.5600,0.2800
2026-07-03,14:30:20,4366315,0.0034,-0.0142,-0.9555,1.2600,-0.5600,0.2800
2026-07-03,14:30:20,4366415,0.0010,-0.0234,-0.9531,1.2600,-0.2800,0.0700
2026-07-03,14:30:21,4366515,-0.0078,-0.0142,-0.9482,1.3300,-0.4900,0.0000
2026-07-03,14:30:21,4
366615,-0.0039,-0.0181,-0.9604,1.3300,-0.2800,0.2800
2026-07-03,14:30:21,4366715,0.0156,-0.0195,-0.9609,1.1900,-0.5600,0.2100
2026-07-03,14:30:21,4366815,0.0146,-0.0171,-0.9540,1.2600,-0.4900,0.1400
2026-07-03,14:30:21,4366915,0.0078,-0.0185
,-0.9550,1.1200,-0.4900,0.1400
2026-07-03,14:30:21,4367015,0.0029,-0.0181,-0.9526,1.2600,-0.5600,0.1400
2026-07-03,14:30:21,4367115,0.0039,-0.0220,-0.9570,1.2600,-0.4900,0.1400
2026-07-03,14:30:21,4367215,0.0054,-0.0205,-0.9565,1.1900,-0.490
0,0.1400
2026-07-03,14:30:21,4367315,0.0039,-0.0278,-0.9462,1.1900,-0.3500,0.1400
2026-07-03,14:30:21,4367415,0.0078,-0.0244,-0.9521,0.9800,-0.6300,0.0700
2026-07-03,14:30:22,4367515,-0.0083,-0.0137,-0.9404,1.1900,-0.7000,0.1400
2026-07-03,
14:30:22,4367615,-0.0068,-0.0312,-0.9623,1.2600,-0.7000,0.2100
2026-07-03,14:30:22,4367715,0.0029,-0.0195,-0.9526,1.1900,-0.5600,0.2100
2026-07-03,14:30:22,4367815,0.0083,-0.0181,-0.9550,1.1900,-0.4900,0.2100
2026-07-03,14:30:22,4367915,0.00
54,-0.0249,-0.9570,1.4000,-0.2800,0.2100
2026-07-03,14:30:22,4368015,0.0000,-0.0166,-0.9477,1.2600,-0.5600,0.2800
2026-07-03,14:30:22,4368115,-0.0044,-0.0234,-0.9555,1.3300,-0.4900,0.1400
2026-07-03,14:30:22,4368215,-0.0029,-0.0259,-0.9687,1
.1900,-0.5600,0.1400
2026-07-03,14:30:22,4368315,0.0010,-0.0156,-0.9726,1.3300,-0.7700,0.2100
2026-07-03,14:30:22,4368415,0.0073,-0.0185,-0.9511,1.1900,-0.7000,0.2800
2026-07-03,14:30:23,4368515,-0.0029,-0.0049,-0.9360,1.2600,-0.7700,0.2100
2026-07-03,14:30:23,4368615,0.0039,-0.0044,-0.9350,1.5400,0.0000,0.0700
2026-07-03,14:30:23,4368715,0.0078,-0.0317,-0.9770,1.1900,-0.7700,0.1400
2026-07-03,14:30:23,4368815,0.0059,-0.0122,-0.9496,1.1900,-0.4900,0.2100
2026-07-03,14:30:23,43
68915,0.0024,-0.0264,-0.9584,1.2600,-0.5600,0.1400
2026-07-03,14:30:23,4369015,0.0024,-0.0229,-0.9521,1.2600,-0.6300,0.1400
2026-07-03,14:30:23,4369115,0.0020,-0.0166,-0.9516,1.3300,-0.6300,0.1400
2026-07-03,14:30:23,4369215,0.0034,-0.0215,-
0.9579,1.2600,-0.5600,0.2100
2026-07-03,14:30:23,4369315,0.0024,-0.0176,-0.9526,1.1900,-0.6300,0.2100
2026-07-03,14:30:23,4369419,0.0049,-0.0205,-0.9570,1.2600,-0.4900,0.1400
2026-07-03,14:30:24,4369515,0.0039,-0.0181,-0.9555,1.1900,-0.5600,
0.1400
2026-07-03,14:30:24,4369615,0.0020,-0.0200,-0.9540,1.1900,-0.5600,0.1400
2026-07-03,14:30:24,4369715,0.0034,-0.0181,-0.9565,1.2600,-0.5600,0.1400
2026-07-03,14:30:24,4369815,0.0049,-0.0195,-0.9575,1.1900,-0.4900,0.2100
2026-07-03,14:
30:24,4369915,0.0044,-0.0190,-0.9545,1.2600,-0.4900,0.2100
2026-07-03,14:30:24,4370015,0.0049,-0.0200,-0.9555,1.1900,-0.4900,0.2100
2026-07-03,14:30:24,4370121,0.0059,-0.0205,-0.9565,1.2600,-0.5600,0.1400
2026-07-03,14:30:24,4370215,0.0020,-
0.0181,-0.9550,1.1900,-0.5600,0.2100
2026-07-03,14:30:24,4370315,0.0044,-0.0190,-0.9565,1.3300,-0.5600,0.2100
2026-07-03,14:30:24,4370415,0.0015,-0.0205,-0.9555,1.1900,-0.4900,0.2100
2026-07-03,14:30:25,4370515,0.0029,-0.0185,-0.9540,1.1900,
-0.5600,0.1400
2026-07-03,14:30:25,4370615,0.0049,-0.0210,-0.9575,1.1900,-0.6300,0.2800
2026-07-03,14:30:25,4370715,0.0024,-0.0185,-0.9550,1.1900,-0.4900,0.2100
2026-07-03,14:30:25,4370820,0.0059,-0.0195,-0.9579,1.1900,-0.4900,0.1400
2026-0
7-03,14:30:25,4370915,0.0029,-0.0220,-0.9565,1.3300,-0.4900,0.1400
2026-07-03,14:30:25,4371015,0.0029,-0.0181,-0.9550,1.1900,-0.4900,0.2100
2026-07-03,14:30:25,4371115,0.0034,-0.0181,-0.9545,1.1900,-0.4200,0.1400
2026-07-03,14:30:25,4371215,
0.0044,-0.0205,-0.9550,1.3300,-0.4200,0.2100
2026-07-03,14:30:25,4371315,0.0044,-0.0200,-0.9560,1.1900,-0.5600,0.2100
2026-07-03,14:30:25,4371415,0.0049,-0.0215,-0.9550,1.1900,-0.5600,0.1400
2026-07-03,14:30:26,4371520,0.0054,-0.0185,-0.9555
,1.2600,-0.4200,0.2100
2026-07-03,14:30:26,4371615,0.0039,-0.0190,-0.9579,1.2600,-0.4900,0.2100
2026-07-03,14:30:26,4371715,0.0034,-0.0200,-0.9555,1.2600,-0.5600,0.2100
2026-07-03,14:30:26,4371815,0.0054,-0.0190,-0.9565,1.2600,-0.4900,0.0700
2026-07-03,14:30:26,4371915,0.0054,-0.0185,-0.9545,1.1900,-0.4900,0.1400
2026-07-03,14:30:26,4372015,0.0049,-0.0195,-0.9555,1.2600,-0.7000,0.1400
2026-07-03,14:30:26,4372115,0.0044,-0.0210,-0.9570,1.3300,-0.5600,0.1400
2026-07-03,14:30:26,
4372215,0.0059,-0.0185,-0.9540,1.1900,-0.4900,0.1400
2026-07-03,14:30:26,4372315,0.0044,-0.0200,-0.9575,1.1900,-0.6300,0.2100
2026-07-03,14:30:26,4372415,0.0063,-0.0195,-0.9555,1.1900,-0.5600,0.1400
2026-07-03,14:30:27,4372515,0.0049,-0.0171
,-0.9540,1.2600,-0.5600,0.1400
2026-07-03,14:30:27,4372615,0.0049,-0.0200,-0.9550,1.1900,-0.4900,0.1400
2026-07-03,14:30:27,4372715,0.0039,-0.0205,-0.9550,1.1900,-0.5600,0.2800
2026-07-03,14:30:27,4372815,0.0034,-0.0205,-0.9565,1.2600,-0.560
0,0.1400
2026-07-03,14:30:27,4372915,0.0015,-0.0185,-0.9560,1.2600,-0.4900,0.2800
2026-07-03,14:30:27,4373015,0.0039,-0.0215,-0.9565,1.1200,-0.5600,0.1400
2026-07-03,14:30:27,4373115,0.0039,-0.0210,-0.9560,1.1900,-0.4200,0.1400
2026-07-03,1
4:30:27,4373215,0.0068,-0.0166,-0.9560,1.2600,-0.5600,0.1400
2026-07-03,14:30:27,4373315,0.0059,-0.0195,-0.9565,1.1900,-0.6300,0.1400
2026-07-03,14:30:27,4373415,0.0034,-0.0171,-0.9531,1.1900,-0.7000,0.1400
2026-07-03,14:30:28,4373515,0.0049
,-0.0215,-0.9589,1.3300,-0.4900,0.1400
2026-07-03,14:30:28,4373615,0.0044,-0.0185,-0.9570,1.2600,-0.7000,0.2100
2026-07-03,14:30:28,4373715,0.0117,-0.0220,-0.9697,1.2600,-0.7000,0.0700
2026-07-03,14:30:28,4373815,0.0039,-0.0161,-0.9467,1.120
0,-0.5600,0.2100
2026-07-03,14:30:28,4373915,0.0039,-0.0166,-0.9618,1.3300,-0.6300,0.1400
2026-07-03,14:30:28,4374015,0.0029,-0.0205,-0.9545,1.1900,-0.5600,0.1400
2026-07-03,14:30:28,4374115,0.0044,-0.0171,-0.9545,1.2600,-0.5600,0.1400
2026
-07-03,14:30:28,4374215,0.0059,-0.0224,-0.9575,1.1900,-0.4900,0.1400
2026-07-03,14:30:28,4374315,0.0044,-0.0190,-0.9545,1.1900,-0.4900,0.2100
2026-07-03,14:30:28,4374415,0.0034,-0.0210,-0.9579,1.2600,-0.5600,0.2800
2026-07-03,14:30:29,437451
5,0.0049,-0.0185,-0.9575,1.1900,-0.5600,0.1400
2026-07-03,14:30:29,4374615,0.0044,-0.0190,-0.9550,1.3300,-0.5600,0.1400
2026-07-03,14:30:29,4374715,0.0054,-0.0200,-0.9560,1.3300,-0.5600,0.2100
2026-07-03,14:30:29,4374815,0.0059,-0.0195,-0.95
45,1.2600,-0.5600,0.2100
2026-07-03,14:30:29,4374915,0.0044,-0.0195,-0.9570,1.1900,-0.4900,0.1400
2026-07-03,14:30:29,4375015,0.0039,-0.0195,-0.9555,1.2600,-0.6300,0.1400
2026-07-03,14:30:29,4375119,0.0044,-0.0210,-0.9560,1.1900,-0.6300,0.14
00
2026-07-03,14:30:29,4375215,0.0034,-0.0181,-0.9560,1.2600,-0.6300,0.1400
2026-07-03,14:30:29,4375315,0.0039,-0.0205,-0.9536,1.2600,-0.6300,0.1400
2026-07-03,14:30:29,4375415,0.0024,-0.0210,-0.9555,1.2600,-0.5600,0.0700
2026-07-03,14:30:3
0,4375515,0.0015,-0.0181,-0.9555,1.2600,-0.6300,0.2100
2026-07-03,14:30:30,4375615,0.0049,-0.0200,-0.9575,1.2600,-0.5600,0.2100
2026-07-03,14:30:30,4375715,0.0039,-0.0195,-0.9570,1.2600,-0.5600,0.2100
2026-07-03,14:30:30,4375815,0.0054,-0.01
90,-0.9555,1.1900,-0.6300,0.1400
2026-07-03,14:30:30,4375915,0.0054,-0.0190,-0.9545,1.1900,-0.5600,0.1400
2026-07-03,14:30:30,4376015,0.0029,-0.0190,-0.9560,1.2600,-0.6300,0.0700
2026-07-03,14:30:30,4376115,0.0059,-0.0200,-0.9536,1.1900,-0.4
900,0.2100
2026-07-03,14:30:30,4376215,0.0049,-0.0195,-0.9550,1.1900,-0.4900,0.2100
2026-07-03,14:30:30,4376315,0.0029,-0.0205,-0.9570,1.1900,-0.7000,0.2100
2026-07-03,14:30:30,4376415,0.0039,-0.0190,-0.9565,1.2600,-0.5600,0.2100
2026-07-03
,14:30:31,4376515,0.0024,-0.0205,-0.9575,1.2600,-0.4200,0.1400
2026-07-03,14:30:31,4376615,0.0034,-0.0171,-0.9570,1.3300,-0.4900,0.2100
2026-07-03,14:30:31,4376715,0.0054,-0.0171,-0.9555,1.2600,-0.7000,0.1400
2026-07-03,14:30:31,4376815,0.00
63,-0.0224,-0.9545,1.1900,-0.5600,0.1400
2026-07-03,14:30:31,4376915,0.0044,-0.0185,-0.9545,1.1900,-0.5600,0.2100
2026-07-03,14:30:31,4377015,0.0044,-0.0185,-0.9570,1.1900,-0.5600,0.1400
2026-07-03,14:30:31,4377115,0.0044,-0.0205,-0.9555,1.1
900,-0.5600,0.2100
2026-07-03,14:30:31,4377215,0.0054,-0.0166,-0.9555,1.3300,-0.4900,0.2100
2026-07-03,14:30:31,4377315,0.0044,-0.0200,-0.9550,1.2600,-0.5600,0.1400
2026-07-03,14:30:31,4377415,0.0049,-0.0195,-0.9550,1.1900,-0.6300,0.1400
20
26-07-03,14:30:32,4377515,0.0034,-0.0200,-0.9550,1.1200,-0.7700,0.1400
2026-07-03,14:30:32,4377615,0.0044,-0.0176,-0.9540,1.1900,-0.6300,0.1400
2026-07-03,14:30:32,4377715,0.0010,-0.0166,-0.9560,1.2600,-0.7000,0.0700
2026-07-03,14:30:32,4377
815,0.0020,-0.0220,-0.9555,1.1900,-0.6300,0.2100
2026-07-03,14:30:32,4377915,0.0020,-0.0200,-0.9555,1.1900,-0.5600,0.1400
2026-07-03,14:30:32,4378015,0.0029,-0.0210,-0.9555,1.1900,-0.5600,0.2100
2026-07-03,14:30:32,4378115,0.0020,-0.0181,-0.
9540,1.2600,-0.6300,0.1400
2026-07-03,14:30:32,4378215,0.0044,-0.0390,-0.9770,1.2600,-0.8400,0.2800
2026-07-03,14:30:32,4378315,-0.0015,-0.0117,-0.9399,1.3300,-0.7000,0.2100
2026-07-03,14:30:32,4378419,0.0068,-0.0146,-0.9760,1.4000,-0.1400,0
.0000
2026-07-03,14:30:33,4378515,0.0137,-0.0220,-0.9721,1.1900,-0.7000,0.1400
2026-07-03,14:30:33,4378615,0.0054,-0.0142,-0.9521,1.1900,-0.7000,0.2100
2026-07-03,14:30:33,4378715,0.0044,-0.0205,-0.9560,1.1900,-0.6300,0.1400
2026-07-03,14:3
0:33,4378815,0.0059,-0.0205,-0.9555,1.1900,-0.6300,0.2100
2026-07-03,14:30:33,4378915,0.0020,-0.0176,-0.9536,1.3300,-0.4900,0.2100
2026-07-03,14:30:33,4379015,0.0029,-0.0224,-0.9560,1.1900,-0.6300,0.2100
2026-07-03,14:30:33,4379120,0.0039,-0
.0190,-0.9545,1.2600,-0.5600,0.1400
2026-07-03,14:30:33,4379215,0.0059,-0.0229,-0.9560,1.1900,-0.5600,0.1400
2026-07-03,14:30:33,4379315,0.0039,-0.0195,-0.9526,1.3300,-0.6300,0.1400
2026-07-03,14:30:33,4379415,0.0044,-0.0205,-0.9570,1.1900,-
0.4200,0.2100
2026-07-03,14:30:34,4379515,0.0039,-0.0210,-0.9555,1.2600,-0.5600,0.1400
2026-07-03,14:30:34,4379615,0.0034,-0.0190,-0.9560,1.1900,-0.6300,0.0700
2026-07-03,14:30:34,4379715,0.0024,-0.0215,-0.9560,1.2600,-0.5600,0.1400
2026-07
-03,14:30:34,4379821,0.0049,-0.0210,-0.9550,1.2600,-0.6300,0.1400
2026-07-03,14:30:34,4379915,0.0034,-0.0215,-0.9575,1.3300,-0.5600,0.2100
2026-07-03,14:30:34,4380015,0.0049,-0.0185,-0.9570,1.2600,-0.6300,0.2100
2026-07-03,14:30:34,4380119,0
.0049,-0.0181,-0.9536,1.2600,-0.6300,0.1400
2026-07-03,14:30:34,4380215,0.0034,-0.0205,-0.9550,1.3300,-0.6300,0.2100
2026-07-03,14:30:34,4380315,0.0034,-0.0190,-0.9550,1.1900,-0.6300,0.1400
2026-07-03,14:30:34,4380415,0.0005,-0.0200,-0.9540,
1.2600,-0.5600,0.2100
2026-07-03,14:30:35,4380515,0.0049,-0.0200,-0.9570,1.1900,-0.7000,0.0700
2026-07-03,14:30:35,4380615,0.0063,-0.0190,-0.9526,1.1900,-0.5600,0.2100
2026-07-03,14:30:35,4380715,0.0020,-0.0195,-0.9565,1.3300,-0.5600,0.1400
2026-07-03,14:30:35,4380815,0.0044,-0.0215,-0.9555,1.1900,-0.4900,0.2100
2026-07-03,14:30:35,4380915,0.0049,-0.0210,-0.9570,1.1900,-0.4900,0.1400
2026-07-03,14:30:35,4381015,0.0044,-0.0210,-0.9550,1.1900,-0.5600,0.2100
2026-07-03,14:30:35,4
381115,0.0034,-0.0176,-0.9560,1.1900,-0.6300,0.1400
2026-07-03,14:30:35,4381215,0.0059,-0.0185,-0.9545,1.2600,-0.5600,0.1400
2026-07-03,14:30:35,4381315,0.0039,-0.0200,-0.9570,1.2600,-0.5600,0.2100
2026-07-03,14:30:35,4381415,0.0020,-0.0210,
-0.9550,1.1200,-0.6300,0.2100
2026-07-03,14:30:36,4381515,0.0029,-0.0190,-0.9560,1.1900,-0.6300,0.1400
2026-07-03,14:30:36,4381615,0.0049,-0.0220,-0.9560,1.1900,-0.6300,0.1400
2026-07-03,14:30:36,4381715,0.0005,-0.0234,-0.9536,1.2600,-0.4200
,0.1400
2026-07-03,14:30:36,4381815,0.0015,-0.0205,-0.9565,1.2600,-0.5600,0.2800
2026-07-03,14:30:36,4381915,0.0020,-0.0224,-0.9545,1.1900,-0.5600,0.2100
2026-07-03,14:30:36,4382015,0.0044,-0.0200,-0.9575,1.2600,-0.5600,0.1400
2026-07-03,14
:30:36,4382115,0.0059,-0.0185,-0.9550,1.1900,-0.6300,0.2100
2026-07-03,14:30:36,4382215,0.0054,-0.0195,-0.9579,1.2600,-0.5600,0.2100
2026-07-03,14:30:36,4382315,0.0063,-0.0210,-0.9555,1.1200,-0.5600,0.2100
2026-07-03,14:30:36,4382415,0.0039,
-0.0215,-0.9545,1.1900,-0.4900,0.2100
2026-07-03,14:30:37,4382515,0.0059,-0.0200,-0.9550,1.2600,-0.4900,0.1400
2026-07-03,14:30:37,4382615,0.0024,-0.0190,-0.9555,1.1900,-0.4900,0.1400
2026-07-03,14:30:37,4382715,0.0044,-0.0181,-0.9575,1.1200
,-0.5600,0.1400
2026-07-03,14:30:37,4382815,0.0034,-0.0185,-0.9540,1.2600,-0.4900,0.1400
2026-07-03,14:30:37,4382915,0.0020,-0.0200,-0.9570,1.1900,-0.4900,0.2100
2026-07-03,14:30:37,4383015,0.0054,-0.0185,-0.9555,1.2600,-0.4900,0.2100
2026-
07-03,14:30:37,4383115,0.0049,-0.0190,-0.9540,1.1900,-0.6300,0.1400
2026-07-03,14:30:37,4383215,0.0034,-0.0215,-0.9560,1.3300,-0.6300,0.2100
2026-07-03,14:30:37,4383315,0.0044,-0.0195,-0.9560,1.2600,-0.6300,0.1400
2026-07-03,14:30:37,4383415
,0.0044,-0.0176,-0.9570,1.3300,-0.4200,0.2100
2026-07-03,14:30:38,4383515,0.0024,-0.0181,-0.9565,1.2600,-0.7700,0.1400
2026-07-03,14:30:38,4383615,0.0039,-0.0176,-0.9536,1.3300,-0.4900,0.2100
2026-07-03,14:30:38,4383715,0.0039,-0.0205,-0.954
5,1.1900,-0.4200,0.2100
2026-07-03,14:30:38,4383815,0.0044,-0.0181,-0.9560,1.2600,-0.5600,0.1400
2026-07-03,14:30:38,4383915,0.0039,-0.0215,-0.9579,1.2600,-0.6300,0.2100
2026-07-03,14:30:38,4384015,0.0063,-0.0195,-0.9560,1.2600,-0.5600,0.210
0
2026-07-03,14:30:38,4384115,0.0034,-0.0200,-0.9550,1.2600,-0.4900,0.2100
2026-07-03,14:30:38,4384215,0.0039,-0.0190,-0.9565,1.1900,-0.5600,0.1400
2026-07-03,14:30:38,4384315,0.0029,-0.0215,-0.9555,1.2600,-0.4900,0.2100
2026-07-03,14:30:38
,4384415,0.0029,-0.0195,-0.9560,1.1900,-0.4900,0.1400
2026-07-03,14:30:39,4384515,0.0049,-0.0200,-0.9550,1.1900,-0.5600,0.2100
2026-07-03,14:30:39,4384615,0.0029,-0.0205,-0.9550,1.2600,-0.4200,0.2800
2026-07-03,14:30:39,4384715,0.0034,-0.019
5,-0.9560,1.1900,-0.5600,0.1400
2026-07-03,14:30:39,4384815,0.0044,-0.0190,-0.9560,1.1900,-0.6300,0.0700
2026-07-03,14:30:39,4384915,0.0039,-0.0181,-0.9560,1.1900,-0.4900,0.0700
2026-07-03,14:30:39,4385015,0.0068,-0.0205,-0.9536,1.2600,-0.49
00,0.0700
2026-07-03,14:30:39,4385119,0.0044,-0.0200,-0.9531,1.3300,-0.5600,0.2100
2026-07-03,14:30:39,4385215,0.0034,-0.0185,-0.9540,1.2600,-0.5600,0.1400
2026-07-03,14:30:39,4385315,0.0024,-0.0185,-0.9570,1.1900,-0.4900,0.2100
2026-07-03,
14:30:39,4385415,0.0010,-0.0195,-0.9545,1.1900,-0.4200,0.2100
2026-07-03,14:30:40,4385515,0.0000,-0.0234,-0.9575,1.2600,-0.6300,0.2800
2026-07-03,14:30:40,4385615,0.0020,-0.0220,-0.9540,1.1200,-0.4200,0.2100
2026-07-03,14:30:40,4385715,0.006
3,-0.0190,-0.9565,1.3300,-0.5600,0.2100
2026-07-03,14:30:40,4385815,0.0073,-0.0190,-0.9560,1.1900,-0.6300,0.1400
2026-07-03,14:30:40,4385915,0.0068,-0.0220,-0.9575,1.2600,-0.5600,0.2100
2026-07-03,14:30:40,4386015,0.0059,-0.0171,-0.9531,1.26
00,-0.4900,0.1400
2026-07-03,14:30:40,4386115,0.0063,-0.0185,-0.9614,1.2600,-0.5600,0.2100
2026-07-03,14:30:40,4386215,0.0049,-0.0185,-0.9545,1.1900,-0.5600,0.2100
2026-07-03,14:30:40,4386315,0.0049,-0.0185,-0.9550,1.2600,-0.7000,0.2100
202
6-07-03,14:30:40,4386415,0.0044,-0.0215,-0.9550,1.3300,-0.4900,0.2100
2026-07-03,14:30:41,4386515,0.0034,-0.0205,-0.9570,1.2600,-0.5600,0.1400
2026-07-03,14:30:41,4386615,0.0049,-0.0229,-0.9545,1.1900,-0.6300,0.1400
2026-07-03,14:30:41,43867
20,0.0044,-0.0220,-0.9560,1.1900,-0.7000,0.1400
2026-07-03,14:30:41,4386815,0.0054,-0.0185,-0.9579,1.1900,-0.6300,0.1400
2026-07-03,14:30:41,4386915,0.0059,-0.0190,-0.9536,1.1900,-0.4200,0.1400
2026-07-03,14:30:41,4387015,0.0054,-0.0200,-0.9
560,1.2600,-0.4900,0.2100
2026-07-03,14:30:41,4387115,0.0039,-0.0190,-0.9555,1.2600,-0.4900,0.2100
2026-07-03,14:30:41,4387215,0.0000,-0.0220,-0.9565,1.1200,-0.5600,0.0700
2026-07-03,14:30:41,4387315,0.0010,-0.0210,-0.9531,1.2600,-0.6300,0.1
400
2026-07-03,14:30:41,4387419,0.0015,-0.0205,-0.9545,1.3300,-0.6300,0.2100
2026-07-03,14:30:42,4387515,0.0024,-0.0244,-0.9555,1.1900,-0.4900,0.2100
2026-07-03,14:30:42,4387615,-0.0005,-0.0215,-0.9545,1.2600,-0.6300,0.0700
2026-07-03,14:30
:42,4387715,0.0010,-0.0210,-0.9555,1.1200,-0.5600,0.2100
2026-07-03,14:30:42,4387815,0.0029,-0.0220,-0.9526,1.1900,-0.6300,0.1400
2026-07-03,14:30:42,4387915,0.0024,-0.0195,-0.9526,1.1900,-0.4900,0.2100
2026-07-03,14:30:42,4388015,0.0049,-0.
0185,-0.9570,1.2600,-0.7700,0.1400
2026-07-03,14:30:42,4388120,0.0039,-0.0215,-0.9545,1.2600,-0.5600,0.0700
2026-07-03,14:30:42,4388215,0.0020,-0.0210,-0.9575,1.2600,-0.4900,0.2100
2026-07-03,14:30:42,4388315,0.0044,-0.0215,-0.9589,1.1900,-0
.4900,0.2100
2026-07-03,14:30:42,4388415,0.0049,-0.0185,-0.9550,1.1900,-0.6300,0.2100
2026-07-03,14:30:43,4388515,0.0049,-0.0205,-0.9545,1.2600,-0.5600,0.1400
2026-07-03,14:30:43,4388615,0.0044,-0.0176,-0.9550,1.2600,-0.6300,0.0700
2026-07-
03,14:30:43,4388715,0.0044,-0.0195,-0.9565,1.2600,-0.4900,0.2100
2026-07-03,14:30:43,4388815,0.0039,-0.0185,-0.9531,1.2600,-0.4900,0.2100
2026-07-03,14:30:43,4388915,0.0024,-0.0190,-0.9545,1.1900,-0.6300,0.2100
2026-07-03,14:30:43,4389015,0.
0039,-0.0234,-0.9555,1.2600,-0.5600,0.2100
2026-07-03,14:30:43,4389115,0.0039,-0.0195,-0.9565,1.2600,-0.5600,0.2100
2026-07-03,14:30:43,4389215,0.0054,-0.0220,-0.9545,1.1900,-0.5600,0.1400
2026-07-03,14:30:43,4389315,0.0034,-0.0190,-0.9555,1
.3300,-0.4900,0.0700
2026-07-03,14:30:43,4389415,0.0068,-0.0190,-0.9565,1.1900,-0.5600,0.0700
2026-07-03,14:30:44,4389515,0.0054,-0.0200,-0.9531,1.3300,-0.5600,0.1400
2026-07-03,14:30:44,4389615,0.0049,-0.0190,-0.9550,1.2600,-0.5600,0.1400
2026-07-03,14:30:44,4389715,0.0044,-0.0200,-0.9536,1.3300,-0.7000,0.1400
2026-07-03,14:30:44,4389815,0.0024,-0.0220,-0.9540,1.2600,-0.5600,0.1400
2026-07-03,14:30:44,4389915,0.0034,-0.0220,-0.9545,1.1900,-0.6300,0.2100
2026-07-03,14:30:44,43
90015,0.0044,-0.0190,-0.9555,1.2600,-0.5600,0.1400
2026-07-03,14:30:44,4390119,0.0029,-0.0205,-0.9550,1.1900,-0.4900,0.2100
2026-07-03,14:30:44,4390215,0.0039,-0.0181,-0.9570,1.2600,-0.4900,0.2100
2026-07-03,14:30:44,4390315,0.0049,-0.0200,-
0.9565,1.1900,-0.6300,0.1400
2026-07-03,14:30:44,4390415,0.0049,-0.0200,-0.9565,1.1900,-0.4900,0.1400
2026-07-03,14:30:45,4390515,0.0078,-0.0176,-0.9555,1.2600,-0.4900,0.2100
2026-07-03,14:30:45,4390615,0.0034,-0.0205,-0.9550,1.1200,-0.5600,
0.2100
2026-07-03,14:30:45,4390715,0.0015,-0.0181,-0.9540,1.2600,-0.5600,0.2100
2026-07-03,14:30:45,4390815,0.0039,-0.0205,-0.9555,1.1900,-0.6300,0.1400
2026-07-03,14:30:45,4390915,0.0054,-0.0210,-0.9550,1.1900,-0.5600,0.2100
2026-07-03,14:
30:45,4391015,0.0039,-0.0190,-0.9550,1.2600,-0.5600,0.0700
2026-07-03,14:30:45,4391115,0.0039,-0.0185,-0.9555,1.2600,-0.6300,0.2100
2026-07-03,14:30:45,4391215,0.0054,-0.0195,-0.9555,1.2600,-0.5600,0.1400
2026-07-03,14:30:45,4391315,0.0068,-
0.0190,-0.9560,1.2600,-0.4900,0.2800
2026-07-03,14:30:45,4391415,0.0039,-0.0185,-0.9536,1.2600,-0.5600,0.1400
2026-07-03,14:30:46,4391515,0.0044,-0.0205,-0.9565,1.2600,-0.4900,0.1400
2026-07-03,14:30:46,4391615,0.0034,-0.0176,-0.9545,1.1200,
-0.6300,0.1400
2026-07-03,14:30:46,4391715,0.0044,-0.0205,-0.9555,1.1900,-0.6300,0.1400
2026-07-03,14:30:46,4391815,0.0039,-0.0190,-0.9570,1.1900,-0.6300,0.2100
2026-07-03,14:30:46,4391915,0.0049,-0.0205,-0.9550,1.2600,-0.5600,0.0700
2026-0
7-03,14:30:46,4392015,0.0034,-0.0205,-0.9550,1.3300,-0.5600,0.2100
2026-07-03,14:30:46,4392115,0.0049,-0.0200,-0.9560,1.1900,-0.4900,0.2100
2026-07-03,14:30:46,4392215,0.0054,-0.0210,-0.9579,1.2600,-0.6300,0.1400
2026-07-03,14:30:46,4392315,
0.0063,-0.0185,-0.9565,1.1900,-0.6300,0.1400
2026-07-03,14:30:46,4392415,0.0049,-0.0185,-0.9560,1.1900,-0.5600,0.1400
2026-07-03,14:30:47,4392515,0.0049,-0.0205,-0.9555,1.1900,-0.5600,0.2100
2026-07-03,14:30:47,4392615,0.0029,-0.0185,-0.9545
,1.2600,-0.5600,0.1400
2026-07-03,14:30:47,4392715,0.0063,-0.0215,-0.9570,1.1200,-0.6300,0.2100
2026-07-03,14:30:47,4392815,0.0049,-0.0190,-0.9545,1.2600,-0.5600,0.1400
2026-07-03,14:30:47,4392915,0.0044,-0.0200,-0.9555,1.2600,-0.4900,0.0700
2026-07-03,14:30:47,4393015,0.0068,-0.0224,-0.9560,1.1200,-0.6300,0.1400
2026-07-03,14:30:47,4393115,0.0034,-0.0185,-0.9560,1.1900,-0.4900,0.2100
2026-07-03,14:30:47,4393215,0.0049,-0.0195,-0.9555,1.1900,-0.6300,0.2100
2026-07-03,14:30:47,
4393315,0.0049,-0.0200,-0.9540,1.1200,-0.5600,0.2100
2026-07-03,14:30:47,4393415,0.0024,-0.0210,-0.9521,1.2600,-0.5600,0.2100
2026-07-03,14:30:48,4393515,0.0015,-0.0210,-0.9555,1.2600,-0.5600,0.1400
2026-07-03,14:30:48,4393615,0.0044,-0.0195
,-0.9565,1.2600,-0.5600,0.1400
2026-07-03,14:30:48,4393715,0.0034,-0.0210,-0.9560,1.2600,-0.6300,0.1400
2026-07-03,14:30:48,4393815,0.0039,-0.0210,-0.9560,1.2600,-0.6300,0.1400
2026-07-03,14:30:48,4393915,0.0039,-0.0195,-0.9570,1.1900,-0.560
0,0.2100
2026-07-03,14:30:48,4394015,0.0054,-0.0185,-0.9565,1.1900,-0.5600,0.2100
2026-07-03,14:30:48,4394115,0.0068,-0.0200,-0.9555,1.2600,-0.4900,0.0700
2026-07-03,14:30:48,4394215,0.0063,-0.0181,-0.9560,1.2600,-0.5600,0.2100
2026-07-03,1
4:30:48,4394315,0.0073,-0.0195,-0.9540,1.2600,-0.4900,0.0700
2026-07-03,14:30:48,4394415,0.0044,-0.0210,-0.9565,1.1900,-0.6300,0.1400
2026-07-03,14:30:49,4394515,0.0068,-0.0200,-0.9575,1.2600,-0.4900,0.2100
2026-07-03,14:30:49,4394615,-0.013
2,-0.0005,-0.9228,1.5400,-0.7700,0.1400
2026-07-03,14:30:49,4394715,0.0010,-0.0395,-0.9506,1.3300,-0.4200,0.2100
2026-07-03,14:30:49,4394815,0.0034,-0.0273,-0.9618,1.1900,-0.7000,0.2800
2026-07-03,14:30:49,4394915,-0.0005,-0.0195,-0.9540,1.1
900,-0.5600,0.2100
2026-07-03,14:30:49,4395020,-0.0015,-0.0259,-0.9667,1.3300,-0.4200,0.0700
2026-07-03,14:30:49,4395119,0.0059,-0.0190,-0.9628,1.1900,-0.6300,0.0700
2026-07-03,14:30:49,4395215,0.0015,-0.0151,-0.9604,1.3300,-0.4900,0.2100
2
026-07-03,14:30:49,4395315,0.0190,-0.0273,-0.9589,1.2600,-0.4200,0.0000
2026-07-03,14:30:49,4395415,-0.0039,-0.0249,-0.9545,1.1900,-0.7700,0.2100
2026-07-03,14:30:50,4395515,-0.0083,-0.0224,-0.9487,1.3300,-0.3500,0.2100
2026-07-03,14:30:50,4
395615,0.0049,-0.0224,-0.9565,1.2600,-0.7000,0.2100
2026-07-03,14:30:50,4395722,0.0142,-0.0195,-0.9536,1.1900,-0.6300,0.1400
2026-07-03,14:30:50,4395815,0.0059,-0.0200,-0.9555,1.1900,-0.5600,0.1400
2026-07-03,14:30:50,4395915,0.0044,-0.0190,
-0.9545,1.1200,-0.5600,0.1400
2026-07-03,14:30:50,4396015,0.0088,-0.0166,-0.9555,1.2600,-0.5600,0.2800
2026-07-03,14:30:50,4396115,0.0054,-0.0210,-0.9609,1.2600,-0.6300,0.2100
2026-07-03,14:30:50,4396215,0.0029,-0.0195,-0.9511,1.1900,-0.4900
,0.1400
2026-07-03,14:30:50,4396315,0.0010,-0.0205,-0.9638,1.4000,-0.6300,0.2800
2026-07-03,14:30:50,4396419,0.0112,-0.0020,-0.9409,1.1900,-0.4900,0.0000
2026-07-03,14:30:51,4396515,0.0098,-0.0181,-0.9536,1.3300,-0.5600,0.3500
2026-07-03,14
:30:51,4396615,0.0112,-0.0122,-0.9467,1.3300,-0.4200,0.2100
2026-07-03,14:30:51,4396715,0.0317,-0.0483,-0.9306,0.7000,-1.1200,0.1400
2026-07-03,14:30:51,4396815,-0.0039,-0.0210,-0.9609,1.1200,-0.0700,-0.2800
2026-07-03,14:30:51,4396915,-0.00
73,-0.0224,-0.9565,1.2600,-0.6300,0.2800
2026-07-03,14:30:51,4397015,0.0093,-0.0161,-0.9496,1.2600,-0.6300,0.2100
2026-07-03,14:30:51,4397115,0.0117,-0.0215,-0.9604,1.1200,-0.6300,0.1400
2026-07-03,14:30:51,4397215,0.0063,-0.0151,-0.9536,1.2
600,-0.6300,0.1400
2026-07-03,14:30:51,4397315,0.0083,-0.0146,-0.9575,1.1900,-0.7000,0.2100
2026-07-03,14:30:51,4397415,0.0117,-0.0200,-0.9799,1.2600,-0.3500,0.1400
2026-07-03,14:30:52,4397515,0.0034,-0.0171,-0.9482,1.1900,-0.5600,0.2100
20
26-07-03,14:30:52,4397615,0.0034,-0.0254,-0.9560,1.1200,-0.6300,0.1400
2026-07-03,14:30:52,4397715,-0.0010,-0.0200,-0.9570,1.1900,-0.4900,0.2100
2026-07-03,14:30:52,4397815,0.0020,-0.0210,-0.9550,1.1900,-0.6300,0.2100
2026-07-03,14:30:52,439
7915,0.0015,-0.0229,-0.9545,1.2600,-0.7000,0.0700
2026-07-03,14:30:52,4398015,0.0034,-0.0210,-0.9555,1.1900,-0.5600,0.2100
2026-07-03,14:30:52,4398115,0.0029,-0.0181,-0.9579,1.3300,-0.5600,0.1400
2026-07-03,14:30:52,4398215,0.0054,-0.0205,-0
.9565,1.1900,-0.5600,0.1400
2026-07-03,14:30:52,4398315,0.0049,-0.0200,-0.9555,1.1900,-0.6300,0.0700
2026-07-03,14:30:52,4398415,0.0063,-0.0190,-0.9555,1.1900,-0.6300,0.1400
2026-07-03,14:30:53,4398515,0.0059,-0.0200,-0.9555,1.2600,-0.6300,0
.1400
2026-07-03,14:30:53,4398615,0.0039,-0.0190,-0.9555,1.3300,-0.6300,0.2100
2026-07-03,14:30:53,4398715,0.0063,-0.0195,-0.9555,1.1900,-0.6300,0.1400
2026-07-03,14:30:53,4398815,0.0039,-0.0200,-0.9555,1.1900,-0.5600,0.0700
2026-07-03,14:3
0:53,4398915,0.0059,-0.0185,-0.9565,1.2600,-0.4900,0.1400
2026-07-03,14:30:53,4399015,0.0054,-0.0190,-0.9550,1.3300,-0.6300,0.1400
2026-07-03,14:30:53,4399115,0.0049,-0.0190,-0.9565,1.2600,-0.4200,0.1400
2026-07-03,14:30:53,4399215,0.0049,-0
.0205,-0.9555,1.2600,-0.5600,0.1400
2026-07-03,14:30:53,4399315,0.0049,-0.0200,-0.9555,1.1900,-0.6300,0.1400
2026-07-03,14:30:53,4399415,0.0063,-0.0190,-0.9570,1.1900,-0.6300,0.1400
2026-07-03,14:30:54,4399515,0.0044,-0.0190,-0.9560,1.1200,-
0.4900,0.2100
2026-07-03,14:30:54,4399615,0.0068,-0.0210,-0.9579,1.1900,-0.5600,0.2100
2026-07-03,14:30:54,4399715,0.0024,-0.0205,-0.9536,1.2600,-0.5600,0.1400
2026-07-03,14:30:54,4399815,0.0044,-0.0185,-0.9555,1.3300,-0.6300,0.2100
2026-07
-03,14:30:54,4399915,0.0034,-0.0181,-0.9555,1.1200,-0.5600,0.0700
2026-07-03,14:30:54,4400015,0.0049,-0.0229,-0.9550,1.2600,-0.4900,0.2100
2026-07-03,14:30:54,4400119,0.0059,-0.0200,-0.9565,1.1900,-0.5600,0.2100
2026-07-03,14:30:54,4400215,0
.0044,-0.0195,-0.9565,1.2600,-0.7000,0.1400
2026-07-03,14:30:54,4400315,0.0078,-0.0176,-0.9579,1.2600,-0.5600,0.1400
2026-07-03,14:30:54,4400415,0.0044,-0.0185,-0.9550,1.2600,-0.4200,0.2100
2026-07-03,14:30:55,4400515,0.0044,-0.0185,-0.9565,
1.1900,-0.5600,0.1400
2026-07-03,14:30:55,4400615,0.0034,-0.0200,-0.9565,1.1900,-0.4900,0.2800
2026-07-03,14:30:55,4400715,0.0063,-0.0195,-0.9555,1.2600,-0.7000,0.1400
2026-07-03,14:30:55,4400815,0.0044,-0.0210,-0.9565,1.1200,-0.4900,0.1400
2026-07-03,14:30:55,4400915,0.0054,-0.0200,-0.9570,1.1900,-0.4200,0.2100
2026-07-03,14:30:55,4401015,0.0034,-0.0185,-0.9560,1.1900,-0.6300,0.0700
2026-07-03,14:30:55,4401115,0.0049,-0.0205,-0.9565,1.1900,-0.5600,0.2100
2026-07-03,14:30:55,4
401215,0.0044,-0.0176,-0.9550,1.3300,-0.5600,0.1400
2026-07-03,14:30:55,4401315,0.0068,-0.0205,-0.9560,1.2600,-0.5600,0.1400
2026-07-03,14:30:55,4401415,0.0044,-0.0205,-0.9555,1.2600,-0.6300,0.1400
2026-07-03,14:30:56,4401515,0.0039,-0.0210,
-0.9565,1.1200,-0.5600,0.1400
2026-07-03,14:30:56,4401615,0.0039,-0.0200,-0.9540,1.2600,-0.4900,0.1400
2026-07-03,14:30:56,4401715,0.0063,-0.0185,-0.9560,1.1900,-0.3500,0.2100
2026-07-03,14:30:56,4401815,0.0034,-0.0176,-0.9540,1.1900,-0.6300
,0.0700
2026-07-03,14:30:56,4401915,0.0049,-0.0205,-0.9540,1.2600,-0.4900,0.2100
2026-07-03,14:30:56,4402015,0.0044,-0.0200,-0.9570,1.1900,-0.5600,0.1400
2026-07-03,14:30:56,4402115,0.0044,-0.0200,-0.9545,1.2600,-0.6300,0.1400
2026-07-03,14
:30:56,4402215,0.0054,-0.0200,-0.9560,1.2600,-0.5600,0.2100
2026-07-03,14:30:56,4402315,0.0044,-0.0205,-0.9555,1.1900,-0.4200,0.2100
2026-07-03,14:30:56,4402415,0.0044,-0.0210,-0.9575,1.2600,-0.4200,0.2800
2026-07-03,14:30:57,4402515,0.0029,
-0.0200,-0.9555,1.1900,-0.4900,0.1400
2026-07-03,14:30:57,4402620,0.0039,-0.0215,-0.9550,1.2600,-0.6300,0.2100
2026-07-03,14:30:57,4402715,0.0044,-0.0195,-0.9555,1.1900,-0.4200,0.1400
2026-07-03,14:30:57,4402815,0.0049,-0.0195,-0.9570,1.2600
,-0.6300,0.0700
2026-07-03,14:30:57,4402915,0.0034,-0.0205,-0.9565,1.2600,-0.6300,0.2800
2026-07-03,14:30:57,4403015,0.0059,-0.0195,-0.9550,1.1200,-0.5600,0.1400
2026-07-03,14:30:57,4403115,0.0054,-0.0185,-0.9555,1.2600,-0.4900,0.2100
2026-
07-03,14:30:57,4403215,0.0049,-0.0195,-0.9589,1.2600,-0.6300,0.2100
2026-07-03,14:30:57,4403320,0.0054,-0.0195,-0.9560,1.2600,-0.5600,0.0700
2026-07-03,14:30:57,4403415,0.0059,-0.0210,-0.9570,1.2600,-0.6300,0.2100
2026-07-03,14:30:58,4403515
,0.0054,-0.0205,-0.9550,1.1900,-0.6300,0.0700
2026-07-03,14:30:58,4403615,0.0063,-0.0210,-0.9570,1.2600,-0.5600,0.2100
2026-07-03,14:30:58,4403715,0.0049,-0.0181,-0.9545,1.1900,-0.4900,0.2100
2026-07-03,14:30:58,4403815,0.0039,-0.0215,-0.955
0,1.1900,-0.5600,0.1400
2026-07-03,14:30:58,4403915,0.0024,-0.0176,-0.9555,1.1900,-0.5600,0.2100
2026-07-03,14:30:58,4404020,0.0059,-0.0200,-0.9565,1.3300,-0.5600,0.1400
2026-07-03,14:30:58,4404115,0.0059,-0.0195,-0.9560,1.2600,-0.4900,0.210
0
2026-07-03,14:30:58,4404215,0.0039,-0.0195,-0.9545,1.2600,-0.6300,0.2100
2026-07-03,14:30:58,4404315,0.0029,-0.0185,-0.9570,1.2600,-0.7000,0.1400
2026-07-03,14:30:58,4404415,0.0068,-0.0185,-0.9560,1.1900,-0.4900,0.2100
2026-07-03,14:30:59
,4404515,0.0044,-0.0166,-0.9545,1.2600,-0.6300,0.1400
2026-07-03,14:30:59,4404615,0.0039,-0.0185,-0.9589,1.1900,-0.4900,0.2100
2026-07-03,14:30:59,4404715,0.0039,-0.0190,-0.9555,1.1900,-0.7000,0.0700
2026-07-03,14:30:59,4404815,0.0054,-0.021
0,-0.9565,1.2600,-0.5600,0.0700
2026-07-03,14:30:59,4404915,0.0059,-0.0185,-0.9560,1.2600,-0.4900,0.2100
2026-07-03,14:30:59,4405015,0.0054,-0.0205,-0.9555,1.2600,-0.5600,0.1400
2026-07-03,14:30:59,4405119,0.0029,-0.0185,-0.9565,1.1900,-0.42
00,0.2100
2026-07-03,14:30:59,4405215,0.0044,-0.0181,-0.9560,1.2600,-0.5600,0.1400
2026-07-03,14:30:59,4405315,0.0044,-0.0220,-0.9570,1.2600,-0.5600,0.0700
2026-07-03,14:30:59,4405415,0.0029,-0.0176,-0.9550,1.2600,-0.5600,0.1400
2026-07-03,
14:31:00,4405515,0.0034,-0.0210,-0.9550,1.1200,-0.4200,0.1400
2026-07-03,14:31:00,4405615,0.0049,-0.0210,-0.9540,1.2600,-0.7000,0.1400
2026-07-03,14:31:00,4405715,0.0039,-0.0224,-0.9536,1.1900,-0.5600,0.2800
2026-07-03,14:31:00,4405815,0.005
4,-0.0195,-0.9560,1.1900,-0.5600,0.1400
2026-07-03,14:31:00,4405915,0.0024,-0.0195,-0.9575,1.1900,-0.5600,0.2100
2026-07-03,14:31:00,4406015,0.0034,-0.0190,-0.9555,1.1200,-0.4900,0.1400
2026-07-03,14:31:00,4406115,0.0054,-0.0200,-0.9575,1.26
00,-0.5600,0.1400
2026-07-03,14:31:00,4406215,0.0029,-0.0190,-0.9570,1.2600,-0.6300,0.2100
2026-07-03,14:31:00,4406315,0.0049,-0.0205,-0.9560,1.1200,-0.5600,0.1400
2026-07-03,14:31:00,4406415,0.0059,-0.0185,-0.9550,1.1900,-0.4900,0.1400
202
6-07-03,14:31:01,4406515,0.0044,-0.0195,-0.9545,1.1900,-0.5600,0.1400
2026-07-03,14:31:01,4406615,0.0054,-0.0195,-0.9545,1.2600,-0.5600,0.2100
2026-07-03,14:31:01,4406715,0.0054,-0.0205,-0.9540,1.2600,-0.6300,0.2100
2026-07-03,14:31:01,44068
15,0.0054,-0.0190,-0.9575,1.1900,-0.6300,0.2100
2026-07-03,14:31:01,4406915,0.0059,-0.0205,-0.9560,1.2600,-0.6300,0.0700
2026-07-03,14:31:01,4407015,0.0059,-0.0210,-0.9555,1.1900,-0.4900,0.1400
2026-07-03,14:31:01,4407115,0.0054,-0.0190,-0.9
555,1.2600,-0.6300,0.1400
2026-07-03,14:31:01,4407215,0.0020,-0.0215,-0.9560,1.1900,-0.4900,0.2100
2026-07-03,14:31:01,4407315,0.0044,-0.0195,-0.9555,1.2600,-0.6300,0.2100
2026-07-03,14:31:01,4407415,0.0059,-0.0176,-0.9506,1.2600,-0.6300,0.2
100
2026-07-03,14:31:02,4407515,0.0078,-0.0151,-0.9570,1.2600,-0.4200,0.0700
2026-07-03,14:31:02,4407615,0.0059,-0.0185,-0.9579,1.1900,-0.6300,0.1400
2026-07-03,14:31:02,4407715,0.0039,-0.0181,-0.9555,1.2600,-0.6300,0.2100
2026-07-03,14:31:
02,4407815,0.0059,-0.0210,-0.9540,1.1900,-0.4900,0.2100
2026-07-03,14:31:02,4407915,0.0039,-0.0205,-0.9565,1.3300,-0.6300,0.1400
2026-07-03,14:31:02,4408015,0.0049,-0.0195,-0.9550,1.1200,-0.5600,0.1400
2026-07-03,14:31:02,4408115,0.0020,-0.0
205,-0.9575,1.3300,-0.4900,0.2100
2026-07-03,14:31:02,4408215,0.0020,-0.0205,-0.9555,1.2600,-0.5600,0.1400
2026-07-03,14:31:02,4408315,0.0039,-0.0176,-0.9555,1.1200,-0.4900,0.1400
2026-07-03,14:31:02,4408415,0.0044,-0.0195,-0.9560,1.2600,-0.
5600,0.2100
2026-07-03,14:31:03,4408515,0.0039,-0.0185,-0.9545,1.2600,-0.6300,0.1400
2026-07-03,14:31:03,4408615,0.0078,-0.0190,-0.9570,1.1900,-0.4900,0.1400
2026-07-03,14:31:03,4408715,0.0039,-0.0185,-0.9555,1.1900,-0.5600,0.1400
2026-07-0
3,14:31:03,4408815,0.0044,-0.0190,-0.9540,1.1900,-0.4900,0.1400
2026-07-03,14:31:03,4408915,0.0024,-0.0220,-0.9540,1.2600,-0.6300,0.1400
2026-07-03,14:31:03,4409015,0.0034,-0.0224,-0.9550,1.2600,-0.4200,0.2100
2026-07-03,14:31:03,4409115,0.0
044,-0.0220,-0.9560,1.2600,-0.5600,0.1400
2026-07-03,14:31:03,4409215,0.0010,-0.0210,-0.9531,1.1900,-0.4900,0.1400
2026-07-03,14:31:03,4409315,0.0049,-0.0215,-0.9555,1.1900,-0.5600,0.0700
2026-07-03,14:31:03,4409415,0.0044,-0.0176,-0.9550,1.
3300,-0.5600,0.0700
2026-07-03,14:31:04,4409515,0.0059,-0.0181,-0.9555,1.3300,-0.4900,0.1400
2026-07-03,14:31:04,4409615,0.0020,-0.0205,-0.9570,1.2600,-0.5600,0.1400
2026-07-03,14:31:04,4409715,0.0034,-0.0185,-0.9550,1.1900,-0.7700,0.1400
2
026-07-03,14:31:04,4409815,0.0059,-0.0229,-0.9565,1.1900,-0.5600,0.1400
2026-07-03,14:31:04,4409915,0.0024,-0.0210,-0.9560,1.2600,-0.5600,0.1400
2026-07-03,14:31:04,4410015,0.0044,-0.0205,-0.9545,1.2600,-0.4900,0.1400
2026-07-03,14:31:04,441
0119,0.0005,-0.0220,-0.9550,1.1900,-0.6300,0.1400
2026-07-03,14:31:04,4410215,0.0015,-0.0210,-0.9579,1.2600,-0.5600,0.1400
2026-07-03,14:31:04,4410315,0.0039,-0.0176,-0.9555,1.1900,-0.4200,0.1400
2026-07-03,14:31:04,4410415,0.0039,-0.0195,-0
.9550,1.2600,-0.6300,0.1400
2026-07-03,14:31:05,4410515,0.0044,-0.0205,-0.9570,1.1900,-0.5600,0.2100
2026-07-03,14:31:05,4410615,0.0054,-0.0195,-0.9550,1.2600,-0.7000,0.0700
2026-07-03,14:31:05,4410715,0.0029,-0.0185,-0.9550,1.2600,-0.6300,0
.1400
2026-07-03,14:31:05,4410815,0.0054,-0.0176,-0.9545,1.2600,-0.4900,0.1400
2026-07-03,14:31:05,4410919,0.0068,-0.0185,-0.9570,1.2600,-0.5600,0.1400
2026-07-03,14:31:05,4411015,0.0059,-0.0200,-0.9540,1.1900,-0.6300,0.1400
2026-07-03,14:3
1:05,4411115,0.0049,-0.0220,-0.9560,1.1900,-0.7000,0.1400
2026-07-03,14:31:05,4411215,0.0034,-0.0195,-0.9550,1.1900,-0.5600,0.2100
2026-07-03,14:31:05,4411315,0.0059,-0.0200,-0.9555,1.1900,-0.5600,0.2100
2026-07-03,14:31:05,4411415,0.0044,-0
.0176,-0.9550,1.3300,-0.5600,0.1400
2026-07-03,14:31:06,4411515,0.0063,-0.0190,-0.9579,1.2600,-0.4900,0.2100
2026-07-03,14:31:06,4411620,0.0029,-0.0195,-0.9545,1.1900,-0.6300,0.1400
2026-07-03,14:31:06,4411715,0.0063,-0.0210,-0.9565,1.2600,-
0.4900,0.0700
2026-07-03,14:31:06,4411815,0.0059,-0.0190,-0.9570,1.1900,-0.5600,0.1400
2026-07-03,14:31:06,4411915,0.0034,-0.0195,-0.9545,1.3300,-0.5600,0.2100
2026-07-03,14:31:06,4412015,0.0029,-0.0205,-0.9579,1.2600,-0.4900,0.0700
2026-07
-03,14:31:06,4412115,0.0034,-0.0185,-0.9531,1.3300,-0.4900,0.1400
2026-07-03,14:31:06,4412215,0.0054,-0.0220,-0.9560,1.1900,-0.5600,0.1400
2026-07-03,14:31:06,4412320,0.0049,-0.0185,-0.9560,1.1900,-0.6300,0.1400
2026-07-03,14:31:06,4412415,0
.0049,-0.0190,-0.9550,1.1900,-0.4900,0.2100
2026-07-03,14:31:07,4412515,0.0059,-0.0200,-0.9545,1.1200,-0.6300,0.0700
2026-07-03,14:31:07,4412615,0.0044,-0.0185,-0.9545,1.2600,-0.6300,0.1400
2026-07-03,14:31:07,4412715,0.0039,-0.0210,-0.9555,
1.2600,-0.4900,0.2100
2026-07-03,14:31:07,4412815,0.0024,-0.0185,-0.9545,1.1900,-0.7000,0.2100
2026-07-03,14:31:07,4412915,0.0034,-0.0166,-0.9565,1.2600,-0.6300,0.2100
2026-07-03,14:31:07,4413020,0.0039,-0.0205,-0.9560,1.2600,-0.4900,0.2100
2026-07-03,14:31:07,4413115,0.0054,-0.0220,-0.9496,1.1900,-0.6300,0.0700
2026-07-03,14:31:07,4413215,0.0044,-0.0181,-0.9570,1.1200,-0.6300,0.1400
2026-07-03,14:31:07,4413315,0.0044,-0.0224,-0.9565,1.3300,-0.4200,0.1400
2026-07-03,14:31:07,4
413415,0.0005,-0.0215,-0.9496,1.1900,-0.6300,0.1400
2026-07-03,14:31:08,4413515,-0.0010,-0.0210,-0.9584,1.2600,-0.5600,0.1400
2026-07-03,14:31:08,4413615,0.0024,-0.0210,-0.9555,1.2600,-0.5600,0.2100
2026-07-03,14:31:08,4413715,0.0063,-0.0200
,-0.9540,1.1900,-0.6300,0.0700
2026-07-03,14:31:08,4413815,0.0044,-0.0200,-0.9565,1.2600,-0.5600,0.1400
2026-07-03,14:31:08,4413915,0.0054,-0.0112,-0.9477,1.2600,0.0000,0.2100
2026-07-03,14:31:08,4414015,0.0083,-0.0151,-0.9750,1.1900,-0.6300
,0.1400
2026-07-03,14:31:08,4414115,0.0044,-0.0185,-0.9536,1.3300,-0.5600,0.2100
2026-07-03,14:31:08,4414215,0.0024,-0.0224,-0.9545,1.1900,-0.6300,0.0700
2026-07-03,14:31:08,4414315,0.0015,-0.0205,-0.9560,1.3300,-0.5600,0.2100
2026-07-03,14
:31:08,4414415,0.0059,-0.0205,-0.9540,1.2600,-0.4900,0.2800
2026-07-03,14:31:09,4414515,0.0039,-0.0215,-0.9609,1.2600,-0.5600,0.1400
2026-07-03,14:31:09,4414615,0.0029,-0.0205,-0.9579,1.1900,-0.7000,0.1400
2026-07-03,14:31:09,4414715,0.0063,
-0.0224,-0.9609,1.1900,-0.4900,0.1400
2026-07-03,14:31:09,4414815,0.0068,-0.0161,-0.9531,1.2600,-0.5600,0.1400
2026-07-03,14:31:09,4414915,0.0068,-0.0190,-0.9565,1.1900,-0.5600,0.1400
2026-07-03,14:31:09,4415015,0.0054,-0.0171,-0.9555,1.2600
,-0.7000,0.1400
2026-07-03,14:31:09,4415119,0.0063,-0.0200,-0.9555,1.1900,-0.5600,0.2100
2026-07-03,14:31:09,4415215,0.0039,-0.0190,-0.9550,1.2600,-0.4900,0.2100
2026-07-03,14:31:09,4415315,0.0078,-0.0220,-0.9589,1.1900,-0.6300,0.1400
2026-
07-03,14:31:09,4415415,0.0024,-0.0185,-0.9531,1.2600,-0.4900,0.2100
2026-07-03,14:31:10,4415515,0.0098,-0.0190,-0.9545,1.2600,-0.4900,0.2100
2026-07-03,14:31:10,4415615,0.0044,-0.0190,-0.9550,1.2600,-0.5600,0.1400
2026-07-03,14:31:10,4415715
,0.0044,-0.0200,-0.9550,1.1900,-0.5600,0.1400
2026-07-03,14:31:10,4415815,0.0059,-0.0229,-0.9550,1.1900,-0.6300,0.1400
2026-07-03,14:31:10,4415915,0.0063,-0.0195,-0.9545,1.1900,-0.5600,0.2100
2026-07-03,14:31:10,4416015,0.0034,-0.0185,-0.955
5,1.1900,-0.4900,0.2100
2026-07-03,14:31:10,4416115,0.0068,-0.0200,-0.9570,1.1900,-0.4900,0.2100
2026-07-03,14:31:10,4416215,0.0073,-0.0185,-0.9555,1.1900,-0.6300,0.1400
2026-07-03,14:31:10,4416315,0.0063,-0.0190,-0.9536,1.2600,-0.6300,0.140
0
2026-07-03,14:31:10,4416415,0.0054,-0.0200,-0.9570,1.1900,-0.6300,0.2100
2026-07-03,14:31:11,4416515,0.0068,-0.0224,-0.9565,1.2600,-0.5600,0.2100
2026-07-03,14:31:11,4416615,0.0049,-0.0195,-0.9540,1.1900,-0.5600,0.1400
2026-07-03,14:31:11
,4416715,0.0049,-0.0210,-0.9540,1.1900,-0.5600,0.2100
2026-07-03,14:31:11,4416815,0.0059,-0.0205,-0.9536,1.2600,-0.4200,0.1400
2026-07-03,14:31:11,4416915,0.0063,-0.0205,-0.9560,1.3300,-0.4900,0.2100
2026-07-03,14:31:11,4417015,0.0049,-0.021
0,-0.9575,1.2600,-0.5600,0.2100
2026-07-03,14:31:11,4417115,0.0034,-0.0185,-0.9516,1.1900,-0.4200,0.1400
2026-07-03,14:31:11,4417215,0.0063,-0.0195,-0.9550,1.2600,-0.6300,0.2100
2026-07-03,14:31:11,4417315,0.0054,-0.0195,-0.9565,1.1900,-0.63
00,0.2100
2026-07-03,14:31:11,4417415,0.0039,-0.0190,-0.9531,1.2600,-0.5600,0.2800
2026-07-03,14:31:12,4417515,0.0054,-0.0220,-0.9550,1.2600,-0.7000,0.0700
2026-07-03,14:31:12,4417615,0.0000,-0.0205,-0.9521,1.2600,-0.5600,0.2100
2026-07-03,
14:31:12,4417715,0.0020,-0.0224,-0.9555,1.2600,-0.5600,0.1400
2026-07-03,14:31:12,4417815,0.0059,-0.0142,-0.9521,1.1900,-0.4900,0.2100
2026-07-03,14:31:12,4417915,0.0088,-0.0200,-0.9531,1.2600,-0.5600,0.1400
2026-07-03,14:31:12,4418015,0.005
4,-0.0185,-0.9584,1.1900,-0.7000,0.2100
2026-07-03,14:31:12,4418115,0.0054,-0.0181,-0.9521,1.3300,-0.4900,0.1400
2026-07-03,14:31:12,4418215,0.0059,-0.0259,-0.9672,1.1900,-0.7000,0.2100
2026-07-03,14:31:12,4418315,0.0044,-0.0205,-0.9521,1.19
00,-0.6300,0.2100
2026-07-03,14:31:12,4418415,0.0034,-0.0244,-0.9579,1.3300,-0.5600,0.1400
2026-07-03,14:31:13,4418515,0.0059,-0.0185,-0.9604,1.2600,-0.5600,0.1400
2026-07-03,14:31:13,4418615,0.0078,-0.0171,-0.9623,1.1200,-0.4900,0.1400
202
6-07-03,14:31:13,4418715,0.0059,-0.0224,-0.9506,1.1900,-0.3500,0.2100
2026-07-03,14:31:13,4418815,0.0073,-0.0176,-0.9414,1.1200,-0.4200,0.1400
2026-07-03,14:31:13,4418915,0.0000,-0.0181,-0.9570,1.1200,-0.4900,0.1400
2026-07-03,14:31:13,44190
15,0.0059,-0.0044,-0.9633,1.3300,-0.6300,0.2100
2026-07-03,14:31:13,4419115,0.0063,-0.0244,-0.9570,1.1900,-0.6300,0.2100
2026-07-03,14:31:13,4419215,0.0005,-0.0195,-0.9575,1.1200,-0.5600,0.2100
2026-07-03,14:31:13,4419315,0.0059,-0.0200,-0.9
550,1.4000,-0.4900,0.1400
2026-07-03,14:31:13,4419415,-0.0005,-0.0210,-0.9550,1.1900,-0.6300,0.0700
2026-07-03,14:31:14,4419515,0.0078,-0.0185,-0.9443,1.1900,-0.3500,0.2100
2026-07-03,14:31:14,4419615,0.0088,-0.0200,-0.9526,1.1200,-0.5600,0.
2100
2026-07-03,14:31:14,4419715,0.0156,-0.0234,-0.9409,1.1200,-0.7700,0.1400
2026-07-03,14:31:14,4419815,0.0063,-0.0146,-0.9472,1.2600,-0.4200,0.2100
2026-07-03,14:31:14,4419919,0.0020,-0.0220,-0.9589,1.1200,-0.4900,0.2100
2026-07-03,14:31
:14,4420015,0.0137,-0.0205,-0.9545,1.1900,-0.5600,0.0700
2026-07-03,14:31:14,4420119,-0.0010,-0.0132,-0.9565,1.2600,-0.3500,0.0700
2026-07-03,14:31:14,4420215,0.0068,-0.0220,-0.9511,1.1200,-0.7700,0.1400
2026-07-03,14:31:14,4420315,0.0059,-0
.0244,-0.9589,1.2600,-0.5600,0.2100
2026-07-03,14:31:14,4420415,0.0024,-0.0122,-0.9960,1.1200,-0.4900,0.0700
2026-07-03,14:31:15,4420515,0.0083,-0.0234,-0.9628,1.0500,-0.6300,0.1400
2026-07-03,14:31:15,4420621,0.0117,-0.0200,-0.9609,1.1900,-
0.8400,0.2100
2026-07-03,14:31:15,4420715,0.0098,-0.0190,-0.9526,1.1900,-0.7000,0.1400
2026-07-03,14:31:15,4420815,0.0005,-0.0142,-0.9482,1.2600,-0.5600,0.2100
2026-07-03,14:31:15,4420915,0.0020,-0.0244,-0.9565,1.2600,-0.4900,0.1400
2026-07
-03,14:31:15,4421015,0.0010,-0.0224,-0.9614,1.2600,-0.4900,0.2100
2026-07-03,14:31:15,4421115,0.0024,-0.0210,-0.9609,1.1900,-0.7000,0.2100
2026-07-03,14:31:15,4421215,0.0049,-0.0205,-0.9555,1.2600,-0.4900,0.1400
2026-07-03,14:31:15,4421320,0
.0112,-0.0156,-0.9536,1.2600,-0.5600,0.2100
2026-07-03,14:31:15,4421415,0.0112,-0.0185,-0.9540,1.2600,-0.4900,0.0700
2026-07-03,14:31:16,4421515,-0.0288,0.0439,-0.9370,0.8400,-0.7000,0.0000
2026-07-03,14:31:16,4421615,-0.0005,-0.0273,-0.9862
,1.3300,-0.5600,0.3500
2026-07-03,14:31:16,4421715,-0.0068,-0.0190,-0.9516,1.2600,-0.7000,0.2800
2026-07-03,14:31:16,4421815,0.0010,-0.0283,-0.9560,1.1900,-0.4900,-0.0700
2026-07-03,14:31:16,4421915,-0.0005,-0.0205,-0.9545,1.2600,-0.4200,0.1
400
2026-07-03,14:31:16,4422015,0.0034,-0.0205,-0.9531,1.1900,-0.6300,0.1400
2026-07-03,14:31:16,4422115,0.0068,-0.0185,-0.9550,1.2600,-0.4900,0.2100
2026-07-03,14:31:16,4422215,0.0039,-0.0166,-0.9526,1.2600,-0.5600,0.1400
2026-07-03,14:31:
16,4422315,0.0054,-0.0220,-0.9584,1.1900,-0.6300,0.2100
2026-07-03,14:31:16,4422415,0.0059,-0.0190,-0.9526,1.2600,-0.5600,0.1400
2026-07-03,14:31:17,4422515,0.0034,-0.0190,-0.9550,1.2600,-0.7000,0.1400
2026-07-03,14:31:17,4422615,0.0059,-0.0
205,-0.9584,1.3300,-0.5600,0.2100
2026-07-03,14:31:17,4422715,0.0049,-0.0205,-0.9565,1.1900,-0.6300,0.1400
2026-07-03,14:31:17,4422815,0.0034,-0.0200,-0.9540,1.1900,-0.7000,0.1400
2026-07-03,14:31:17,4422915,0.0054,-0.0220,-0.9570,1.2600,-0.
4900,0.2100
2026-07-03,14:31:17,4423015,0.0054,-0.0181,-0.9545,1.1900,-0.4900,0.2100
2026-07-03,14:31:17,4423115,0.0049,-0.0185,-0.9570,1.2600,-0.4200,0.1400
2026-07-03,14:31:17,4423215,0.0054,-0.0185,-0.9565,1.1900,-0.7700,0.0700
2026-07-0
3,14:31:17,4423315,0.0049,-0.0185,-0.9555,1.3300,-0.7000,0.1400
2026-07-03,14:31:17,4423415,0.0068,-0.0215,-0.9545,1.2600,-0.6300,0.1400
2026-07-03,14:31:18,4423515,0.0039,-0.0181,-0.9545,1.1900,-0.6300,0.1400
2026-07-03,14:31:18,4423615,0.0
039,-0.0195,-0.9570,1.2600,-0.5600,0.2100
2026-07-03,14:31:18,4423715,0.0049,-0.0220,-0.9555,1.1900,-0.5600,0.1400
2026-07-03,14:31:18,4423815,0.0024,-0.0185,-0.9545,1.1900,-0.6300,0.1400
2026-07-03,14:31:18,4423915,0.0049,-0.0210,-0.9560,1.
3300,-0.5600,0.2100
2026-07-03,14:31:18,4424015,0.0034,-0.0181,-0.9550,1.2600,-0.6300,0.1400
2026-07-03,14:31:18,4424115,0.0044,-0.0200,-0.9565,1.2600,-0.6300,0.1400
2026-07-03,14:31:18,4424215,0.0039,-0.0200,-0.9550,1.1900,-0.6300,0.1400
2
026-07-03,14:31:18,4424315,0.0044,-0.0185,-0.9584,1.1900,-0.4900,0.1400
2026-07-03,14:31:18,4424415,0.0039,-0.0210,-0.9579,1.2600,-0.7700,0.0700
2026-07-03,14:31:19,4424515,0.0059,-0.0200,-0.9565,1.2600,-0.5600,0.1400
2026-07-03,14:31:19,442
4615,0.0049,-0.0195,-0.9521,1.2600,-0.6300,0.1400
2026-07-03,14:31:19,4424715,0.0054,-0.0200,-0.9540,1.2600,-0.5600,0.1400
2026-07-03,14:31:19,4424815,0.0073,-0.0190,-0.9531,1.2600,-0.4900,0.1400
2026-07-03,14:31:19,4424915,0.0039,-0.0190,-0
.9540,1.3300,-0.5600,0.1400
2026-07-03,14:31:19,4425015,0.0083,-0.0195,-0.9560,1.2600,-0.6300,0.2100
2026-07-03,14:31:19,4425119,0.0068,-0.0205,-0.9579,1.3300,-0.5600,0.1400
2026-07-03,14:31:19,4425215,0.0059,-0.0185,-0.9526,1.1900,-0.4900,0
.2100
2026-07-03,14:31:19,4425315,0.0054,-0.0220,-0.9589,1.2600,-0.5600,0.1400
2026-07-03,14:31:19,4425415,0.0015,-0.0210,-0.9579,1.2600,-0.5600,0.2100
2026-07-03,14:31:20,4425515,0.0054,-0.0195,-0.9531,1.1900,-0.6300,0.2100
2026-07-03,14:3
1:20,4425615,0.0063,-0.0200,-0.9516,1.0500,-0.5600,0.1400
2026-07-03,14:31:20,4425715,0.0020,-0.0146,-0.9433,1.1900,-0.4900,0.2100
2026-07-03,14:31:20,4425815,0.0093,-0.0220,-0.9560,1.1900,-0.6300,0.2100
2026-07-03,14:31:20,4425915,0.0063,-0
.0195,-0.9570,1.1900,-0.4200,0.0700
2026-07-03,14:31:20,4426015,0.0049,-0.0181,-0.9570,1.2600,-0.5600,0.0700
2026-07-03,14:31:20,4426115,0.0049,-0.0190,-0.9516,1.1900,-0.7000,0.0700
2026-07-03,14:31:20,4426215,0.0054,-0.0205,-0.9555,1.2600,-
0.6300,0.1400
2026-07-03,14:31:20,4426315,0.0034,-0.0181,-0.9545,1.1900,-0.6300,0.1400
2026-07-03,14:31:20,4426415,0.0054,-0.0210,-0.9560,1.1200,-0.4900,0.1400
2026-07-03,14:31:21,4426515,0.0059,-0.0195,-0.9550,1.1200,-0.6300,0.2100
2026-07
-03,14:31:21,4426615,0.0063,-0.0200,-0.9550,1.2600,-0.6300,0.1400
2026-07-03,14:31:21,4426715,0.0063,-0.0185,-0.9540,1.1900,-0.3500,0.2100
2026-07-03,14:31:21,4426815,0.0063,-0.0185,-0.9545,1.1900,-0.5600,0.1400
2026-07-03,14:31:21,4426915,0
.0029,-0.0210,-0.9560,1.1900,-0.5600,0.2100
2026-07-03,14:31:21,4427015,0.0034,-0.0195,-0.9575,1.2600,-0.4900,0.1400
2026-07-03,14:31:21,4427115,0.0059,-0.0200,-0.9570,1.2600,-0.5600,0.2100
2026-07-03,14:31:21,4427215,0.0078,-0.0185,-0.9526,
1.1900,-0.5600,0.1400
2026-07-03,14:31:21,4427315,0.0049,-0.0200,-0.9560,1.3300,-0.4900,0.2100
2026-07-03,14:31:21,4427415,0.0039,-0.0185,-0.9565,1.1900,-0.5600,0.1400
2026-07-03,14:31:22,4427521,0.0054,-0.0205,-0.9560,1.1900,-0.6300,0.2100
2026-07-03,14:31:22,4427615,0.0054,-0.0190,-0.9570,1.1900,-0.4900,0.2100
2026-07-03,14:31:22,4427715,0.0049,-0.0220,-0.9570,1.2600,-0.6300,0.2800
2026-07-03,14:31:22,4427815,0.0054,-0.0200,-0.9555,1.2600,-0.4900,0.1400
2026-07-03,14:31:22,4
427915,0.0049,-0.0205,-0.9555,1.1900,-0.5600,0.1400
2026-07-03,14:31:22,4428015,0.0039,-0.0210,-0.9531,1.2600,-0.5600,0.1400
2026-07-03,14:31:22,4428115,0.0054,-0.0190,-0.9545,1.1900,-0.6300,0.1400
2026-07-03,14:31:22,4428220,0.0059,-0.0200,
-0.9540,1.1200,-0.4200,0.2100
2026-07-03,14:31:22,4428315,0.0059,-0.0215,-0.9550,1.2600,-0.6300,0.1400
2026-07-03,14:31:22,4428415,0.0063,-0.0190,-0.9555,1.2600,-0.4900,0.1400
2026-07-03,14:31:23,4428515,0.0054,-0.0205,-0.9570,1.2600,-0.6300
,0.0700
2026-07-03,14:31:23,4428615,0.0063,-0.0210,-0.9560,1.2600,-0.6300,0.1400
2026-07-03,14:31:23,4428715,0.0044,-0.0220,-0.9579,1.2600,-0.5600,0.2100
2026-07-03,14:31:23,4428815,0.0063,-0.0200,-0.9540,1.2600,-0.6300,0.1400
2026-07-03,14
:31:23,4428919,0.0049,-0.0205,-0.9570,1.1900,-0.5600,0.1400
2026-07-03,14:31:23,4429015,0.0059,-0.0200,-0.9570,1.1900,-0.7000,0.2100
2026-07-03,14:31:23,4429115,0.0044,-0.0195,-0.9550,1.1200,-0.5600,0.2100
2026-07-03,14:31:23,4429215,0.0049,
-0.0190,-0.9531,1.1900,-0.7700,0.1400
2026-07-03,14:31:23,4429315,0.0063,-0.0215,-0.9550,1.2600,-0.5600,0.1400
2026-07-03,14:31:23,4429415,0.0059,-0.0205,-0.9545,1.1900,-0.5600,0.2100
2026-07-03,14:31:24,4429515,0.0044,-0.0190,-0.9545,1.2600
,-0.4900,0.1400
2026-07-03,14:31:24,4429615,0.0039,-0.0200,-0.9545,1.2600,-0.6300,0.0700
2026-07-03,14:31:24,4429715,0.0059,-0.0185,-0.9575,1.2600,-0.5600,0.2100
2026-07-03,14:31:24,4429815,0.0063,-0.0220,-0.9560,1.1900,-0.7000,0.1400
2026-
07-03,14:31:24,4429915,0.0068,-0.0185,-0.9575,1.1900,-0.4900,0.0700
2026-07-03,14:31:24,4430015,0.0049,-0.0220,-0.9579,1.2600,-0.4900,0.1400
2026-07-03,14:31:24,4430119,0.0034,-0.0215,-0.9555,1.1900,-0.6300,0.2100
2026-07-03,14:31:24,4430215
,0.0068,-0.0205,-0.9575,1.2600,-0.4900,0.0700
2026-07-03,14:31:24,4430315,0.0054,-0.0200,-0.9545,1.2600,-0.5600,0.2100
2026-07-03,14:31:24,4430415,0.0054,-0.0200,-0.9555,1.2600,-0.5600,0.2100
2026-07-03,14:31:25,4430515,0.0039,-0.0215,-0.957
0,1.1900,-0.6300,0.1400
2026-07-03,14:31:25,4430615,0.0073,-0.0195,-0.9540,1.2600,-0.6300,0.1400
2026-07-03,14:31:25,4430715,0.0073,-0.0190,-0.9560,1.1900,-0.6300,0.1400
2026-07-03,14:31:25,4430815,0.0054,-0.0215,-0.9550,1.2600,-0.6300,0.140
0
2026-07-03,14:31:25,4430915,0.0049,-0.0205,-0.9550,1.1900,-0.5600,0.1400
2026-07-03,14:31:25,4431015,0.0073,-0.0190,-0.9560,1.1900,-0.6300,0.1400
2026-07-03,14:31:25,4431115,0.0068,-0.0171,-0.9531,1.2600,-0.6300,0.1400
2026-07-03,14:31:25
,4431215,0.0049,-0.0185,-0.9565,1.2600,-0.5600,0.2100
2026-07-03,14:31:25,4431315,0.0049,-0.0200,-0.9555,1.1900,-0.5600,0.2800
2026-07-03,14:31:25,4431415,0.0049,-0.0210,-0.9555,1.2600,-0.5600,0.1400
2026-07-03,14:31:26,4431515,0.0054,-0.020
5,-0.9536,1.1200,-0.7000,0.0700
2026-07-03,14:31:26,4431615,0.0054,-0.0190,-0.9570,1.2600,-0.5600,0.0700
2026-07-03,14:31:26,4431715,0.0059,-0.0210,-0.9575,1.1900,-0.4900,0.1400
2026-07-03,14:31:26,4431815,0.0059,-0.0200,-0.9560,1.1900,-0.56
00,0.1400
2026-07-03,14:31:26,4431915,0.0049,-0.0210,-0.9550,1.1200,-0.4900,0.0700
2026-07-03,14:31:26,4432015,0.0049,-0.0161,-0.9550,1.1900,-0.6300,0.1400
2026-07-03,14:31:26,4432115,0.0044,-0.0220,-0.9565,1.1900,-0.5600,0.1400
2026-07-03,
14:31:26,4432215,0.0024,-0.0200,-0.9550,1.1200,-0.6300,0.2100
2026-07-03,14:31:26,4432315,0.0024,-0.0200,-0.9565,1.2600,-0.4900,0.0700
2026-07-03,14:31:26,4432415,0.0044,-0.0190,-0.9550,1.2600,-0.6300,0.2100
2026-07-03,14:31:27,4432515,0.004
9,-0.0195,-0.9555,1.2600,-0.5600,0.2100
2026-07-03,14:31:27,4432615,0.0049,-0.0166,-0.9550,1.2600,-0.4900,0.0700
2026-07-03,14:31:27,4432715,0.0034,-0.0200,-0.9555,1.1900,-0.5600,0.2100
2026-07-03,14:31:27,4432815,0.0054,-0.0215,-0.9560,1.26
00,-0.6300,0.2100
2026-07-03,14:31:27,4432915,0.0054,-0.0220,-0.9540,1.1900,-0.5600,0.1400
2026-07-03,14:31:27,4433015,0.0049,-0.0195,-0.9550,1.1900,-0.4900,0.1400
2026-07-03,14:31:27,4433115,0.0059,-0.0215,-0.9589,1.1900,-0.5600,0.2100
202
6-07-03,14:31:27,4433215,0.0039,-0.0185,-0.9565,1.1900,-0.5600,0.2100
2026-07-03,14:31:27,4433315,0.0024,-0.0200,-0.9560,1.1900,-0.4900,0.1400
2026-07-03,14:31:27,4433415,0.0054,-0.0200,-0.9536,1.3300,-0.4900,0.2100
2026-07-03,14:31:28,44335
15,0.0044,-0.0224,-0.9545,1.2600,-0.7000,0.1400
2026-07-03,14:31:28,4433615,0.0039,-0.0190,-0.9540,1.1900,-0.6300,0.2100
2026-07-03,14:31:28,4433715,0.0049,-0.0195,-0.9550,1.1900,-0.5600,0.1400
2026-07-03,14:31:28,4433815,0.0039,-0.0200,-0.9
545,1.1900,-0.7000,0.1400
2026-07-03,14:31:28,4433915,0.0054,-0.0210,-0.9628,1.1900,-0.7000,0.2100
2026-07-03,14:31:28,4434015,0.0039,-0.0181,-0.9536,1.1900,-0.6300,0.1400
2026-07-03,14:31:28,4434115,0.0073,-0.0195,-0.9565,1.1900,-0.4200,0.1
400
2026-07-03,14:31:28,4434215,0.0068,-0.0200,-0.9560,1.1900,-0.4900,0.1400
2026-07-03,14:31:28,4434315,0.0044,-0.0181,-0.9521,1.3300,-0.5600,0.2100
2026-07-03,14:31:28,4434415,0.0073,-0.0185,-0.9550,1.1900,-0.5600,0.1400
2026-07-03,14:31:
29,4434515,0.0044,-0.0200,-0.9575,1.2600,-0.5600,0.1400
2026-07-03,14:31:29,4434615,0.0073,-0.0215,-0.9560,1.2600,-0.5600,0.1400
2026-07-03,14:31:29,4434715,0.0044,-0.0190,-0.9555,1.1900,-0.5600,0.0700
2026-07-03,14:31:29,4434815,0.0063,-0.0
185,-0.9550,1.3300,-0.6300,0.2100
2026-07-03,14:31:29,4434915,0.0049,-0.0220,-0.9560,1.3300,-0.4900,0.1400
2026-07-03,14:31:29,4435015,0.0059,-0.0200,-0.9555,1.2600,-0.6300,0.2100
2026-07-03,14:31:29,4435119,0.0059,-0.0195,-0.9555,1.1900,-0.
5600,0.2800
2026-07-03,14:31:29,4435215,0.0063,-0.0205,-0.9550,1.2600,-0.4200,0.2100
2026-07-03,14:31:29,4435315,0.0073,-0.0200,-0.9550,1.2600,-0.6300,0.2100
2026-07-03,14:31:29,4435415,0.0044,-0.0195,-0.9536,1.1900,-0.5600,0.2100
2026-07-0
3,14:31:30,4435515,0.0049,-0.0181,-0.9545,1.2600,-0.5600,0.1400
2026-07-03,14:31:30,4435615,0.0073,-0.0200,-0.9545,1.1900,-0.4900,0.1400
2026-07-03,14:31:30,4435715,0.0059,-0.0190,-0.9565,1.1900,-0.6300,0.0700
2026-07-03,14:31:30,4435820,0.0
068,-0.0195,-0.9540,1.3300,-0.4900,0.1400
2026-07-03,14:31:30,4435915,0.0059,-0.0200,-0.9560,1.1900,-0.5600,0.2100
2026-07-03,14:31:30,4436015,0.0054,-0.0190,-0.9540,1.1200,-0.5600,0.2100
2026-07-03,14:31:30,4436115,0.0054,-0.0190,-0.9545,1.
2600,-0.4900,0.2100
2026-07-03,14:31:30,4436215,0.0063,-0.0176,-0.9555,1.1200,-0.5600,0.0700
2026-07-03,14:31:30,4436315,0.0049,-0.0190,-0.9565,1.2600,-0.5600,0.2100
2026-07-03,14:31:30,4436415,0.0073,-0.0190,-0.9570,1.3300,-0.5600,0.2100
2
026-07-03,14:31:31,4436520,0.0049,-0.0200,-0.9516,1.1900,-0.5600,0.1400
2026-07-03,14:31:31,4436615,0.0049,-0.0205,-0.9570,1.2600,-0.4900,0.1400
2026-07-03,14:31:31,4436715,0.0054,-0.0215,-0.9550,1.1900,-0.4900,0.1400
2026-07-03,14:31:31,443
6815,0.0059,-0.0181,-0.9575,1.2600,-0.4900,0.1400
2026-07-03,14:31:31,4436915,0.0049,-0.0210,-0.9540,1.1900,-0.4900,0.1400
2026-07-03,14:31:31,4437015,0.0063,-0.0190,-0.9555,1.2600,-0.5600,0.1400
2026-07-03,14:31:31,4437115,0.0059,-0.0185,-0
.9560,1.1900,-0.5600,0.2100
2026-07-03,14:31:31,4437220,0.0054,-0.0200,-0.9565,1.1900,-0.6300,0.2800
2026-07-03,14:31:31,4437315,0.0059,-0.0190,-0.9555,1.2600,-0.6300,0.2100
2026-07-03,14:31:31,4437415,0.0059,-0.0190,-0.9565,1.3300,-0.4900,0
.2100
2026-07-03,14:31:32,4437515,0.0044,-0.0185,-0.9540,1.2600,-0.7000,0.0700
2026-07-03,14:31:32,4437615,0.0049,-0.0195,-0.9540,1.2600,-0.5600,0.1400
2026-07-03,14:31:32,4437715,0.0039,-0.0205,-0.9555,1.2600,-0.5600,0.2800
2026-07-03,14:3
1:32,4437815,0.0034,-0.0190,-0.9565,1.2600,-0.5600,0.2100
2026-07-03,14:31:32,4437919,0.0068,-0.0215,-0.9555,1.1900,-0.5600,0.0700
2026-07-03,14:31:32,4438015,0.0073,-0.0205,-0.9565,1.3300,-0.4900,0.2100
2026-07-03,14:31:32,4438115,0.0054,-0
.0195,-0.9536,1.1200,-0.5600,0.2100
2026-07-03,14:31:32,4438215,0.0044,-0.0195,-0.9550,1.1900,-0.5600,0.1400
2026-07-03,14:31:32,4438315,0.0059,-0.0224,-0.9550,1.2600,-0.4900,0.1400
2026-07-03,14:31:32,4438415,0.0059,-0.0205,-0.9531,1.1200,-
0.6300,0.1400
2026-07-03,14:31:33,4438515,0.0059,-0.0210,-0.9555,1.1900,-0.4900,0.2100
2026-07-03,14:31:33,4438615,0.0039,-0.0190,-0.9565,1.2600,-0.6300,0.2100
2026-07-03,14:31:33,4438715,0.0059,-0.0200,-0.9550,1.2600,-0.6300,0.2100
2026-07
-03,14:31:33,4438815,0.0059,-0.0200,-0.9560,1.1900,-0.6300,0.2100
2026-07-03,14:31:33,4438915,0.0049,-0.0190,-0.9555,1.2600,-0.5600,0.2100
2026-07-03,14:31:33,4439015,0.0063,-0.0190,-0.9550,1.1900,-0.4900,0.2100
2026-07-03,14:31:33,4439115,0
.0063,-0.0210,-0.9540,1.2600,-0.6300,0.0700
2026-07-03,14:31:33,4439215,0.0054,-0.0205,-0.9536,1.1900,-0.5600,0.1400
2026-07-03,14:31:33,4439315,0.0054,-0.0200,-0.9594,1.2600,-0.4200,0.1400
2026-07-03,14:31:33,4439415,0.0078,-0.0210,-0.9575,
1.1900,-0.4900,0.2100
2026-07-03,14:31:34,4439515,0.0059,-0.0210,-0.9560,1.1900,-0.4900,0.2100
2026-07-03,14:31:34,4439615,0.0059,-0.0220,-0.9555,1.2600,-0.4900,0.2100
2026-07-03,14:31:34,4439715,0.0054,-0.0185,-0.9550,1.2600,-0.5600,0.1400
2026-07-03,14:31:34,4439815,0.0059,-0.0200,-0.9545,1.2600,-0.5600,0.1400
2026-07-03,14:31:34,4439915,0.0044,-0.0210,-0.9545,1.2600,-0.6300,0.1400
2026-07-03,14:31:34,4440015,0.0044,-0.0195,-0.9555,1.2600,-0.4900,0.1400
2026-07-03,14:31:34,4
440119,0.0059,-0.0200,-0.9560,1.1900,-0.5600,0.2100
2026-07-03,14:31:34,4440215,0.0029,-0.0190,-0.9545,1.1900,-0.5600,0.2800
2026-07-03,14:31:34,4440315,0.0049,-0.0176,-0.9555,1.2600,-0.4200,0.2100
2026-07-03,14:31:34,4440415,0.0049,-0.0195,
-0.9570,1.2600,-0.5600,0.1400
2026-07-03,14:31:35,4440515,0.0054,-0.0215,-0.9570,1.1900,-0.5600,0.0700
2026-07-03,14:31:35,4440615,0.0044,-0.0195,-0.9565,1.3300,-0.5600,0.1400
2026-07-03,14:31:35,4440715,0.0044,-0.0176,-0.9531,1.3300,-0.5600
,0.0700
2026-07-03,14:31:35,4440815,0.0054,-0.0200,-0.9560,1.1900,-0.6300,0.0700
2026-07-03,14:31:35,4440915,0.0049,-0.0200,-0.9560,1.1900,-0.4900,0.1400
2026-07-03,14:31:35,4441015,0.0054,-0.0210,-0.9560,1.3300,-0.5600,0.1400
2026-07-03,14
:31:35,4441115,0.0054,-0.0210,-0.9565,1.1900,-0.5600,0.2100
2026-07-03,14:31:35,4441215,0.0054,-0.0195,-0.9560,1.2600,-0.5600,0.2100
2026-07-03,14:31:35,4441315,0.0054,-0.0181,-0.9545,1.2600,-0.7000,0.0700
2026-07-03,14:31:35,4441415,0.0073,
-0.0200,-0.9545,1.1900,-0.6300,0.1400
2026-07-03,14:31:36,4441515,0.0054,-0.0195,-0.9540,1.1900,-0.6300,0.2100
2026-07-03,14:31:36,4441615,0.0063,-0.0224,-0.9550,1.2600,-0.6300,0.1400
2026-07-03,14:31:36,4441715,0.0063,-0.0205,-0.9545,1.2600
,-0.4200,0.0700
2026-07-03,14:31:36,4441815,0.0073,-0.0195,-0.9540,1.1900,-0.6300,0.2100
2026-07-03,14:31:36,4441915,0.0054,-0.0200,-0.9550,1.1900,-0.5600,0.0700
2026-07-03,14:31:36,4442015,0.0054,-0.0215,-0.9550,1.1200,-0.6300,0.1400
2026-
07-03,14:31:36,4442115,0.0068,-0.0195,-0.9570,1.1900,-0.4900,0.1400
2026-07-03,14:31:36,4442215,0.0068,-0.0195,-0.9570,1.2600,-0.5600,0.1400
2026-07-03,14:31:36,4442315,0.0059,-0.0220,-0.9536,1.1900,-0.4900,0.2800
2026-07-03,14:31:36,4442415
,0.0044,-0.0200,-0.9570,1.2600,-0.4900,0.2100
2026-07-03,14:31:37,4442515,0.0063,-0.0181,-0.9575,1.1900,-0.4900,0.2100
2026-07-03,14:31:37,4442615,0.0063,-0.0210,-0.9540,1.1900,-0.4200,0.2800
2026-07-03,14:31:37,4442715,0.0044,-0.0185,-0.954
0,1.1900,-0.5600,0.2100
2026-07-03,14:31:37,4442815,0.0049,-0.0200,-0.9555,1.1900,-0.6300,0.1400
2026-07-03,14:31:37,4442915,0.0049,-0.0210,-0.9550,1.2600,-0.4900,0.2100
2026-07-03,14:31:37,4443015,0.0063,-0.0205,-0.9540,1.1900,-0.6300,0.140
0
2026-07-03,14:31:37,4443115,0.0063,-0.0205,-0.9560,1.2600,-0.4900,0.1400
2026-07-03,14:31:37,4443215,0.0049,-0.0210,-0.9570,1.2600,-0.5600,0.2100
2026-07-03,14:31:37,4443315,0.0039,-0.0185,-0.9555,1.2600,-0.6300,0.2100
2026-07-03,14:31:37
,4443415,0.0063,-0.0200,-0.9540,1.1200,-0.4900,0.1400
2026-07-03,14:31:38,4443515,0.0068,-0.0200,-0.9565,1.2600,-0.6300,0.1400
2026-07-03,14:31:38,4443615,0.0039,-0.0215,-0.9550,1.2600,-0.5600,0.0700
2026-07-03,14:31:38,4443715,0.0029,-0.019
5,-0.9560,1.1900,-0.6300,0.1400
2026-07-03,14:31:38,4443815,0.0073,-0.0195,-0.9550,1.2600,-0.6300,0.0700
2026-07-03,14:31:38,4443915,0.0029,-0.0229,-0.9584,1.1900,-0.5600,0.0700
2026-07-03,14:31:38,4444015,0.0044,-0.0215,-0.9560,1.1900,-0.49
00,0.2100
2026-07-03,14:31:38,4444115,0.0049,-0.0190,-0.9536,1.2600,-0.6300,0.2100
2026-07-03,14:31:38,4444215,0.0039,-0.0205,-0.9540,1.1900,-0.5600,0.2100
2026-07-03,14:31:38,4444315,0.0068,-0.0215,-0.9550,1.3300,-0.6300,0.2100
2026-07-03,
14:31:38,4444415,0.0029,-0.0190,-0.9555,1.2600,-0.5600,0.1400
2026-07-03,14:31:39,4444515,0.0054,-0.0205,-0.9560,1.3300,-0.4900,0.2100
2026-07-03,14:31:39,4444615,0.0068,-0.0215,-0.9550,1.2600,-0.5600,0.2100
2026-07-03,14:31:39,4444715,0.002
4,-0.0220,-0.9555,1.2600,-0.6300,0.2100
2026-07-03,14:31:39,4444820,0.0049,-0.0205,-0.9550,1.2600,-0.6300,0.0700
2026-07-03,14:31:39,4444915,0.0044,-0.0210,-0.9555,1.3300,-0.5600,0.1400
2026-07-03,14:31:39,4445015,0.0039,-0.0190,-0.9570,1.26
00,-0.5600,0.1400
2026-07-03,14:31:39,4445119,0.0049,-0.0200,-0.9555,1.2600,-0.4200,0.1400
2026-07-03,14:31:39,4445215,0.0054,-0.0195,-0.9536,1.1900,-0.5600,0.2100
2026-07-03,14:31:39,4445315,0.0059,-0.0185,-0.9545,1.2600,-0.5600,0.0700
202
6-07-03,14:31:39,4445415,0.0044,-0.0200,-0.9575,1.2600,-0.5600,0.1400
2026-07-03,14:31:40,4445520,0.0073,-0.0215,-0.9560,1.1900,-0.6300,0.2100
2026-07-03,14:31:40,4445615,0.0049,-0.0205,-0.9545,1.1200,-0.4900,0.2100
2026-07-03,14:31:40,44457
15,0.0059,-0.0210,-0.9570,1.3300,-0.4900,0.2100
2026-07-03,14:31:40,4445815,0.0039,-0.0190,-0.9540,1.2600,-0.6300,0.1400
2026-07-03,14:31:40,4445915,0.0059,-0.0205,-0.9555,1.1900,-0.4900,0.1400
2026-07-03,14:31:40,4446015,0.0044,-0.0185,-0.9
565,1.2600,-0.4900,0.1400
2026-07-03,14:31:40,4446115,0.0049,-0.0220,-0.9545,1.1900,-0.5600,0.2100
2026-07-03,14:31:40,4446220,0.0034,-0.0185,-0.9555,1.3300,-0.5600,0.2100
2026-07-03,14:31:40,4446315,0.0054,-0.0205,-0.9545,1.2600,-0.5600,0.1
400
2026-07-03,14:31:40,4446415,0.0039,-0.0200,-0.9565,1.1200,-0.4900,0.1400
2026-07-03,14:31:41,4446515,0.0049,-0.0190,-0.9570,1.3300,-0.6300,0.1400
2026-07-03,14:31:41,4446615,0.0059,-0.0190,-0.9536,1.1900,-0.6300,0.1400
2026-07-03,14:31:
41,4446715,0.0068,-0.0210,-0.9579,1.2600,-0.5600,0.1400
2026-07-03,14:31:41,4446815,0.0044,-0.0195,-0.9560,1.2600,-0.5600,0.2100
2026-07-03,14:31:41,4446915,0.0059,-0.0181,-0.9550,1.1900,-0.4900,0.1400
2026-07-03,14:31:41,4447015,0.0068,-0.0
210,-0.9555,1.2600,-0.6300,0.1400
2026-07-03,14:31:41,4447115,0.0059,-0.0210,-0.9540,1.1900,-0.6300,0.1400
2026-07-03,14:31:41,4447215,0.0020,-0.0215,-0.9575,1.2600,-0.4200,0.1400
2026-07-03,14:31:41,4447315,0.0044,-0.0185,-0.9555,1.2600,-0.
6300,0.2100
2026-07-03,14:31:41,4447415,0.0024,-0.0200,-0.9531,1.1900,-0.6300,0.0700
2026-07-03,14:31:42,4447515,0.0049,-0.0205,-0.9565,1.2600,-0.7000,0.1400
2026-07-03,14:31:42,4447615,0.0049,-0.0185,-0.9565,1.2600,-0.5600,0.1400
2026-07-0
3,14:31:42,4447715,0.0049,-0.0190,-0.9565,1.1900,-0.7000,0.1400
2026-07-03,14:31:42,4447815,0.0054,-0.0185,-0.9579,1.3300,-0.7000,0.2100
2026-07-03,14:31:42,4447915,0.0034,-0.0195,-0.9536,1.1900,-0.7000,0.1400
2026-07-03,14:31:42,4448015,0.0
068,-0.0220,-0.9550,1.2600,-0.5600,0.1400
2026-07-03,14:31:42,4448115,0.0044,-0.0215,-0.9565,1.1900,-0.7000,0.0700
2026-07-03,14:31:42,4448215,0.0049,-0.0195,-0.9565,1.2600,-0.5600,0.2100
2026-07-03,14:31:42,4448315,0.0044,-0.0220,-0.9540,1.
2600,-0.6300,0.1400
2026-07-03,14:31:42,4448415,0.0054,-0.0200,-0.9540,1.2600,-0.6300,0.1400
2026-07-03,14:31:43,4448515,0.0049,-0.0200,-0.9560,1.1900,-0.6300,0.1400
2026-07-03,14:31:43,4448615,0.0059,-0.0200,-0.9575,1.1900,-0.5600,0.0700
2
026-07-03,14:31:43,4448715,0.0049,-0.0205,-0.9565,1.2600,-0.7000,0.1400
2026-07-03,14:31:43,4448815,0.0054,-0.0190,-0.9565,1.2600,-0.7000,0.1400
2026-07-03,14:31:43,4448915,0.0054,-0.0215,-0.9565,1.1900,-0.5600,0.2100
2026-07-03,14:31:43,444
9015,0.0049,-0.0200,-0.9540,1.2600,-0.4900,0.2100
2026-07-03,14:31:43,4449115,0.0029,-0.0210,-0.9545,1.3300,-0.5600,0.1400
2026-07-03,14:31:43,4449215,0.0049,-0.0210,-0.9570,1.1900,-0.6300,0.2100
2026-07-03,14:31:43,4449315,0.0039,-0.0185,-0
.9560,1.3300,-0.4200,0.2100
2026-07-03,14:31:43,4449415,0.0059,-0.0185,-0.9560,1.2600,-0.6300,0.0700
2026-07-03,14:31:44,4449515,0.0049,-0.0190,-0.9575,1.3300,-0.4900,0.1400
2026-07-03,14:31:44,4449615,0.0063,-0.0205,-0.9550,1.2600,-0.6300,0
.0700
2026-07-03,14:31:44,4449715,0.0049,-0.0195,-0.9555,1.3300,-0.6300,0.1400
2026-07-03,14:31:44,4449815,0.0059,-0.0195,-0.9560,1.1900,-0.4900,0.1400
2026-07-03,14:31:44,4449915,0.0054,-0.0220,-0.9555,1.1900,-0.4900,0.1400
2026-07-03,14:3
1:44,4450015,0.0039,-0.0215,-0.9575,1.1900,-0.5600,0.2100
2026-07-03,14:31:44,4450119,0.0059,-0.0195,-0.9540,1.1900,-0.4900,0.2100
2026-07-03,14:31:44,4450215,0.0054,-0.0195,-0.9565,1.1900,-0.4200,0.2100
2026-07-03,14:31:44,4450315,0.0068,-0
.0215,-0.9545,1.2600,-0.4200,0.2100
2026-07-03,14:31:44,4450415,0.0049,-0.0205,-0.9560,1.1900,-0.5600,0.1400
2026-07-03,14:31:45,4450515,0.0054,-0.0205,-0.9555,1.1200,-0.5600,0.0700
2026-07-03,14:31:45,4450615,0.0054,-0.0195,-0.9570,1.1900,-
0.5600,0.2100
2026-07-03,14:31:45,4450715,0.0068,-0.0205,-0.9565,1.2600,-0.6300,0.1400
2026-07-03,14:31:45,4450815,0.0054,-0.0215,-0.9570,1.2600,-0.4200,0.2100
2026-07-03,14:31:45,4450915,0.0044,-0.0205,-0.9575,1.1900,-0.5600,0.1400
2026-07
-03,14:31:45,4451015,0.0054,-0.0200,-0.9560,1.1900,-0.5600,0.2100
2026-07-03,14:31:45,4451115,0.0044,-0.0210,-0.9570,1.1900,-0.4900,0.1400
2026-07-03,14:31:45,4451215,0.0034,-0.0171,-0.9545,1.2600,-0.6300,0.0700
2026-07-03,14:31:45,4451315,0
.0059,-0.0205,-0.9570,1.2600,-0.5600,0.1400
2026-07-03,14:31:45,4451415,0.0039,-0.0195,-0.9560,1.1900,-0.5600,0.1400
2026-07-03,14:31:46,4451515,0.0034,-0.0205,-0.9565,1.1900,-0.6300,0.1400
2026-07-03,14:31:46,4451615,0.0044,-0.0215,-0.9555,
1.1900,-0.5600,0.1400
2026-07-03,14:31:46,4451715,0.0054,-0.0195,-0.9565,1.2600,-0.4900,0.1400
2026-07-03,14:31:46,4451815,0.0049,-0.0200,-0.9555,1.2600,-0.4900,0.2100
2026-07-03,14:31:46,4451915,0.0063,-0.0215,-0.9555,1.2600,-0.6300,0.1400
2026-07-03,14:31:46,4452015,0.0024,-0.0205,-0.9560,1.1900,-0.6300,0.1400
2026-07-03,14:31:46,4452115,0.0024,-0.0190,-0.9545,1.1900,-0.4900,0.2100
2026-07-03,14:31:46,4452215,0.0063,-0.0210,-0.9550,1.1200,-0.4900,0.1400
2026-07-03,14:31:46,4
452315,0.0049,-0.0195,-0.9565,1.3300,-0.6300,0.1400
2026-07-03,14:31:46,4452415,0.0059,-0.0195,-0.9560,1.2600,-0.7000,0.0700
2026-07-03,14:31:47,4452515,0.0054,-0.0220,-0.9560,1.2600,-0.7000,0.0700
2026-07-03,14:31:47,4452615,0.0054,-0.0215,
-0.9536,1.2600,-0.5600,0.2100
2026-07-03,14:31:47,4452715,0.0034,-0.0200,-0.9565,1.3300,-0.7000,0.2100
2026-07-03,14:31:47,4452815,0.0054,-0.0215,-0.9560,1.1900,-0.6300,0.1400
2026-07-03,14:31:47,4452915,0.0049,-0.0200,-0.9550,1.1900,-0.5600
,0.2100
2026-07-03,14:31:47,4453015,0.0049,-0.0205,-0.9565,1.2600,-0.4900,0.2100
2026-07-03,14:31:47,4453120,0.0029,-0.0200,-0.9555,1.1900,-0.7000,0.1400
2026-07-03,14:31:47,4453215,0.0044,-0.0195,-0.9599,1.3300,-0.6300,0.2100
2026-07-03,14
:31:47,4453315,0.0049,-0.0190,-0.9560,1.2600,-0.6300,0.2100
2026-07-03,14:31:47,4453415,0.0044,-0.0205,-0.9570,1.1900,-0.5600,0.1400
2026-07-03,14:31:48,4453515,0.0039,-0.0195,-0.9560,1.3300,-0.4900,0.2100
2026-07-03,14:31:48,4453615,0.0039,
-0.0205,-0.9560,1.1900,-0.5600,0.2100
2026-07-03,14:31:48,4453715,0.0049,-0.0215,-0.9545,1.1900,-0.4900,0.1400
2026-07-03,14:31:48,4453820,0.0063,-0.0205,-0.9540,1.1900,-0.5600,0.0700
2026-07-03,14:31:48,4453915,0.0049,-0.0205,-0.9550,1.1900
,-0.6300,0.1400
2026-07-03,14:31:48,4454015,0.0049,-0.0210,-0.9545,1.1900,-0.6300,0.1400
2026-07-03,14:31:48,4454115,0.0054,-0.0210,-0.9570,1.1900,-0.6300,0.2100
2026-07-03,14:31:48,4454215,0.0049,-0.0200,-0.9560,1.2600,-0.5600,0.1400
2026-
07-03,14:31:48,4454315,0.0054,-0.0210,-0.9550,1.1900,-0.5600,0.1400
2026-07-03,14:31:48,4454415,0.0063,-0.0205,-0.9565,1.2600,-0.5600,0.2100
2026-07-03,14:31:49,4454520,0.0049,-0.0215,-0.9575,1.2600,-0.4900,0.1400
2026-07-03,14:31:49,4454615
,0.0073,-0.0195,-0.9560,1.1900,-0.5600,0.2800
2026-07-03,14:31:49,4454715,0.0073,-0.0195,-0.9550,1.1900,-0.4900,0.2100
2026-07-03,14:31:49,4454815,0.0054,-0.0210,-0.9575,1.2600,-0.4900,0.1400
2026-07-03,14:31:49,4454915,0.0054,-0.0220,-0.955
0,1.1900,-0.7000,0.1400
2026-07-03,14:31:49,4455015,0.0059,-0.0200,-0.9560,1.2600,-0.5600,0.2100
2026-07-03,14:31:49,4455119,0.0054,-0.0215,-0.9550,1.1900,-0.6300,0.1400
2026-07-03,14:31:49,4455215,0.0068,-0.0200,-0.9555,1.2600,-0.4900,0.140
0
2026-07-03,14:31:49,4455315,0.0029,-0.0190,-0.9550,1.1900,-0.5600,0.1400
2026-07-03,14:31:49,4455415,0.0063,-0.0195,-0.9540,1.2600,-0.4900,0.1400
2026-07-03,14:31:50,4455515,0.0044,-0.0200,-0.9584,1.1900,-0.6300,0.0700
2026-07-03,14:31:50
,4455615,0.0049,-0.0205,-0.9565,1.1200,-0.5600,0.0700
2026-07-03,14:31:50,4455715,0.0063,-0.0210,-0.9550,1.2600,-0.4200,0.1400
2026-07-03,14:31:50,4455815,0.0044,-0.0181,-0.9565,1.1900,-0.5600,0.2100
2026-07-03,14:31:50,4455915,0.0039,-0.021
0,-0.9540,1.2600,-0.4900,0.1400
2026-07-03,14:31:50,4456015,0.0054,-0.0200,-0.9584,1.1900,-0.4900,0.0700
2026-07-03,14:31:50,4456115,0.0044,-0.0205,-0.9560,1.2600,-0.4900,0.2100
2026-07-03,14:31:50,4456215,0.0049,-0.0190,-0.9565,1.2600,-0.63
00,0.1400
2026-07-03,14:31:50,4456315,0.0054,-0.0215,-0.9565,1.2600,-0.6300,0.1400
2026-07-03,14:31:50,4456415,0.0068,-0.0195,-0.9565,1.1900,-0.6300,0.0700
2026-07-03,14:31:51,4456515,0.0044,-0.0210,-0.9540,1.1900,-0.5600,0.2100
2026-07-03,
14:31:51,4456615,0.0044,-0.0200,-0.9550,1.2600,-0.4200,0.2100
2026-07-03,14:31:51,4456715,0.0044,-0.0190,-0.9575,1.2600,-0.4900,0.1400
2026-07-03,14:31:51,4456815,0.0059,-0.0205,-0.9555,1.2600,-0.5600,0.1400
2026-07-03,14:31:51,4456915,0.006
8,-0.0200,-0.9545,1.2600,-0.4900,0.1400
2026-07-03,14:31:51,4457015,0.0054,-0.0205,-0.9540,1.1900,-0.5600,0.1400
2026-07-03,14:31:51,4457115,0.0063,-0.0205,-0.9579,1.2600,-0.6300,0.0700
2026-07-03,14:31:51,4457215,0.0059,-0.0195,-0.9570,1.19
00,-0.4200,0.1400
2026-07-03,14:31:51,4457315,0.0054,-0.0185,-0.9545,1.2600,-0.4900,0.1400
2026-07-03,14:31:51,4457415,0.0049,-0.0210,-0.9555,1.1900,-0.5600,0.0700
2026-07-03,14:31:52,4457515,0.0044,-0.0176,-0.9545,1.2600,-0.4900,0.2100
202
6-07-03,14:31:52,4457615,0.0059,-0.0210,-0.9565,1.2600,-0.5600,0.2100
2026-07-03,14:31:52,4457715,0.0063,-0.0215,-0.9540,1.1900,-0.4200,0.1400
2026-07-03,14:31:52,4457815,0.0054,-0.0215,-0.9579,1.1900,-0.5600,0.1400
2026-07-03,14:31:52,44579
15,0.0044,-0.0200,-0.9570,1.1900,-0.7700,0.1400
2026-07-03,14:31:52,4458015,0.0039,-0.0200,-0.9545,1.1200,-0.5600,0.1400
2026-07-03,14:31:52,4458115,0.0063,-0.0200,-0.9536,1.1900,-0.6300,0.2100
2026-07-03,14:31:52,4458215,0.0049,-0.0200,-0.9
536,1.2600,-0.4900,0.1400
2026-07-03,14:31:52,4458315,0.0054,-0.0195,-0.9575,1.3300,-0.5600,0.2100
2026-07-03,14:31:52,4458415,0.0049,-0.0176,-0.9575,1.2600,-0.6300,0.1400
2026-07-03,14:31:53,4458515,0.0063,-0.0200,-0.9545,1.2600,-0.5600,0.1
400
2026-07-03,14:31:53,4458615,0.0039,-0.0210,-0.9560,1.2600,-0.5600,0.1400
2026-07-03,14:31:53,4458715,0.0044,-0.0185,-0.9545,1.1900,-0.5600,0.1400
2026-07-03,14:31:53,4458815,0.0093,-0.0195,-0.9550,1.1900,-0.4900,0.1400
2026-07-03,14:31:
53,4458915,0.0054,-0.0205,-0.9531,1.2600,-0.4900,0.1400
2026-07-03,14:31:53,4459015,0.0034,-0.0176,-0.9565,1.1900,-0.4900,0.1400
2026-07-03,14:31:53,4459115,0.0059,-0.0205,-0.9584,1.1900,-0.5600,0.2100
2026-07-03,14:31:53,4459215,0.0068,-0.0
205,-0.9560,1.2600,-0.5600,0.0700
2026-07-03,14:31:53,4459315,0.0059,-0.0205,-0.9555,1.1900,-0.6300,0.1400
2026-07-03,14:31:53,4459415,0.0059,-0.0190,-0.9560,1.3300,-0.6300,0.1400
2026-07-03,14:31:54,4459515,0.0044,-0.0224,-0.9545,1.2600,-0.
5600,0.0700
2026-07-03,14:31:54,4459615,0.0044,-0.0185,-0.9555,1.1900,-0.7000,0.0700
2026-07-03,14:31:54,4459715,0.0044,-0.0190,-0.9545,1.2600,-0.6300,0.0700
2026-07-03,14:31:54,4459815,0.0044,-0.0190,-0.9540,1.1900,-0.5600,0.1400
2026-07-0
3,14:31:54,4459915,0.0054,-0.0215,-0.9575,1.2600,-0.4900,0.2800
2026-07-03,14:31:54,4460015,0.0059,-0.0195,-0.9531,1.1900,-0.5600,0.1400
2026-07-03,14:31:54,4460119,0.0034,-0.0210,-0.9560,1.1900,-0.5600,0.1400
2026-07-03,14:31:54,4460215,0.0
044,-0.0190,-0.9560,1.1900,-0.5600,0.1400
2026-07-03,14:31:54,4460315,0.0044,-0.0190,-0.9565,1.1900,-0.5600,0.1400
2026-07-03,14:31:54,4460415,0.0039,-0.0176,-0.9633,1.2600,-0.5600,0.1400
2026-07-03,14:31:55,4460515,0.0059,-0.0205,-0.9550,1.
2600,-0.5600,0.1400
2026-07-03,14:31:55,4460615,0.0063,-0.0210,-0.9560,1.2600,-0.4900,0.2100
2026-07-03,14:31:55,4460715,0.0049,-0.0200,-0.9570,1.1900,-0.4900,0.1400
2026-07-03,14:31:55,4460815,0.0034,-0.0190,-0.9545,1.1900,-0.5600,0.1400
2
026-07-03,14:31:55,4460915,0.0059,-0.0200,-0.9545,1.2600,-0.5600,0.1400
2026-07-03,14:31:55,4461015,0.0039,-0.0210,-0.9555,1.2600,-0.5600,0.2100
2026-07-03,14:31:55,4461115,0.0054,-0.0215,-0.9565,1.2600,-0.6300,0.1400
2026-07-03,14:31:55,446
1215,0.0068,-0.0181,-0.9545,1.2600,-0.4900,0.2100
2026-07-03,14:31:55,4461315,0.0063,-0.0200,-0.9565,1.1900,-0.5600,0.1400
2026-07-03,14:31:55,4461419,0.0063,-0.0195,-0.9570,1.2600,-0.4200,0.0700
2026-07-03,14:31:56,4461515,0.0039,-0.0215,-0
.9555,1.2600,-0.5600,0.2800
2026-07-03,14:31:56,4461615,0.0054,-0.0200,-0.9555,1.2600,-0.5600,0.1400
2026-07-03,14:31:56,4461715,0.0049,-0.0220,-0.9545,1.2600,-0.4900,0.2100
2026-07-03,14:31:56,4461815,0.0044,-0.0190,-0.9565,1.1900,-0.5600,0
.1400
2026-07-03,14:31:56,4461915,0.0039,-0.0200,-0.9565,1.3300,-0.4200,0.1400
2026-07-03,14:31:56,4462015,0.0034,-0.0205,-0.9536,1.2600,-0.4900,0.0700
2026-07-03,14:31:56,4462120,0.0049,-0.0190,-0.9560,1.1900,-0.5600,0.2100
2026-07-03,14:3
1:56,4462215,0.0049,-0.0210,-0.9560,1.1900,-0.4200,0.2100
2026-07-03,14:31:56,4462315,0.0059,-0.0205,-0.9579,1.2600,-0.7700,0.0700
2026-07-03,14:31:56,4462415,0.0049,-0.0190,-0.9555,1.1900,-0.6300,0.1400
2026-07-03,14:31:57,4462515,0.0029,-0
.0215,-0.9560,1.1900,-0.4900,0.2100
2026-07-03,14:31:57,4462615,0.0073,-0.0181,-0.9555,1.2600,-0.4900,0.1400
2026-07-03,14:31:57,4462715,0.0054,-0.0205,-0.9555,1.2600,-0.4900,0.2800
2026-07-03,14:31:57,4462820,0.0049,-0.0190,-0.9560,1.2600,-
0.5600,0.1400
2026-07-03,14:31:57,4462915,0.0059,-0.0200,-0.9560,1.2600,-0.5600,0.1400
2026-07-03,14:31:57,4463015,0.0044,-0.0215,-0.9565,1.1900,-0.4900,0.1400
2026-07-03,14:31:57,4463115,0.0059,-0.0210,-0.9540,1.1900,-0.5600,0.1400
2026-07
-03,14:31:57,4463215,0.0049,-0.0195,-0.9555,1.1900,-0.6300,0.0700
2026-07-03,14:31:57,4463315,0.0044,-0.0200,-0.9540,1.3300,-0.6300,0.2100
2026-07-03,14:31:57,4463415,0.0063,-0.0190,-0.9565,1.3300,-0.6300,0.2100
2026-07-03,14:31:58,4463520,0
.0073,-0.0190,-0.9550,1.2600,-0.5600,0.1400
2026-07-03,14:31:58,4463615,0.0034,-0.0190,-0.9550,1.2600,-0.5600,0.1400
2026-07-03,14:31:58,4463715,0.0039,-0.0190,-0.9560,1.1900,-0.7000,0.0700
2026-07-03,14:31:58,4463815,0.0054,-0.0205,-0.9565,
1.1900,-0.4900,0.1400
2026-07-03,14:31:58,4463915,0.0044,-0.0200,-0.9550,1.1900,-0.6300,0.2100
2026-07-03,14:31:58,4464015,0.0054,-0.0195,-0.9555,1.2600,-0.5600,0.1400
2026-07-03,14:31:58,4464115,0.0059,-0.0215,-0.9560,1.1900,-0.6300,0.1400
2026-07-03,14:31:58,4464215,0.0039,-0.0200,-0.9560,1.3300,-0.4900,0.1400
2026-07-03,14:31:58,4464315,0.0044,-0.0190,-0.9570,1.2600,-0.6300,0.1400
2026-07-03,14:31:58,4464415,0.0068,-0.0190,-0.9565,1.2600,-0.4200,0.1400
2026-07-03,14:31:59,4
464515,0.0059,-0.0200,-0.9555,1.1900,-0.6300,0.2100
2026-07-03,14:31:59,4464615,0.0059,-0.0195,-0.9560,1.2600,-0.7000,0.1400
2026-07-03,14:31:59,4464715,0.0063,-0.0210,-0.9555,1.1900,-0.7000,0.1400
2026-07-03,14:31:59,4464815,0.0059,-0.0195,
-0.9560,1.1900,-0.5600,0.1400
2026-07-03,14:31:59,4464915,0.0034,-0.0176,-0.9560,1.2600,-0.4900,0.2100
2026-07-03,14:31:59,4465015,0.0054,-0.0181,-0.9540,1.1900,-0.4200,0.2100
2026-07-03,14:31:59,4465119,0.0063,-0.0190,-0.9540,1.1900,-0.4900
,0.1400
2026-07-03,14:31:59,4465215,0.0044,-0.0195,-0.9565,1.1900,-0.5600,0.2100
2026-07-03,14:31:59,4465315,0.0054,-0.0190,-0.9555,1.2600,-0.5600,0.2100
2026-07-03,14:31:59,4465415,0.0068,-0.0200,-0.9584,1.2600,-0.6300,0.0700
2026-07-03,14
:32:00,4465515,0.0010,-0.0200,-0.9570,1.1900,-0.5600,0.1400
2026-07-03,14:32:00,4465615,0.0034,-0.0210,-0.9560,1.1900,-0.5600,0.2100
2026-07-03,14:32:00,4465715,0.0029,-0.0200,-0.9570,1.2600,-0.6300,0.2100
2026-07-03,14:32:00,4465815,0.0054,
-0.0200,-0.9540,1.2600,-0.7000,0.2100
2026-07-03,14:32:00,4465915,0.0039,-0.0181,-0.9545,1.2600,-0.5600,0.1400
2026-07-03,14:32:00,4466015,0.0063,-0.0220,-0.9584,1.2600,-0.5600,0.1400
2026-07-03,14:32:00,4466115,0.0063,-0.0205,-0.9589,1.2600
,-0.6300,0.1400
2026-07-03,14:32:00,4466215,0.0068,-0.0181,-0.9516,1.1900,-0.7700,0.0700
2026-07-03,14:32:00,4466315,0.0054,-0.0190,-0.9545,1.1900,-0.5600,0.0700
2026-07-03,14:32:00,4466415,0.0054,-0.0210,-0.9550,1.2600,-0.5600,0.2100
2026-
07-03,14:32:01,4466515,0.0054,-0.0200,-0.9536,1.2600,-0.5600,0.1400
2026-07-03,14:32:01,4466615,0.0063,-0.0190,-0.9536,1.1200,-0.7000,0.1400
2026-07-03,14:32:01,4466715,0.0029,-0.0200,-0.9560,1.1900,-0.6300,0.1400
2026-07-03,14:32:01,4466815
,0.0049,-0.0190,-0.9550,1.1200,-0.4900,0.1400
2026-07-03,14:32:01,4466915,0.0059,-0.0210,-0.9570,1.1900,-0.5600,0.1400
2026-07-03,14:32:01,4467015,0.0068,-0.0215,-0.9555,1.3300,-0.7000,0.2100
2026-07-03,14:32:01,4467115,0.0029,-0.0185,-0.954
0,1.1900,-0.5600,0.1400
2026-07-03,14:32:01,4467215,0.0015,-0.0224,-0.9579,1.1200,-0.5600,0.1400
2026-07-03,14:32:01,4467315,0.0029,-0.0171,-0.9540,1.1900,-0.5600,0.0700
2026-07-03,14:32:01,4467415,0.0049,-0.0181,-0.9555,1.2600,-0.7000,0.140
0
2026-07-03,14:32:02,4467515,0.0063,-0.0200,-0.9589,1.2600,-0.5600,0.0700
2026-07-03,14:32:02,4467615,0.0029,-0.0181,-0.9550,1.2600,-0.5600,0.2100
2026-07-03,14:32:02,4467715,0.0039,-0.0200,-0.9545,1.1900,-0.6300,0.1400
2026-07-03,14:32:02
,4467815,0.0049,-0.0205,-0.9594,1.3300,-0.5600,0.1400
2026-07-03,14:32:02,4467915,0.0039,-0.0190,-0.9570,1.1900,-0.4900,0.0700
2026-07-03,14:32:02,4468015,0.0068,-0.0210,-0.9560,1.2600,-0.5600,0.1400
2026-07-03,14:32:02,4468115,0.0054,-0.020
5,-0.9555,1.1900,-0.4900,0.1400
2026-07-03,14:32:02,4468215,0.0068,-0.0181,-0.9545,1.2600,-0.6300,0.1400
2026-07-03,14:32:02,4468315,0.0059,-0.0205,-0.9545,1.2600,-0.5600,0.2100
2026-07-03,14:32:02,4468415,0.0054,-0.0200,-0.9570,1.2600,-0.70
00,0.1400
2026-07-03,14:32:03,4468515,0.0020,-0.0205,-0.9550,1.1900,-0.4200,0.2100
2026-07-03,14:32:03,4468615,0.0049,-0.0224,-0.9560,1.2600,-0.5600,0.2100
2026-07-03,14:32:03,4468715,0.0063,-0.0200,-0.9575,1.1900,-0.6300,0.2100
2026-07-03,
14:32:03,4468815,0.0049,-0.0176,-0.9550,1.1900,-0.6300,0.1400
2026-07-03,14:32:03,4468915,0.0029,-0.0195,-0.9555,1.2600,-0.5600,0.1400
2026-07-03,14:32:03,4469015,0.0063,-0.0200,-0.9550,1.1200,-0.6300,0.1400
2026-07-03,14:32:03,4469115,0.003
9,-0.0195,-0.9555,1.1900,-0.5600,0.2100
2026-07-03,14:32:03,4469215,0.0063,-0.0185,-0.9560,1.1900,-0.6300,0.1400
2026-07-03,14:32:03,4469315,0.0059,-0.0185,-0.9575,1.2600,-0.6300,0.2800
2026-07-03,14:32:03,4469415,0.0034,-0.0205,-0.9565,1.26
00,-0.7000,0.0700
2026-07-03,14:32:04,4469515,0.0049,-0.0181,-0.9555,1.1900,-0.5600,0.0700
2026-07-03,14:32:04,4469615,0.0039,-0.0215,-0.9575,1.2600,-0.4900,0.1400
2026-07-03,14:32:04,4469715,0.0059,-0.0195,-0.9555,1.1900,-0.6300,0.2100
202
6-07-03,14:32:04,4469815,0.0044,-0.0185,-0.9555,1.1900,-0.5600,0.1400
2026-07-03,14:32:04,4469915,0.0044,-0.0200,-0.9526,1.2600,-0.5600,0.1400
2026-07-03,14:32:04,4470015,0.0059,-0.0200,-0.9560,1.1900,-0.5600,0.0700
2026-07-03,14:32:04,44701
19,0.0039,-0.0220,-0.9575,1.1900,-0.6300,0.1400
2026-07-03,14:32:04,4470215,0.0039,-0.0210,-0.9550,1.2600,-0.5600,0.2100
2026-07-03,14:32:04,4470315,0.0034,-0.0195,-0.9575,1.1900,-0.6300,0.1400
2026-07-03,14:32:04,4470420,0.0044,-0.0195,-0.9
575,1.1900,-0.7000,0.1400
2026-07-03,14:32:05,4470515,0.0049,-0.0210,-0.9565,1.1900,-0.5600,0.1400
2026-07-03,14:32:05,4470615,0.0029,-0.0210,-0.9565,1.3300,-0.5600,0.2100
2026-07-03,14:32:05,4470715,0.0063,-0.0200,-0.9560,1.2600,-0.7000,0.0
700
2026-07-03,14:32:05,4470815,0.0059,-0.0210,-0.9555,1.1900,-0.5600,0.1400
2026-07-03,14:32:05,4470915,0.0039,-0.0200,-0.9560,1.1900,-0.6300,0.1400
2026-07-03,14:32:05,4471015,0.0049,-0.0220,-0.9579,1.2600,-0.6300,0.2100
2026-07-03,14:32:
05,4471120,0.0024,-0.0166,-0.9521,1.2600,-0.7000,0.2100
2026-07-03,14:32:05,4471215,0.0063,-0.0224,-0.9579,1.2600,-0.4900,0.2100
2026-07-03,14:32:05,4471315,0.0024,-0.0229,-0.9579,1.2600,-0.5600,0.2100
2026-07-03,14:32:05,4471415,0.0020,-0.0
185,-0.9575,1.1900,-0.6300,0.0700
2026-07-03,14:32:06,4471515,0.0049,-0.0210,-0.9570,1.1900,-0.4900,0.1400
2026-07-03,14:32:06,4471615,0.0068,-0.0215,-0.9560,1.2600,-0.5600,0.1400
2026-07-03,14:32:06,4471715,0.0029,-0.0215,-0.9560,1.2600,-0.
6300,0.0700
2026-07-03,14:32:06,4471822,0.0054,-0.0210,-0.9584,1.2600,-0.5600,0.0700
2026-07-03,14:32:06,4471915,0.0054,-0.0220,-0.9536,1.2600,-0.5600,0.1400
2026-07-03,14:32:06,4472015,0.0044,-0.0205,-0.9575,1.1900,-0.5600,0.2100
2026-07-0
3,14:32:06,4472115,0.0054,-0.0224,-0.9560,1.1900,-0.6300,0.1400
2026-07-03,14:32:06,4472215,0.0059,-0.0205,-0.9589,1.1900,-0.5600,0.1400
2026-07-03,14:32:06,4472315,0.0063,-0.0200,-0.9584,1.1900,-0.5600,0.2100
2026-07-03,14:32:06,4472415,0.0
054,-0.0210,-0.9531,1.2600,-0.5600,0.1400
2026-07-03,14:32:07,4472515,0.0044,-0.0210,-0.9565,1.1900,-0.6300,0.1400
2026-07-03,14:32:07,4472615,0.0068,-0.0205,-0.9565,1.2600,-0.5600,0.1400
2026-07-03,14:32:07,4472715,0.0054,-0.0210,-0.9575,1.
1900,-0.4900,0.2100
2026-07-03,14:32:07,4472815,0.0068,-0.0210,-0.9565,1.2600,-0.5600,0.0700
2026-07-03,14:32:07,4472915,0.0024,-0.0210,-0.9560,1.3300,-0.4900,0.2800
2026-07-03,14:32:07,4473015,0.0049,-0.0205,-0.9540,1.1900,-0.4900,0.1400
2
026-07-03,14:32:07,4473115,0.0049,-0.0190,-0.9550,1.2600,-0.5600,0.2100
2026-07-03,14:32:07,4473215,0.0044,-0.0220,-0.9550,1.2600,-0.6300,0.1400
2026-07-03,14:32:07,4473315,0.0044,-0.0190,-0.9536,1.2600,-0.4900,0.2800
2026-07-03,14:32:07,447
3415,0.0049,-0.0200,-0.9545,1.3300,-0.5600,0.1400
2026-07-03,14:32:08,4473515,0.0059,-0.0220,-0.9584,1.1900,-0.5600,0.2100
2026-07-03,14:32:08,4473615,0.0044,-0.0200,-0.9589,1.1200,-0.6300,0.1400
2026-07-03,14:32:08,4473715,0.0034,-0.0205,-0
.9560,1.1900,-0.4900,0.2100
2026-07-03,14:32:08,4473815,0.0029,-0.0181,-0.9536,1.2600,-0.7000,0.1400
2026-07-03,14:32:08,4473915,0.0044,-0.0215,-0.9555,1.2600,-0.7000,0.1400
2026-07-03,14:32:08,4474015,0.0034,-0.0200,-0.9565,1.1200,-0.4900,0
.2800
2026-07-03,14:32:08,4474115,0.0044,-0.0215,-0.9555,1.2600,-0.6300,0.2100
2026-07-03,14:32:08,4474215,0.0039,-0.0185,-0.9550,1.2600,-0.5600,0.1400
2026-07-03,14:32:08,4474315,0.0054,-0.0215,-0.9560,1.1900,-0.5600,0.1400
2026-07-03,14:3
2:08,4474415,0.0054,-0.0190,-0.9555,1.2600,-0.6300,0.1400
2026-07-03,14:32:09,4474515,0.0044,-0.0200,-0.9560,1.1900,-0.4200,0.2100
2026-07-03,14:32:09,4474615,0.0044,-0.0200,-0.9570,1.2600,-0.4200,0.1400
2026-07-03,14:32:09,4474715,0.0059,-0
.0220,-0.9575,1.1900,-0.6300,0.2100
2026-07-03,14:32:09,4474815,0.0059,-0.0215,-0.9570,1.2600,-0.5600,0.2100
2026-07-03,14:32:09,4474915,0.0039,-0.0185,-0.9555,1.1900,-0.5600,0.1400
2026-07-03,14:32:09,4475015,0.0054,-0.0215,-0.9565,1.1900,-
0.5600,0.2100
2026-07-03,14:32:09,4475119,0.0039,-0.0190,-0.9560,1.2600,-0.6300,0.2100
2026-07-03,14:32:09,4475215,0.0039,-0.0195,-0.9550,1.1900,-0.5600,0.0700
2026-07-03,14:32:09,4475315,0.0063,-0.0215,-0.9570,1.2600,-0.5600,0.1400
2026-07
-03,14:32:09,4475415,0.0054,-0.0210,-0.9555,1.1900,-0.5600,0.2100
2026-07-03,14:32:10,4475515,0.0063,-0.0195,-0.9550,1.1900,-0.4900,0.2100
2026-07-03,14:32:10,4475615,0.0034,-0.0205,-0.9550,1.1900,-0.5600,0.1400
2026-07-03,14:32:10,4475715,0
.0034,-0.0176,-0.9540,1.2600,-0.5600,0.1400
2026-07-03,14:32:10,4475815,0.0063,-0.0200,-0.9599,1.2600,-0.6300,0.1400
2026-07-03,14:32:10,4475915,0.0073,-0.0200,-0.9555,1.2600,-0.6300,0.1400
2026-07-03,14:32:10,4476015,0.0044,-0.0205,-0.9570,
1.2600,-0.5600,0.2100
2026-07-03,14:32:10,4476115,0.0063,-0.0195,-0.9550,1.3300,-0.5600,0.1400
2026-07-03,14:32:10,4476215,0.0073,-0.0185,-0.9555,1.1900,-0.4900,0.1400
2026-07-03,14:32:10,4476315,0.0054,-0.0220,-0.9550,1.2600,-0.7000,0.2100
2026-07-03,14:32:10,4476415,0.0068,-0.0239,-0.9565,1.1900,-0.4900,0.1400
2026-07-03,14:32:11,4476515,0.0068,-0.0185,-0.9560,1.1900,-0.4200,0.2800
2026-07-03,14:32:11,4476615,0.0068,-0.0190,-0.9545,1.2600,-0.4200,0.1400
2026-07-03,14:32:11,4
476715,0.0063,-0.0210,-0.9565,1.4000,-0.4900,0.1400
2026-07-03,14:32:11,4476815,0.0073,-0.0220,-0.9570,1.1900,-0.4900,0.2800
2026-07-03,14:32:11,4476915,0.0073,-0.0195,-0.9526,1.1900,-0.5600,0.2100
2026-07-03,14:32:11,4477015,0.0078,-0.0195,
-0.9555,1.2600,-0.4900,0.2100
2026-07-03,14:32:11,4477115,0.0059,-0.0195,-0.9560,1.2600,-0.4900,0.2100
2026-07-03,14:32:11,4477215,0.0054,-0.0205,-0.9550,1.2600,-0.4900,0.2100
2026-07-03,14:32:11,4477315,0.0054,-0.0200,-0.9540,1.2600,-0.4900
,0.2100
2026-07-03,14:32:11,4477415,0.0044,-0.0185,-0.9536,1.1900,-0.6300,0.2100
2026-07-03,14:32:12,4477515,0.0049,-0.0215,-0.9633,1.2600,-0.4900,0.2100
2026-07-03,14:32:12,4477615,0.0059,-0.0210,-0.9575,1.1200,-0.6300,0.1400
2026-07-03,14
:32:12,4477715,0.0039,-0.0215,-0.9540,1.2600,-0.5600,0.2100
2026-07-03,14:32:12,4477815,0.0049,-0.0200,-0.9570,1.2600,-0.5600,0.1400
2026-07-03,14:32:12,4477915,0.0059,-0.0195,-0.9570,1.3300,-0.4900,0.1400
2026-07-03,14:32:12,4478015,0.0024,
-0.0205,-0.9565,1.2600,-0.4900,0.1400
2026-07-03,14:32:12,4478115,0.0059,-0.0215,-0.9560,1.3300,-0.4200,0.2100
2026-07-03,14:32:12,4478215,0.0039,-0.0210,-0.9565,1.1200,-0.5600,0.0700
2026-07-03,14:32:12,4478315,0.0039,-0.0185,-0.9531,1.1900
,-0.6300,0.0700
2026-07-03,14:32:12,4478415,0.0059,-0.0229,-0.9584,1.3300,-0.5600,0.1400
2026-07-03,14:32:13,4478515,0.0049,-0.0176,-0.9540,1.1900,-0.5600,0.1400
2026-07-03,14:32:13,4478615,0.0049,-0.0215,-0.9584,1.2600,-0.5600,0.2100
2026-
07-03,14:32:13,4478720,0.0049,-0.0224,-0.9521,1.1200,-0.6300,0.1400
2026-07-03,14:32:13,4478815,0.0059,-0.0210,-0.9550,1.2600,-0.5600,0.2100
2026-07-03,14:32:13,4478915,0.0039,-0.0215,-0.9545,1.1900,-0.4900,0.2100
2026-07-03,14:32:13,4479015
,0.0063,-0.0185,-0.9560,1.1200,-0.5600,0.1400
2026-07-03,14:32:13,4479115,0.0068,-0.0200,-0.9545,1.2600,-0.5600,0.2100
2026-07-03,14:32:13,4479215,0.0044,-0.0195,-0.9555,1.2600,-0.4200,0.1400
2026-07-03,14:32:13,4479315,0.0039,-0.0185,-0.953
1,1.3300,-0.4900,0.2100
2026-07-03,14:32:13,4479419,0.0073,-0.0215,-0.9540,1.1200,-0.4900,0.2100
2026-07-03,14:32:14,4479515,0.0059,-0.0200,-0.9560,1.1900,-0.7000,0.1400
2026-07-03,14:32:14,4479615,0.0049,-0.0205,-0.9536,1.2600,-0.5600,0.210
0
2026-07-03,14:32:14,4479715,0.0059,-0.0200,-0.9589,1.1900,-0.7000,0.1400
2026-07-03,14:32:14,4479815,0.0059,-0.0195,-0.9560,1.2600,-0.6300,0.1400
2026-07-03,14:32:14,4479915,0.0068,-0.0185,-0.9555,1.2600,-0.5600,0.1400
2026-07-03,14:32:14
,4480015,0.0049,-0.0185,-0.9540,1.3300,-0.4900,0.1400
2026-07-03,14:32:14,4480121,0.0054,-0.0181,-0.9545,1.3300,-0.5600,0.2100
2026-07-03,14:32:14,4480215,0.0068,-0.0200,-0.9579,1.2600,-0.7700,0.1400
2026-07-03,14:32:14,4480315,0.0054,-0.020
5,-0.9570,1.1900,-0.5600,0.1400
2026-07-03,14:32:14,4480415,0.0044,-0.0205,-0.9536,1.2600,-0.5600,0.2100
2026-07-03,14:32:15,4480515,0.0034,-0.0205,-0.9555,1.1900,-0.4900,0.1400
2026-07-03,14:32:15,4480615,0.0049,-0.0205,-0.9560,1.2600,-0.63
00,0.0700
2026-07-03,14:32:15,4480715,0.0059,-0.0185,-0.9584,1.1900,-0.4900,0.1400
2026-07-03,14:32:15,4480815,0.0034,-0.0200,-0.9560,1.1900,-0.5600,0.2100
2026-07-03,14:32:15,4480915,0.0044,-0.0185,-0.9545,1.2600,-0.6300,0.1400
2026-07-03,
14:32:15,4481015,0.0034,-0.0205,-0.9540,1.2600,-0.5600,0.2100
2026-07-03,14:32:15,4481115,0.0059,-0.0190,-0.9550,1.2600,-0.5600,0.2100
2026-07-03,14:32:15,4481215,0.0044,-0.0200,-0.9560,1.2600,-0.6300,0.1400
2026-07-03,14:32:15,4481315,0.003
9,-0.0185,-0.9560,1.2600,-0.6300,0.2100
2026-07-03,14:32:15,4481415,0.0029,-0.0220,-0.9540,1.1900,-0.4200,0.2100
2026-07-03,14:32:16,4481515,0.0044,-0.0215,-0.9536,1.2600,-0.5600,0.2100
2026-07-03,14:32:16,4481615,0.0034,-0.0195,-0.9540,1.26
00,-0.5600,0.1400
2026-07-03,14:32:16,4481715,0.0059,-0.0200,-0.9545,1.1900,-0.5600,0.2100
2026-07-03,14:32:16,4481815,0.0059,-0.0224,-0.9565,1.1900,-0.5600,0.2800
2026-07-03,14:32:16,4481915,0.0054,-0.0205,-0.9565,1.2600,-0.6300,0.2100
202
6-07-03,14:32:16,4482015,0.0044,-0.0215,-0.9604,1.1900,-0.5600,0.0700
2026-07-03,14:32:16,4482115,0.0020,-0.0195,-0.9536,1.1900,-0.7000,0.1400
2026-07-03,14:32:16,4482215,0.0044,-0.0210,-0.9565,1.2600,-0.5600,0.1400
2026-07-03,14:32:16,44823
15,0.0034,-0.0190,-0.9555,1.1900,-0.5600,0.1400
2026-07-03,14:32:16,4482415,0.0034,-0.0195,-0.9565,1.1900,-0.6300,0.1400
2026-07-03,14:32:17,4482515,0.0054,-0.0200,-0.9584,1.1900,-0.5600,0.1400
2026-07-03,14:32:17,4482615,0.0063,-0.0220,-0.9
521,1.0500,-0.6300,0.1400
2026-07-03,14:32:17,4482715,0.0049,-0.0190,-0.9565,1.2600,-0.6300,0.1400
2026-07-03,14:32:17,4482815,0.0029,-0.0176,-0.9555,1.1900,-0.4900,0.2100
2026-07-03,14:32:17,4482915,0.0059,-0.0205,-0.9550,1.2600,-0.5600,0.1
400
2026-07-03,14:32:17,4483015,0.0044,-0.0215,-0.9555,1.2600,-0.4900,0.1400
2026-07-03,14:32:17,4483115,0.0039,-0.0185,-0.9536,1.2600,-0.4900,0.1400
2026-07-03,14:32:17,4483215,0.0063,-0.0205,-0.9550,1.2600,-0.5600,0.1400
2026-07-03,14:32:
17,4483315,0.0068,-0.0205,-0.9560,1.2600,-0.4900,0.1400
2026-07-03,14:32:17,4483415,0.0059,-0.0190,-0.9570,1.3300,-0.5600,0.2100
2026-07-03,14:32:18,4483515,0.0063,-0.0205,-0.9575,1.1900,-0.5600,0.1400
2026-07-03,14:32:18,4483615,0.0044,-0.0
224,-0.9565,1.2600,-0.5600,0.2100
2026-07-03,14:32:18,4483715,0.0059,-0.0210,-0.9555,1.1900,-0.6300,0.1400
2026-07-03,14:32:18,4483815,0.0034,-0.0205,-0.9545,1.1900,-0.4200,0.1400
2026-07-03,14:32:18,4483915,0.0054,-0.0210,-0.9555,1.3300,-0.
4200,0.1400
2026-07-03,14:32:18,4484015,0.0044,-0.0195,-0.9565,1.2600,-0.4900,0.1400
2026-07-03,14:32:18,4484115,0.0054,-0.0190,-0.9570,1.1900,-0.4900,0.2100
2026-07-03,14:32:18,4484215,0.0015,-0.0205,-0.9555,1.2600,-0.4900,0.2100
2026-07-0
3,14:32:18,4484315,0.0059,-0.0200,-0.9555,1.2600,-0.5600,0.1400
2026-07-03,14:32:18,4484415,0.0054,-0.0215,-0.9555,1.1900,-0.6300,0.1400
2026-07-03,14:32:19,4484515,0.0063,-0.0185,-0.9565,1.2600,-0.4900,0.2800
2026-07-03,14:32:19,4484615,0.0
054,-0.0210,-0.9540,1.3300,-0.3500,0.1400
2026-07-03,14:32:19,4484715,0.0068,-0.0185,-0.9550,1.2600,-0.4900,0.2100
2026-07-03,14:32:19,4484815,0.0068,-0.0195,-0.9550,1.2600,-0.5600,0.2100
2026-07-03,14:32:19,4484915,0.0039,-0.0220,-0.9560,1.
1900,-0.7000,0.1400
2026-07-03,14:32:19,4485015,0.0044,-0.0185,-0.9531,1.1900,-0.5600,0.1400
2026-07-03,14:32:19,4485119,0.0044,-0.0210,-0.9565,1.2600,-0.5600,0.1400
2026-07-03,14:32:19,4485215,0.0059,-0.0181,-0.9550,1.1900,-0.7000,0.0700
2
026-07-03,14:32:19,4485315,0.0054,-0.0205,-0.9575,1.1900,-0.7000,0.0700
2026-07-03,14:32:19,4485415,0.0059,-0.0205,-0.9555,1.2600,-0.5600,0.1400
2026-07-03,14:32:20,4485515,0.0044,-0.0224,-0.9550,1.2600,-0.4900,0.1400
2026-07-03,14:32:20,448
5615,0.0054,-0.0195,-0.9555,1.2600,-0.5600,0.2100
2026-07-03,14:32:20,4485715,0.0034,-0.0190,-0.9560,1.1900,-0.7000,0.1400
2026-07-03,14:32:20,4485815,0.0073,-0.0210,-0.9550,1.2600,-0.5600,0.1400
2026-07-03,14:32:20,4485915,0.0063,-0.0181,-0
.9560,1.2600,-0.5600,0.1400
2026-07-03,14:32:20,4486015,0.0044,-0.0190,-0.9540,1.2600,-0.4900,0.2100
2026-07-03,14:32:20,4486115,0.0063,-0.0215,-0.9565,1.3300,-0.4200,0.0700
2026-07-03,14:32:20,4486215,0.0020,-0.0185,-0.9521,1.0500,-0.4900,0
.2100
2026-07-03,14:32:20,4486315,0.0063,-0.0205,-0.9545,1.2600,-0.6300,0.1400
2026-07-03,14:32:20,4486415,0.0063,-0.0181,-0.9565,1.1900,-0.5600,0.1400
2026-07-03,14:32:21,4486515,0.0044,-0.0200,-0.9536,1.2600,-0.6300,0.1400
2026-07-03,14:3
2:21,4486615,0.0044,-0.0200,-0.9492,1.1900,-0.3500,0.1400
2026-07-03,14:32:21,4486715,0.0039,-0.0210,-0.9623,1.1900,-0.5600,0.1400
2026-07-03,14:32:21,4486815,0.0044,-0.0210,-0.9555,1.2600,-0.6300,0.0700
2026-07-03,14:32:21,4486915,0.0059,-0
.0185,-0.9540,1.2600,-0.4200,0.1400
2026-07-03,14:32:21,4487021,0.0063,-0.0200,-0.9575,1.2600,-0.6300,0.1400
2026-07-03,14:32:21,4487115,0.0054,-0.0224,-0.9545,1.1200,-0.5600,0.1400
2026-07-03,14:32:21,4487215,0.0044,-0.0190,-0.9550,1.1900,-
0.6300,0.1400
2026-07-03,14:32:21,4487315,0.0034,-0.0205,-0.9575,1.1900,-0.6300,0.1400
2026-07-03,14:32:21,4487415,0.0039,-0.0195,-0.9555,1.2600,-0.5600,0.1400
2026-07-03,14:32:22,4487515,0.0034,-0.0190,-0.9555,1.2600,-0.4900,0.0700
2026-07
-03,14:32:22,4487615,0.0034,-0.0190,-0.9565,1.1900,-0.5600,0.1400
2026-07-03,14:32:22,4487720,0.0039,-0.0190,-0.9540,1.2600,-0.4900,0.2100
2026-07-03,14:32:22,4487815,0.0034,-0.0200,-0.9550,1.2600,-0.5600,0.2100
2026-07-03,14:32:22,4487915,0
.0039,-0.0195,-0.9560,1.2600,-0.5600,0.1400
2026-07-03,14:32:22,4488015,0.0039,-0.0200,-0.9575,1.1200,-0.7000,0.1400
2026-07-03,14:32:22,4488115,0.0068,-0.0210,-0.9540,1.1900,-0.5600,0.2100
2026-07-03,14:32:22,4488215,0.0044,-0.0190,-0.9570,
1.2600,-0.5600,0.1400
2026-07-03,14:32:22,4488315,0.0054,-0.0195,-0.9560,1.2600,-0.8400,0.0700
2026-07-03,14:32:22,4488419,0.0039,-0.0215,-0.9550,1.1900,-0.6300,0.0700
2026-07-03,14:32:23,4488515,0.0063,-0.0200,-0.9560,1.2600,-0.4900,0.2800
2026-07-03,14:32:23,4488615,0.0078,-0.0210,-0.9550,1.2600,-0.4200,0.1400
2026-07-03,14:32:23,4488715,0.0049,-0.0205,-0.9540,1.2600,-0.6300,0.2100
2026-07-03,14:32:23,4488815,0.0054,-0.0181,-0.9545,1.1200,-0.5600,0.1400
2026-07-03,14:32:23,4
488915,0.0039,-0.0190,-0.9560,1.1900,-0.4900,0.1400
2026-07-03,14:32:23,4489015,0.0059,-0.0229,-0.9555,1.2600,-0.6300,0.1400
2026-07-03,14:32:23,4489120,0.0034,-0.0185,-0.9531,1.2600,-0.4900,0.2100
2026-07-03,14:32:23,4489215,0.0073,-0.0200,
-0.9555,1.1200,-0.6300,0.1400
2026-07-03,14:32:23,4489315,0.0049,-0.0185,-0.9526,1.2600,-0.4900,0.1400
2026-07-03,14:32:23,4489415,0.0059,-0.0205,-0.9555,1.2600,-0.4200,0.1400
2026-07-03,14:32:24,4489515,0.0078,-0.0210,-0.9594,1.2600,-0.5600
,0.0700
2026-07-03,14:32:24,4489615,0.0034,-0.0195,-0.9560,1.2600,-0.5600,0.0700
2026-07-03,14:32:24,4489715,0.0088,-0.0205,-0.9526,1.1900,-0.5600,0.0700
2026-07-03,14:32:24,4489815,0.0073,-0.0210,-0.9555,1.1900,-0.4200,0.2100
2026-07-03,14
:32:24,4489915,0.0073,-0.0190,-0.9545,1.2600,-0.6300,0.0000
2026-07-03,14:32:24,4490015,0.0049,-0.0171,-0.9560,1.2600,-0.5600,0.1400
2026-07-03,14:32:24,4490119,0.0059,-0.0205,-0.9575,1.2600,-0.6300,0.1400
2026-07-03,14:32:24,4490215,0.0063,
-0.0200,-0.9555,1.1900,-0.4900,0.2100
2026-07-03,14:32:24,4490315,0.0029,-0.0200,-0.9560,1.2600,-0.5600,0.2100
2026-07-03,14:32:24,4490415,0.0044,-0.0200,-0.9570,1.1900,-0.4900,0.2100
2026-07-03,14:32:25,4490515,0.0054,-0.0185,-0.9545,1.2600
,-0.6300,0.1400
2026-07-03,14:32:25,4490615,0.0039,-0.0195,-0.9516,1.2600,-0.4900,0.0700
2026-07-03,14:32:25,4490715,0.0059,-0.0190,-0.9594,1.2600,-0.6300,0.1400
2026-07-03,14:32:25,4490815,0.0059,-0.0181,-0.9565,1.2600,-0.5600,0.2100
2026-
07-03,14:32:25,4490915,0.0039,-0.0195,-0.9550,1.2600,-0.6300,0.0700
2026-07-03,14:32:25,4491015,0.0044,-0.0190,-0.9540,1.1900,-0.6300,0.1400
2026-07-03,14:32:25,4491115,0.0049,-0.0176,-0.9565,1.2600,-0.6300,0.1400
2026-07-03,14:32:25,4491215
,0.0039,-0.0190,-0.9536,1.1900,-0.7000,0.1400
2026-07-03,14:32:25,4491315,0.0054,-0.0205,-0.9579,1.1900,-0.5600,0.1400
2026-07-03,14:32:25,4491415,0.0054,-0.0200,-0.9560,1.1900,-0.5600,0.1400
2026-07-03,14:32:26,4491515,0.0034,-0.0195,-0.953
6,1.2600,-0.5600,0.1400
2026-07-03,14:32:26,4491615,0.0063,-0.0195,-0.9555,1.1900,-0.4900,0.2800
2026-07-03,14:32:26,4491715,0.0059,-0.0176,-0.9536,1.3300,-0.7000,0.1400
2026-07-03,14:32:26,4491815,0.0054,-0.0195,-0.9555,1.3300,-0.4900,0.140
0
2026-07-03,14:32:26,4491915,0.0044,-0.0205,-0.9540,1.1200,-0.4900,0.1400
2026-07-03,14:32:26,4492015,0.0059,-0.0195,-0.9570,1.2600,-0.5600,0.1400
2026-07-03,14:32:26,4492115,0.0059,-0.0185,-0.9545,1.1900,-0.5600,0.2100
2026-07-03,14:32:26
,4492215,0.0059,-0.0195,-0.9570,1.1900,-0.6300,0.2100
2026-07-03,14:32:26,4492315,0.0049,-0.0200,-0.9560,1.1900,-0.5600,0.2100
2026-07-03,14:32:26,4492415,0.0020,-0.0185,-0.9521,1.2600,-0.6300,0.2100
2026-07-03,14:32:27,4492515,0.0073,-0.018
5,-0.9531,1.2600,-0.6300,0.2100
2026-07-03,14:32:27,4492615,0.0054,-0.0176,-0.9545,1.1900,-0.6300,0.1400
2026-07-03,14:32:27,4492715,0.0044,-0.0200,-0.9560,1.2600,-0.6300,0.1400
2026-07-03,14:32:27,4492815,0.0063,-0.0205,-0.9550,1.2600,-0.49
00,0.2100
2026-07-03,14:32:27,4492915,0.0054,-0.0176,-0.9526,1.2600,-0.4900,0.0700
2026-07-03,14:32:27,4493015,0.0088,-0.0200,-0.9550,1.2600,-0.5600,0.1400
2026-07-03,14:32:27,4493115,0.0083,-0.0200,-0.9575,1.1900,-0.6300,0.1400
2026-07-03,
14:32:27,4493215,0.0063,-0.0185,-0.9531,1.3300,-0.4900,0.2100
2026-07-03,14:32:27,4493315,0.0063,-0.0205,-0.9560,1.2600,-0.5600,0.1400
2026-07-03,14:32:27,4493415,0.0054,-0.0176,-0.9545,1.2600,-0.4900,0.2100
2026-07-03,14:32:28,4493515,0.004
9,-0.0185,-0.9560,1.1900,-0.4900,0.2100
2026-07-03,14:32:28,4493615,0.0049,-0.0210,-0.9540,1.3300,-0.4900,0.2100
2026-07-03,14:32:28,4493715,0.0049,-0.0171,-0.9536,1.2600,-0.5600,0.1400
2026-07-03,14:32:28,4493815,0.0063,-0.0185,-0.9550,1.26
00,-0.5600,0.0700
2026-07-03,14:32:28,4493915,0.0039,-0.0205,-0.9560,1.2600,-0.5600,0.2100
2026-07-03,14:32:28,4494015,0.0049,-0.0176,-0.9526,1.1900,-0.7700,0.1400
2026-07-03,14:32:28,4494115,0.0034,-0.0215,-0.9570,1.2600,-0.5600,0.2100
202
6-07-03,14:32:28,4494215,0.0063,-0.0185,-0.9555,1.2600,-0.5600,0.1400
2026-07-03,14:32:28,4494315,0.0044,-0.0200,-0.9545,1.2600,-0.4200,0.1400
2026-07-03,14:32:28,4494415,0.0073,-0.0195,-0.9550,1.3300,-0.5600,0.1400
2026-07-03,14:32:29,44945
15,0.0063,-0.0181,-0.9555,1.1200,-0.5600,0.0700
2026-07-03,14:32:29,4494615,0.0034,-0.0205,-0.9540,1.3300,-0.5600,0.1400
2026-07-03,14:32:29,4494715,0.0049,-0.0205,-0.9550,1.1900,-0.5600,0.2100
2026-07-03,14:32:29,4494815,0.0034,-0.0210,-0.9
540,1.2600,-0.4200,0.1400
2026-07-03,14:32:29,4494915,0.0063,-0.0220,-0.9555,1.1900,-0.6300,0.1400
2026-07-03,14:32:29,4495015,0.0049,-0.0200,-0.9545,1.1900,-0.4900,0.2100
2026-07-03,14:32:29,4495119,0.0059,-0.0205,-0.9550,1.1900,-0.4900,0.2
100
2026-07-03,14:32:29,4495215,0.0044,-0.0210,-0.9560,1.2600,-0.5600,0.1400
2026-07-03,14:32:29,4495315,0.0059,-0.0190,-0.9570,1.2600,-0.4900,0.2800
2026-07-03,14:32:29,4495415,0.0044,-0.0190,-0.9565,1.2600,-0.5600,0.2100
2026-07-03,14:32:
30,4495515,0.0059,-0.0176,-0.9565,1.2600,-0.6300,0.0700
2026-07-03,14:32:30,4495615,0.0044,-0.0215,-0.9584,1.3300,-0.4900,0.2100
2026-07-03,14:32:30,4495715,0.0063,-0.0224,-0.9579,1.2600,-0.6300,0.2800
2026-07-03,14:32:30,4495815,0.0034,-0.0
195,-0.9584,1.1900,-0.4900,0.1400
2026-07-03,14:32:30,4495915,0.0044,-0.0210,-0.9550,1.1200,-0.5600,0.2100
2026-07-03,14:32:30,4496020,0.0068,-0.0190,-0.9526,1.1900,-0.4900,0.1400
2026-07-03,14:32:30,4496115,0.0054,-0.0205,-0.9555,1.2600,-0.
6300,0.1400
2026-07-03,14:32:30,4496215,0.0063,-0.0190,-0.9550,1.1900,-0.4200,0.1400
2026-07-03,14:32:30,4496315,0.0029,-0.0200,-0.9555,1.2600,-0.4900,0.1400
2026-07-03,14:32:30,4496415,0.0049,-0.0220,-0.9575,1.1900,-0.5600,0.1400
2026-07-0
3,14:32:31,4496515,0.0063,-0.0210,-0.9550,1.2600,-0.5600,0.2100
2026-07-03,14:32:31,4496615,0.0044,-0.0210,-0.9550,1.2600,-0.4900,0.1400
2026-07-03,14:32:31,4496720,0.0063,-0.0224,-0.9540,1.1900,-0.6300,0.0000
2026-07-03,14:32:31,4496815,0.0
063,-0.0185,-0.9579,1.2600,-0.4900,0.1400
2026-07-03,14:32:31,4496915,0.0059,-0.0190,-0.9565,1.1900,-0.7000,0.0700
2026-07-03,14:32:31,4497015,0.0049,-0.0215,-0.9531,1.2600,-0.7000,0.1400
2026-07-03,14:32:31,4497115,0.0044,-0.0190,-0.9555,1.
2600,-0.4900,0.2100
2026-07-03,14:32:31,4497215,0.0044,-0.0181,-0.9545,1.1900,-0.3500,0.2100
2026-07-03,14:32:31,4497315,0.0029,-0.0176,-0.9531,1.2600,-0.6300,0.0700
2026-07-03,14:32:31,4497419,0.0044,-0.0200,-0.9550,1.1900,-0.5600,0.2100
2
026-07-03,14:32:32,4497515,0.0044,-0.0210,-0.9545,1.3300,-0.6300,0.0700
2026-07-03,14:32:32,4497615,0.0044,-0.0190,-0.9570,1.2600,-0.4900,0.1400
2026-07-03,14:32:32,4497715,0.0054,-0.0215,-0.9575,1.1900,-0.4900,0.2100
2026-07-03,14:32:32,449
7815,0.0059,-0.0205,-0.9550,1.1200,-0.5600,0.1400
2026-07-03,14:32:32,4497915,0.0068,-0.0200,-0.9565,1.2600,-0.5600,0.1400
2026-07-03,14:32:32,4498015,0.0054,-0.0210,-0.9550,1.1900,-0.6300,0.2100
2026-07-03,14:32:32,4498115,0.0054,-0.0181,-0
.9555,1.1900,-0.4900,0.2100
2026-07-03,14:32:32,4498215,0.0068,-0.0185,-0.9560,1.1900,-0.4900,0.1400
2026-07-03,14:32:32,4498315,0.0063,-0.0200,-0.9565,1.3300,-0.4900,0.2800
2026-07-03,14:32:32,4498415,0.0039,-0.0224,-0.9570,1.1900,-0.6300,0
.1400
2026-07-03,14:32:33,4498515,0.0044,-0.0195,-0.9575,1.2600,-0.5600,0.1400
2026-07-03,14:32:33,4498615,0.0063,-0.0205,-0.9579,1.1900,-0.6300,0.0700
2026-07-03,14:32:33,4498715,0.0054,-0.0239,-0.9526,1.1200,-0.5600,0.1400
2026-07-03,14:3
2:33,4498815,0.0068,-0.0176,-0.9575,1.2600,-0.6300,0.1400
2026-07-03,14:32:33,4498915,0.0024,-0.0234,-0.9579,1.2600,-0.5600,0.1400
2026-07-03,14:32:33,4499015,0.0049,-0.0190,-0.9536,1.1900,-0.5600,0.1400
2026-07-03,14:32:33,4499115,0.0034,-0
.0205,-0.9570,1.2600,-0.5600,0.1400
2026-07-03,14:32:33,4499215,0.0049,-0.0190,-0.9575,1.2600,-0.4900,0.2100
2026-07-03,14:32:33,4499315,0.0034,-0.0215,-0.9565,1.1900,-0.6300,0.1400
2026-07-03,14:32:33,4499415,0.0049,-0.0195,-0.9555,1.2600,-
0.4900,0.1400
2026-07-03,14:32:34,4499515,0.0029,-0.0195,-0.9545,1.2600,-0.4900,0.2100
2026-07-03,14:32:34,4499615,0.0049,-0.0185,-0.9560,1.2600,-0.4900,0.2100
2026-07-03,14:32:34,4499715,0.0049,-0.0185,-0.9555,1.1900,-0.4900,0.2100
2026-07
-03,14:32:34,4499815,0.0059,-0.0190,-0.9560,1.3300,-0.4900,0.2100
2026-07-03,14:32:34,4499915,0.0063,-0.0195,-0.9565,1.3300,-0.6300,0.1400
2026-07-03,14:32:34,4500015,0.0063,-0.0176,-0.9555,1.3300,-0.4900,0.1400
2026-07-03,14:32:34,4500119,0
.0029,-0.0210,-0.9540,1.1900,-0.6300,0.1400
2026-07-03,14:32:34,4500215,0.0049,-0.0200,-0.9560,1.1900,-0.6300,0.2100
2026-07-03,14:32:34,4500315,0.0034,-0.0215,-0.9536,1.2600,-0.5600,0.2100
2026-07-03,14:32:34,4500415,0.0044,-0.0200,-0.9550,
1.2600,-0.4900,0.1400
2026-07-03,14:32:35,4500515,0.0044,-0.0200,-0.9555,1.1900,-0.6300,0.1400
2026-07-03,14:32:35,4500615,0.0049,-0.0195,-0.9526,1.2600,-0.4900,0.1400
2026-07-03,14:32:35,4500715,0.0054,-0.0190,-0.9560,1.2600,-0.5600,0.2100
2026-07-03,14:32:35,4500815,0.0049,-0.0195,-0.9555,1.2600,-0.5600,0.2100
2026-07-03,14:32:35,4500915,0.0054,-0.0200,-0.9540,1.2600,-0.4900,0.1400
2026-07-03,14:32:35,4501015,0.0044,-0.0195,-0.9565,1.2600,-0.4900,0.2100
2026-07-03,14:32:35,4
501115,0.0024,-0.0161,-0.9555,1.3300,-0.7700,0.1400
2026-07-03,14:32:35,4501215,0.0054,-0.0200,-0.9565,1.2600,-0.5600,0.1400
2026-07-03,14:32:35,4501315,0.0063,-0.0195,-0.9550,1.1900,-0.6300,0.1400
2026-07-03,14:32:35,4501415,0.0059,-0.0200,
-0.9550,1.1900,-0.6300,0.1400
2026-07-03,14:32:36,4501515,0.0078,-0.0215,-0.9565,1.2600,-0.4200,0.1400
2026-07-03,14:32:36,4501615,0.0063,-0.0195,-0.9545,1.2600,-0.5600,0.2800
2026-07-03,14:32:36,4501715,0.0039,-0.0176,-0.9536,1.2600,-0.5600
,0.1400
2026-07-03,14:32:36,4501815,0.0059,-0.0195,-0.9550,1.3300,-0.5600,0.0700
2026-07-03,14:32:36,4501915,0.0059,-0.0185,-0.9555,1.1900,-0.4900,0.2100
2026-07-03,14:32:36,4502015,0.0049,-0.0220,-0.9565,1.2600,-0.5600,0.1400
2026-07-03,14
:32:36,4502115,0.0063,-0.0200,-0.9536,1.1900,-0.5600,0.1400
2026-07-03,14:32:36,4502215,0.0054,-0.0185,-0.9545,1.2600,-0.5600,0.2100
2026-07-03,14:32:36,4502315,0.0054,-0.0181,-0.9570,1.1900,-0.5600,0.1400
2026-07-03,14:32:36,4502415,0.0059,
-0.0190,-0.9565,1.2600,-0.7000,0.0700
2026-07-03,14:32:37,4502515,0.0054,-0.0220,-0.9560,1.2600,-0.4900,0.0700
2026-07-03,14:32:37,4502615,0.0044,-0.0185,-0.9550,1.1900,-0.4900,0.1400
2026-07-03,14:32:37,4502715,0.0044,-0.0200,-0.9536,1.1900
,-0.4900,0.1400
2026-07-03,14:32:37,4502815,0.0054,-0.0200,-0.9540,1.2600,-0.5600,0.2100
2026-07-03,14:32:37,4502915,0.0049,-0.0185,-0.9570,1.1900,-0.5600,0.1400
2026-07-03,14:32:37,4503015,0.0068,-0.0181,-0.9570,1.2600,-0.5600,0.1400
2026-
07-03,14:32:37,4503115,0.0044,-0.0185,-0.9560,1.2600,-0.7000,0.2100
2026-07-03,14:32:37,4503215,0.0029,-0.0195,-0.9545,1.2600,-0.7000,0.1400
2026-07-03,14:32:37,4503315,0.0044,-0.0190,-0.9575,1.2600,-0.5600,0.2100
2026-07-03,14:32:37,4503415
,0.0068,-0.0210,-0.9550,1.1900,-0.6300,0.1400
2026-07-03,14:32:38,4503515,0.0054,-0.0200,-0.9565,1.2600,-0.5600,0.1400
2026-07-03,14:32:38,4503615,0.0034,-0.0190,-0.9570,1.2600,-0.4900,0.1400
2026-07-03,14:32:38,4503715,0.0063,-0.0195,-0.955
0,1.3300,-0.6300,0.1400
2026-07-03,14:32:38,4503815,0.0068,-0.0181,-0.9555,1.2600,-0.5600,0.0000
2026-07-03,14:32:38,4503915,0.0049,-0.0210,-0.9560,1.1200,-0.5600,0.1400
2026-07-03,14:32:38,4504015,0.0078,-0.0195,-0.9555,1.2600,-0.7000,0.140
0
2026-07-03,14:32:38,4504115,0.0068,-0.0215,-0.9565,1.2600,-0.6300,0.0700
2026-07-03,14:32:38,4504215,0.0054,-0.0200,-0.9570,1.1200,-0.7000,0.1400
2026-07-03,14:32:38,4504320,0.0049,-0.0176,-0.9545,1.1200,-0.8400,0.2100
2026-07-03,14:32:38
,4504415,0.0039,-0.0195,-0.9545,1.1900,-0.5600,0.2100
2026-07-03,14:32:39,4504515,0.0039,-0.0185,-0.9540,1.1900,-0.4900,0.0700
2026-07-03,14:32:39,4504615,0.0039,-0.0185,-0.9496,1.1900,-0.3500,0.2100
2026-07-03,14:32:39,4504715,0.0049,-0.020
0,-0.9589,1.1900,-0.6300,0.1400
2026-07-03,14:32:39,4504815,0.0029,-0.0127,-0.9472,1.3300,-0.2800,0.2100
2026-07-03,14:32:39,4504915,0.0024,-0.0151,-0.9379,1.4700,-0.4200,0.0700
2026-07-03,14:32:39,4505021,0.0039,-0.0171,-0.9457,1.0500,-0.70
00,0.2800
2026-07-03,14:32:39,4505119,0.0063,-0.0176,-0.9687,1.2600,-0.4900,0.1400
2026-07-03,14:32:39,4505215,0.0059,-0.0161,-0.9496,1.1900,-0.6300,0.2100
2026-07-03,14:32:39,4505315,0.0063,-0.0171,-0.9565,1.1200,-0.6300,0.2100
2026-07-03,
14:32:39,4505415,0.0024,-0.0215,-0.9633,1.1900,-0.5600,0.1400
2026-07-03,14:32:40,4505515,0.0083,-0.0039,-0.9492,1.1900,-0.7000,0.2800
2026-07-03,14:32:40,4505615,0.0039,-0.0288,-0.9662,1.2600,-0.7000,0.2100
2026-07-03,14:32:40,4505720,0.003
9,-0.0117,-0.9501,1.2600,-0.5600,0.1400
2026-07-03,14:32:40,4505815,0.0039,-0.0264,-0.9638,1.2600,-0.6300,0.2100
2026-07-03,14:32:40,4505915,0.0054,-0.0107,-0.9462,1.1900,-0.4200,0.1400
2026-07-03,14:32:40,4506015,0.0112,-0.0181,-0.9589,1.33
00,-0.4900,0.1400
2026-07-03,14:32:40,4506115,0.0068,-0.0185,-0.9565,1.2600,-0.7700,0.1400
2026-07-03,14:32:40,4506215,0.0054,-0.0185,-0.9579,1.1900,-0.6300,0.1400
2026-07-03,14:32:40,4506315,0.0024,-0.0224,-0.9614,1.1900,-0.5600,0.0700
202
6-07-03,14:32:40,4506415,-0.0024,-0.0185,-0.9496,1.1900,-0.6300,0.1400
2026-07-03,14:32:41,4506515,0.0029,-0.0273,-0.9360,1.2600,-0.5600,0.1400
2026-07-03,14:32:41,4506615,0.0093,-0.0215,-0.9682,1.2600,-0.4200,0.1400
2026-07-03,14:32:41,4506
715,0.0063,-0.0195,-0.9614,1.3300,-0.7000,0.1400
2026-07-03,14:32:41,4506815,0.0093,-0.0298,-0.9443,1.1900,-0.7700,0.1400
2026-07-03,14:32:41,4506915,-0.0020,-0.0210,-0.9526,1.1900,-0.7000,0.1400
2026-07-03,14:32:41,4507015,0.0029,-0.0200,-0
.9579,1.1200,-0.6300,0.2100
2026-07-03,14:32:41,4507115,0.0024,-0.0239,-0.9604,1.1900,-0.6300,0.2100
2026-07-03,14:32:41,4507215,0.0034,-0.0210,-0.9560,1.2600,-0.5600,0.1400
2026-07-03,14:32:41,4507315,0.0068,-0.0161,-0.9531,1.3300,-0.5600,0
.1400
2026-07-03,14:32:41,4507415,0.0044,-0.0166,-0.9560,1.2600,-0.6300,0.1400
2026-07-03,14:32:42,4507515,0.0034,-0.0176,-0.9496,1.2600,-0.5600,0.0700
2026-07-03,14:32:42,4507615,0.0073,-0.0190,-0.9545,1.1900,-0.4200,0.1400
2026-07-03,14:3
2:42,4507715,0.0093,-0.0205,-0.9579,1.1900,-0.6300,0.1400
2026-07-03,14:32:42,4507815,0.0073,-0.0190,-0.9550,1.2600,-0.6300,0.1400
2026-07-03,14:32:42,4507915,0.0059,-0.0171,-0.9550,1.3300,-0.5600,0.1400
2026-07-03,14:32:42,4508015,0.0068,-0
.0210,-0.9545,1.2600,-0.6300,0.0700
2026-07-03,14:32:42,4508115,0.0044,-0.0210,-0.9560,1.1900,-0.3500,0.2100
2026-07-03,14:32:42,4508215,0.0063,-0.0190,-0.9550,1.1900,-0.4900,0.2100
2026-07-03,14:32:42,4508315,0.0073,-0.0181,-0.9540,1.2600,-
0.5600,0.1400
2026-07-03,14:32:42,4508415,0.0049,-0.0195,-0.9570,1.1200,-0.4900,0.2100
2026-07-03,14:32:43,4508515,0.0078,-0.0215,-0.9638,1.2600,-0.6300,0.1400
2026-07-03,14:32:43,4508615,0.0063,-0.0210,-0.9521,1.1900,-0.3500,0.2100
2026-07
-03,14:32:43,4508715,0.0015,-0.0249,-0.9555,1.1900,-0.4900,0.1400
2026-07-03,14:32:43,4508815,0.0010,-0.0190,-0.9545,1.2600,-0.4200,0.1400
2026-07-03,14:32:43,4508915,0.0029,-0.0220,-0.9550,1.1900,-0.5600,0.2100
2026-07-03,14:32:43,4509015,0
.0029,-0.0190,-0.9623,1.4000,-0.4900,0.2100
2026-07-03,14:32:43,4509115,0.0015,-0.0234,-0.9570,1.2600,-0.7000,0.2100
2026-07-03,14:32:43,4509215,0.0029,-0.0215,-0.9526,1.3300,-0.5600,0.2100
2026-07-03,14:32:43,4509315,0.0122,-0.0205,-0.9496,
1.3300,-0.3500,0.2100
2026-07-03,14:32:43,4509415,0.0083,-0.0171,-0.9545,1.2600,-0.4200,0.1400
2026-07-03,14:32:44,4509515,0.0102,-0.0224,-0.9594,1.1900,-0.3500,0.1400
2026-07-03,14:32:44,4509615,0.0078,-0.0161,-0.9623,1.1200,-0.5600,0.2100
2026-07-03,14:32:44,4509715,0.0039,-0.0161,-0.9545,1.2600,-0.6300,0.1400
2026-07-03,14:32:44,4509815,0.0039,-0.0205,-0.9550,1.2600,-0.6300,0.2100
2026-07-03,14:32:44,4509915,0.0044,-0.0176,-0.9409,1.1200,-0.7000,0.2100
2026-07-03,14:32:44,4
510015,0.0107,-0.0229,-0.9550,1.4000,-0.7000,0.1400
2026-07-03,14:32:44,4510119,0.0015,-0.0224,-0.9506,1.0500,-0.6300,0.1400
2026-07-03,14:32:44,4510215,0.0073,-0.0146,-0.9526,1.2600,-0.5600,0.0700
2026-07-03,14:32:44,4510315,0.0044,-0.0220,
-0.9575,1.2600,-0.4900,0.2100
2026-07-03,14:32:44,4510415,0.0020,-0.0185,-0.9536,1.2600,-0.6300,0.0700
2026-07-03,14:32:45,4510515,0.0044,-0.0215,-0.9594,1.2600,-0.5600,0.1400
2026-07-03,14:32:45,4510615,0.0044,-0.0210,-0.9545,1.2600,-0.4900
,0.2100
2026-07-03,14:32:45,4510715,0.0024,-0.0210,-0.9570,1.1900,-0.5600,0.2100
2026-07-03,14:32:45,4510815,0.0034,-0.0224,-0.9565,1.2600,-0.5600,0.1400
2026-07-03,14:32:45,4510915,0.0044,-0.0210,-0.9555,1.3300,-0.5600,0.1400
2026-07-03,14
:32:45,4511015,0.0049,-0.0205,-0.9570,1.1900,-0.5600,0.2100
2026-07-03,14:32:45,4511115,0.0059,-0.0205,-0.9560,1.1900,-0.4900,0.2100
2026-07-03,14:32:45,4511215,0.0054,-0.0181,-0.9550,1.3300,-0.5600,0.1400
2026-07-03,14:32:45,4511315,0.0063,
-0.0210,-0.9540,1.0500,-0.7700,0.0700
2026-07-03,14:32:45,4511415,0.0098,-0.0185,-0.9614,1.2600,-0.5600,0.1400
2026-07-03,14:32:46,4511515,0.0039,-0.0205,-0.9545,1.2600,-0.6300,0.1400
2026-07-03,14:32:46,4511615,0.0024,-0.0200,-0.9550,1.1900
,-0.4900,0.1400
2026-07-03,14:32:46,4511715,0.0034,-0.0195,-0.9531,1.2600,-0.6300,0.2100
2026-07-03,14:32:46,4511815,0.0034,-0.0205,-0.9575,1.3300,-0.4900,0.1400
2026-07-03,14:32:46,4511915,0.0034,-0.0200,-0.9570,1.2600,-0.6300,0.2100
2026-
07-03,14:32:46,4512015,0.0054,-0.0200,-0.9545,1.1900,-0.5600,0.1400
2026-07-03,14:32:46,4512115,0.0029,-0.0190,-0.9579,1.3300,-0.5600,0.1400
2026-07-03,14:32:46,4512215,0.0102,-0.0181,-0.9540,1.2600,-0.6300,0.1400
2026-07-03,14:32:46,4512315
,0.0102,-0.0220,-0.9575,1.1200,-0.5600,0.2100
2026-07-03,14:32:46,4512415,0.0029,-0.0234,-0.9555,1.1900,-0.5600,0.1400
2026-07-03,14:32:47,4512515,0.0000,-0.0239,-0.9609,1.1900,-0.7700,0.1400
2026-07-03,14:32:47,4512621,0.0005,-0.0205,-0.953
6,1.1200,-0.4900,0.2800
2026-07-03,14:32:47,4512715,0.0020,-0.0229,-0.9536,1.0500,-0.7000,0.2800
2026-07-03,14:32:47,4512815,0.0088,-0.0185,-0.9648,1.2600,-0.5600,0.1400
2026-07-03,14:32:47,4512915,0.0024,-0.0117,-0.9540,1.3300,-0.6300,0.140
0
2026-07-03,14:32:47,4513015,0.0083,-0.0181,-0.9560,1.2600,-0.5600,0.0700
2026-07-03,14:32:47,4513115,0.0029,-0.0229,-0.9575,1.1900,-0.5600,0.1400
2026-07-03,14:32:47,4513215,0.0015,-0.0215,-0.9570,1.2600,-0.5600,0.2100
2026-07-03,14:32:47
,4513320,0.0020,-0.0171,-0.9555,1.2600,-0.7000,0.1400
2026-07-03,14:32:47,4513415,0.0059,-0.0200,-0.9628,1.1200,-0.6300,0.1400
2026-07-03,14:32:48,4513515,0.0059,-0.0210,-0.9584,1.1900,-0.5600,0.0700
2026-07-03,14:32:48,4513615,0.0000,-0.021
0,-0.9579,1.1900,-0.5600,0.2100
2026-07-03,14:32:48,4513715,0.0039,-0.0220,-0.9599,1.1200,-0.7700,0.0700
2026-07-03,14:32:48,4513815,0.0044,-0.0176,-0.9521,1.2600,-0.6300,0.2800
2026-07-03,14:32:48,4513915,-0.0068,-0.0210,-0.9648,1.1900,-0.6
300,0.1400
2026-07-03,14:32:48,4514020,0.0029,-0.0229,-0.9589,1.2600,-0.7000,0.0700
2026-07-03,14:32:48,4514115,0.0044,-0.0166,-0.9560,1.2600,-0.4900,0.1400
2026-07-03,14:32:48,4514215,0.0078,-0.0142,-0.9575,1.2600,-0.5600,0.1400
2026-07-03
,14:32:48,4514315,0.0102,-0.0229,-0.9584,1.1900,-0.7000,0.2100
2026-07-03,14:32:48,4514415,0.0083,-0.0244,-0.9575,1.2600,-0.4900,0.2100
2026-07-03,14:32:49,4514515,0.0054,-0.0200,-0.9545,1.3300,-0.4900,0.2100
2026-07-03,14:32:49,4514615,0.00
49,-0.0264,-0.9594,1.3300,-0.7000,0.1400
2026-07-03,14:32:49,4514715,0.0054,-0.0239,-0.9555,1.1200,-0.8400,0.1400
2026-07-03,14:32:49,4514815,0.0039,-0.0220,-0.9579,1.2600,-0.7000,0.1400
2026-07-03,14:32:49,4514915,-0.0020,-0.0142,-0.9243,1.
1200,-1.0500,0.2800
2026-07-03,14:32:49,4515015,0.0078,-0.0351,-0.9701,1.1900,-0.3500,0.2100
2026-07-03,14:32:49,4515119,-0.0005,-0.0122,-0.9740,1.1900,-0.5600,0.2100
2026-07-03,14:32:49,4515215,0.0044,-0.0205,-0.9545,1.4000,-0.4200,0.2800
2026-07-03,14:32:49,4515315,0.0088,-0.0312,-0.9584,1.2600,-0.4900,0.2100
2026-07-03,14:32:49,4515415,-0.0039,0.0102,-0.9389,1.4700,-0.4200,0.2100
2026-07-03,14:32:50,4515515,0.0068,-0.0312,-0.9604,1.1900,-0.6300,0.1400
2026-07-03,14:32:50,45
15615,0.0020,-0.0185,-0.9467,1.1900,-0.4900,0.1400
2026-07-03,14:32:50,4515715,-0.0024,-0.0224,-0.9565,1.2600,-0.7000,0.1400
2026-07-03,14:32:50,4515815,0.0059,-0.0215,-0.9638,1.3300,-0.7000,0.1400
2026-07-03,14:32:50,4515915,0.0088,-0.0307,
-0.9716,1.1900,-0.6300,0.2100
2026-07-03,14:32:50,4516015,0.0059,-0.0137,-0.9521,1.1200,-0.7000,0.2100
2026-07-03,14:32:50,4516115,0.0073,-0.0259,-0.9560,1.1900,-0.3500,0.0700
2026-07-03,14:32:50,4516215,0.0039,-0.0195,-0.9594,1.3300,-0.2800
,0.1400
2026-07-03,14:32:50,4516315,0.0039,-0.0166,-0.9428,1.1900,-0.2100,0.2100
2026-07-03,14:32:50,4516415,0.0102,-0.0337,-0.9653,1.1200,-0.9100,0.2800
2026-07-03,14:32:51,4516515,0.0151,-0.0190,-0.9555,1.1200,-0.5600,0.0000
2026-07-03,14
:32:51,4516615,0.0054,-0.0190,-0.9545,1.3300,-0.3500,0.2100
2026-07-03,14:32:51,4516715,0.0020,-0.0220,-0.9618,1.1900,-0.7700,0.2100
2026-07-03,14:32:51,4516815,0.0029,-0.0185,-0.9531,1.1200,-0.7700,0.2800
2026-07-03,14:32:51,4516915,0.0049,
-0.0229,-0.9511,1.2600,-0.7000,0.0700
2026-07-03,14:32:51,4517015,0.0132,-0.0224,-0.9638,1.3300,-0.7700,0.2100
2026-07-03,14:32:51,4517115,0.0122,-0.0185,-0.9579,1.2600,-0.5600,0.2800
2026-07-03,14:32:51,4517215,0.0132,-0.0151,-0.9511,1.3300
,-0.2800,0.1400
2026-07-03,14:32:51,4517315,0.0259,-0.0273,-0.9389,1.6100,-0.4200,0.2100
2026-07-03,14:32:51,4517415,0.0044,-0.0161,-0.9628,1.2600,-0.9100,0.2100
2026-07-03,14:32:52,4517515,0.0020,-0.0249,-0.9496,1.1900,-0.7000,0.1400
2026-
07-03,14:32:52,4517615,0.0029,-0.0264,-0.9560,1.1900,-0.4900,0.1400
2026-07-03,14:32:52,4517715,0.0073,-0.0171,-0.9540,1.2600,-0.5600,0.1400
2026-07-03,14:32:52,4517815,0.0102,-0.0215,-0.9584,1.2600,-0.6300,0.0700
2026-07-03,14:32:52,4517915
,0.0088,-0.0190,-0.9570,1.2600,-0.6300,0.2100
2026-07-03,14:32:52,4518015,0.0244,-0.0371,-0.9457,1.4700,0.0000,-0.0700
2026-07-03,14:32:52,4518115,0.0088,-0.0293,-0.9638,1.0500,-0.4900,-0.1400
2026-07-03,14:32:52,4518215,-0.0015,-0.0146,-0.9
531,1.1200,-0.5600,0.2100
2026-07-03,14:32:52,4518315,0.0005,-0.0190,-0.9555,1.3300,-0.4900,0.2800
2026-07-03,14:32:52,4518415,0.0088,-0.0224,-0.9545,1.2600,-0.5600,0.2100
2026-07-03,14:32:53,4518515,0.0073,-0.0181,-0.9550,1.2600,-0.5600,0.1
400
2026-07-03,14:32:53,4518615,0.0063,-0.0200,-0.9604,1.2600,-0.4200,0.2100
2026-07-03,14:32:53,4518715,0.0063,-0.0185,-0.9536,1.3300,-0.5600,0.1400
2026-07-03,14:32:53,4518815,0.0059,-0.0181,-0.9560,1.3300,-0.4200,0.1400
2026-07-03,14:32:
53,4518915,0.0049,-0.0210,-0.9560,1.2600,-0.6300,0.1400
2026-07-03,14:32:53,4519015,0.0054,-0.0210,-0.9540,1.3300,-0.4900,0.2100
2026-07-03,14:32:53,4519115,0.0054,-0.0215,-0.9540,1.1900,-0.4900,0.1400
2026-07-03,14:32:53,4519215,0.0059,-0.0
210,-0.9540,1.1900,-0.6300,0.1400
2026-07-03,14:32:53,4519315,0.0063,-0.0181,-0.9565,1.3300,-0.6300,0.2100
2026-07-03,14:32:53,4519415,0.0073,-0.0215,-0.9565,1.1900,-0.7000,0.0700
2026-07-03,14:32:54,4519515,0.0034,-0.0205,-0.9531,1.3300,-0.
5600,0.2100
2026-07-03,14:32:54,4519615,0.0054,-0.0185,-0.9545,1.1900,-0.5600,0.1400
2026-07-03,14:32:54,4519715,0.0063,-0.0195,-0.9560,1.1900,-0.6300,0.1400
2026-07-03,14:32:54,4519815,0.0088,-0.0200,-0.9565,1.1900,-0.4900,0.2100
2026-07-0
3,14:32:54,4519915,0.0059,-0.0205,-0.9560,1.2600,-0.7000,0.1400
2026-07-03,14:32:54,4520015,0.0063,-0.0181,-0.9555,1.2600,-0.6300,0.2100
2026-07-03,14:32:54,4520119,0.0068,-0.0195,-0.9545,1.1200,-0.6300,0.1400
2026-07-03,14:32:54,4520221,0.0
068,-0.0190,-0.9540,1.1900,-0.5600,0.1400
2026-07-03,14:32:54,4520315,0.0054,-0.0185,-0.9570,1.2600,-0.5600,0.2100
2026-07-03,14:32:54,4520415,0.0063,-0.0185,-0.9550,1.1900,-0.5600,0.2100
2026-07-03,14:32:55,4520515,0.0024,-0.0205,-0.9531,1.
1900,-0.4900,0.1400
2026-07-03,14:32:55,4520615,0.0054,-0.0205,-0.9565,1.2600,-0.6300,0.1400
2026-07-03,14:32:55,4520715,0.0044,-0.0215,-0.9565,1.1900,-0.6300,0.1400
2026-07-03,14:32:55,4520815,0.0049,-0.0190,-0.9560,1.1900,-0.5600,0.1400
2
026-07-03,14:32:55,4520919,0.0059,-0.0205,-0.9540,1.1900,-0.6300,0.1400
2026-07-03,14:32:55,4521015,0.0063,-0.0195,-0.9555,1.2600,-0.4900,0.2100
2026-07-03,14:32:55,4521115,0.0059,-0.0195,-0.9555,1.1900,-0.4900,0.1400
2026-07-03,14:32:55,452
1215,0.0054,-0.0200,-0.9545,1.1900,-0.5600,0.2100
2026-07-03,14:32:55,4521315,0.0059,-0.0210,-0.9540,1.1200,-0.6300,0.0700
2026-07-03,14:32:55,4521415,0.0063,-0.0195,-0.9550,1.1900,-0.5600,0.1400
2026-07-03,14:32:56,4521515,0.0059,-0.0220,-0
.9550,1.1900,-0.4200,0.2100
2026-07-03,14:32:56,4521620,0.0049,-0.0210,-0.9545,1.1900,-0.4900,0.1400
2026-07-03,14:32:56,4521715,0.0020,-0.0200,-0.9545,1.1900,-0.5600,0.1400
2026-07-03,14:32:56,4521815,0.0034,-0.0220,-0.9555,1.2600,-0.5600,0
.1400
2026-07-03,14:32:56,4521915,0.0029,-0.0205,-0.9575,1.1900,-0.6300,0.1400
2026-07-03,14:32:56,4522015,0.0020,-0.0229,-0.9555,1.1900,-0.5600,0.1400
2026-07-03,14:32:56,4522115,0.0054,-0.0210,-0.9550,1.2600,-0.6300,0.1400
2026-07-03,14:3
2:56,4522215,0.0083,-0.0166,-0.9555,1.1200,-0.5600,0.1400
2026-07-03,14:32:56,4522320,0.0068,-0.0195,-0.9565,1.1900,-0.6300,0.1400
2026-07-03,14:32:56,4522415,0.0054,-0.0185,-0.9555,1.2600,-0.5600,0.0700
2026-07-03,14:32:57,4522515,0.0024,-0
.0200,-0.9555,1.1900,-0.4900,0.1400
2026-07-03,14:32:57,4522615,0.0063,-0.0195,-0.9560,1.1900,-0.6300,0.0700
2026-07-03,14:32:57,4522715,0.0049,-0.0190,-0.9550,1.1900,-0.5600,0.1400
2026-07-03,14:32:57,4522815,0.0049,-0.0210,-0.9550,1.2600,-
0.5600,0.1400
2026-07-03,14:32:57,4522915,0.0059,-0.0210,-0.9545,1.2600,-0.6300,0.1400
2026-07-03,14:32:57,4523015,0.0034,-0.0200,-0.9540,1.1200,-0.7000,0.0700
2026-07-03,14:32:57,4523115,0.0068,-0.0224,-0.9565,1.2600,-0.4900,0.2100
2026-07
-03,14:32:57,4523215,0.0063,-0.0181,-0.9565,1.2600,-0.4900,0.2100
2026-07-03,14:32:57,4523315,0.0063,-0.0220,-0.9555,1.1900,-0.7000,0.2800
2026-07-03,14:32:57,4523415,0.0073,-0.0176,-0.9521,1.1900,-0.7000,0.1400
2026-07-03,14:32:58,4523515,0
.0107,-0.0200,-0.9628,1.1900,-0.6300,0.2100
2026-07-03,14:32:58,4523615,0.0029,-0.0176,-0.9506,1.2600,-0.6300,0.2100
2026-07-03,14:32:58,4523715,0.0034,-0.0195,-0.9511,1.1900,-0.3500,0.0000
2026-07-03,14:32:58,4523815,0.0024,-0.0024,-0.9287,
2.1000,-0.2800,0.4900
2026-07-03,14:32:58,4523915,0.0327,-0.0503,-0.9765,1.1200,-0.4900,0.0000
2026-07-03,14:32:58,4524015,-0.0068,-0.0185,-0.9496,1.1200,-0.4200,-0.0700
2026-07-03,14:32:58,4524115,-0.0068,-0.0200,-0.9550,1.4000,-0.5600,0.21
00
2026-07-03,14:32:58,4524215,0.0073,-0.0220,-0.9550,1.2600,-0.5600,0.1400
2026-07-03,14:32:58,4524315,0.0063,-0.0234,-0.9575,1.1900,-0.4900,0.0000
2026-07-03,14:32:58,4524415,0.0059,-0.0200,-0.9570,1.2600,-0.6300,0.1400
2026-07-03,14:32:5
9,4524515,0.0083,-0.0166,-0.9536,1.3300,-0.4900,0.1400
2026-07-03,14:32:59,4524615,0.0054,-0.0205,-0.9575,1.1900,-0.5600,0.2100
2026-07-03,14:32:59,4524715,0.0068,-0.0185,-0.9555,1.2600,-0.6300,0.1400
2026-07-03,14:32:59,4524815,0.0063,-0.02
10,-0.9511,1.3300,-0.5600,0.1400
2026-07-03,14:32:59,4524915,0.0068,-0.0210,-0.9545,1.2600,-0.5600,0.1400
2026-07-03,14:32:59,4525015,0.0073,-0.0210,-0.9565,1.2600,-0.6300,0.1400
2026-07-03,14:32:59,4525119,0.0127,-0.0142,-0.9555,1.2600,-0.6
300,0.2100
2026-07-03,14:32:59,4525215,0.0078,-0.0229,-0.9506,1.2600,-0.4200,0.1400
2026-07-03,14:32:59,4525315,0.0039,-0.0205,-0.9550,1.1900,-0.6300,0.1400
2026-07-03,14:32:59,4525415,0.0039,-0.0239,-0.9623,1.2600,-0.7000,0.1400
2026-07-03
,14:33:00,4525515,0.0044,-0.0224,-0.9545,1.2600,-0.6300,0.1400
2026-07-03,14:33:00,4525615,0.0029,-0.0220,-0.9560,1.2600,-0.4900,0.1400
2026-07-03,14:33:00,4525715,0.0059,-0.0205,-0.9550,1.1900,-0.5600,0.1400
2026-07-03,14:33:00,4525815,0.00
54,-0.0220,-0.9555,1.2600,-0.4200,0.1400
2026-07-03,14:33:00,4525915,0.0054,-0.0176,-0.9555,1.1900,-0.4900,0.1400
2026-07-03,14:33:00,4526015,0.0049,-0.0176,-0.9540,1.1900,-0.4900,0.1400
2026-07-03,14:33:00,4526115,0.0059,-0.0200,-0.9575,1.1
900,-0.6300,0.2100
2026-07-03,14:33:00,4526215,0.0054,-0.0176,-0.9536,1.2600,-0.4200,0.2100
2026-07-03,14:33:00,4526315,0.0088,-0.0224,-0.9555,1.1900,-0.4900,0.2100
2026-07-03,14:33:00,4526415,0.0073,-0.0181,-0.9570,1.1900,-0.5600,0.1400
20
26-07-03,14:33:01,4526515,0.0068,-0.0195,-0.9594,1.1900,-0.4900,0.1400
2026-07-03,14:33:01,4526615,0.0059,-0.0210,-0.9560,1.1200,-0.5600,0.2100
2026-07-03,14:33:01,4526715,0.0015,-0.0181,-0.9575,1.3300,-0.7000,0.2100
2026-07-03,14:33:01,4526
815,0.0005,-0.0259,-0.9536,1.2600,-0.9100,0.0700
2026-07-03,14:33:01,4526915,0.0020,-0.0205,-0.9540,1.1200,-0.5600,0.1400
2026-07-03,14:33:01,4527015,-0.0010,-0.0142,-0.9418,1.1900,-0.9800,0.2800
2026-07-03,14:33:01,4527115,0.0054,-0.0229,-0
.9570,1.2600,-0.4200,0.2100
2026-07-03,14:33:01,4527215,0.0073,-0.0200,-0.9579,1.3300,-0.2800,0.1400
2026-07-03,14:33:01,4527315,0.0083,-0.0122,-0.9531,1.1900,-0.6300,0.2100
2026-07-03,14:33:01,4527415,0.0107,-0.0220,-0.9565,1.2600,-0.4200,0
.1400
2026-07-03,14:33:02,4527515,0.0078,-0.0176,-0.9545,1.1200,-0.5600,0.1400
2026-07-03,14:33:02,4527615,0.0044,-0.0195,-0.9594,1.2600,-0.5600,0.1400
2026-07-03,14:33:02,4527715,0.0054,-0.0127,-0.9570,1.4000,-0.6300,0.1400
2026-07-03,14:3
3:02,4527815,0.0098,-0.0293,-0.9589,1.1900,-0.7000,0.2100
2026-07-03,14:33:02,4527915,0.0039,-0.0210,-0.9496,0.9800,-0.7000,0.2100
2026-07-03,14:33:02,4528015,0.0005,-0.0181,-0.9477,1.3300,-0.5600,0.0700
2026-07-03,14:33:02,4528115,0.0005,-0
.0195,-0.9531,1.2600,-0.4900,0.3500
2026-07-03,14:33:02,4528215,0.0034,-0.0200,-0.9516,1.1900,-0.6300,0.1400
2026-07-03,14:33:02,4528315,0.0059,-0.0244,-0.9570,1.1200,-0.6300,0.1400
2026-07-03,14:33:02,4528415,0.0000,-0.0195,-0.9487,1.3300,-
0.2800,0.0700
2026-07-03,14:33:03,4528520,-0.0015,-0.0068,-0.9472,1.3300,-0.3500,0.1400
2026-07-03,14:33:03,4528615,0.0083,-0.0205,-0.9506,1.1200,-0.4900,0.2100
2026-07-03,14:33:03,4528715,0.0083,-0.0171,-0.9584,1.2600,-0.4200,0.1400
2026-0
7-03,14:33:03,4528815,0.0054,-0.0181,-0.9570,1.2600,-0.4900,0.1400
2026-07-03,14:33:03,4528915,0.0015,-0.0224,-0.9579,1.1900,-0.5600,0.0700
2026-07-03,14:33:03,4529015,0.0039,-0.0210,-0.9550,1.2600,-0.5600,0.1400
2026-07-03,14:33:03,4529115,
0.0049,-0.0146,-0.9511,1.3300,-0.4900,0.2100
2026-07-03,14:33:03,4529220,0.0054,-0.0195,-0.9589,1.1900,-0.5600,0.1400
2026-07-03,14:33:03,4529315,0.0029,-0.0166,-0.9545,1.1900,-0.4900,0.0700
2026-07-03,14:33:03,4529415,0.0020,-0.0234,-0.9609
,1.2600,-0.5600,0.1400
2026-07-03,14:33:04,4529515,0.0034,-0.0195,-0.9472,1.0500,-0.5600,0.1400
2026-07-03,14:33:04,4529615,0.0088,-0.0146,-0.9584,1.1900,-0.7000,0.0700
2026-07-03,14:33:04,4529715,0.0073,-0.0210,-0.9409,1.1900,-0.4200,0.1400
2026-07-03,14:33:04,4529815,0.0078,-0.0185,-0.9526,1.2600,-0.4200,0.1400
2026-07-03,14:33:04,4529919,0.0034,-0.0166,-0.9526,1.1900,-0.4900,0.1400
2026-07-03,14:33:04,4530015,0.0093,-0.0185,-0.9579,1.3300,-0.5600,0.2100
2026-07-03,14:33:04,
4530119,0.0078,-0.0176,-0.9565,1.2600,-0.5600,0.2100
2026-07-03,14:33:04,4530215,0.0078,-0.0210,-0.9570,1.3300,-0.4900,0.2100
2026-07-03,14:33:04,4530315,0.0054,-0.0195,-0.9428,1.0500,-0.5600,0.1400
2026-07-03,14:33:04,4530415,0.0088,-0.0195
,-0.9594,1.1900,-0.4900,0.2100
2026-07-03,14:33:05,4530515,0.0088,-0.0185,-0.9575,1.3300,-0.6300,0.1400
2026-07-03,14:33:05,4530615,0.0068,-0.0166,-0.9438,1.2600,-0.6300,0.1400
2026-07-03,14:33:05,4530715,0.0015,-0.0176,-0.9579,1.4000,-0.280
0,0.0700
2026-07-03,14:33:05,4530815,0.0024,-0.0224,-0.9628,1.1900,-0.4900,0.1400
2026-07-03,14:33:05,4530915,0.0015,-0.0224,-0.9780,1.4700,-0.7000,0.1400
2026-07-03,14:33:05,4531015,0.0088,-0.0215,-0.9540,1.1900,-0.6300,0.1400
2026-07-03,1
4:33:05,4531115,0.0005,-0.0205,-0.9526,1.1200,-0.4900,0.1400
2026-07-03,14:33:05,4531215,0.0054,-0.0190,-0.9575,1.1900,-0.4900,0.1400
2026-07-03,14:33:05,4531315,0.0044,-0.0224,-0.9570,1.2600,-0.5600,0.2100
2026-07-03,14:33:05,4531415,0.0034
,-0.0190,-0.9521,1.1900,-0.4900,0.0700
2026-07-03,14:33:06,4531515,0.0054,-0.0181,-0.9536,1.2600,-0.4200,0.0700
2026-07-03,14:33:06,4531615,0.0073,-0.0200,-0.9633,1.2600,-0.5600,0.1400
2026-07-03,14:33:06,4531715,0.0137,-0.0346,-0.9550,1.050
0,-0.7700,0.0700
2026-07-03,14:33:06,4531815,-0.0068,-0.0195,-0.9531,1.2600,-0.6300,0.1400
2026-07-03,14:33:06,4531915,0.0024,-0.0215,-0.9550,1.1900,-0.5600,0.0700
2026-07-03,14:33:06,4532015,0.0093,-0.0205,-0.9501,1.1900,-0.6300,0.1400
202
6-07-03,14:33:06,4532115,0.0049,-0.0171,-0.9526,1.3300,-0.5600,0.1400
2026-07-03,14:33:06,4532215,0.0068,-0.0210,-0.9589,1.2600,-0.7000,0.1400
2026-07-03,14:33:06,4532315,0.0059,-0.0215,-0.9570,1.1900,-0.6300,0.1400
2026-07-03,14:33:06,45324
15,0.0029,-0.0190,-0.9521,1.2600,-0.5600,0.0700
2026-07-03,14:33:07,4532515,0.0039,-0.0210,-0.9545,1.1900,-0.5600,0.2100
2026-07-03,14:33:07,4532615,0.0020,-0.0205,-0.9550,1.1900,-0.4900,0.1400
2026-07-03,14:33:07,4532715,0.0044,-0.0205,-0.9
501,1.1900,-0.5600,0.2100
2026-07-03,14:33:07,4532815,0.0039,-0.0239,-0.9526,1.1900,-0.5600,0.0700
2026-07-03,14:33:07,4532915,0.0049,-0.0210,-0.9570,1.3300,-0.6300,0.2100
2026-07-03,14:33:07,4533015,0.0039,-0.0195,-0.9545,1.2600,-0.5600,0.2
100
2026-07-03,14:33:07,4533115,0.0088,-0.0220,-0.9536,1.1900,-0.5600,0.2100
2026-07-03,14:33:07,4533215,0.0063,-0.0195,-0.9536,1.2600,-0.5600,0.1400
2026-07-03,14:33:07,4533315,0.0063,-0.0185,-0.9555,1.2600,-0.6300,0.0700
2026-07-03,14:33:
07,4533415,0.0078,-0.0146,-0.9570,1.3300,-0.7000,0.2100
2026-07-03,14:33:08,4533515,0.0068,-0.0210,-0.9570,1.2600,-0.5600,0.1400
2026-07-03,14:33:08,4533615,0.0020,-0.0215,-0.9584,1.2600,-0.5600,0.1400
2026-07-03,14:33:08,4533715,0.0029,-0.0
195,-0.9555,1.1900,-0.4900,0.1400
2026-07-03,14:33:08,4533815,0.0059,-0.0205,-0.9521,1.1900,-0.6300,0.1400
2026-07-03,14:33:08,4533915,0.0063,-0.0185,-0.9560,1.2600,-0.4900,0.0700
2026-07-03,14:33:08,4534015,0.0093,-0.0176,-0.9521,1.2600,-0.
6300,0.0700
2026-07-03,14:33:08,4534115,0.0078,-0.0176,-0.9658,1.1200,-0.4900,0.2100
2026-07-03,14:33:08,4534215,0.0073,-0.0181,-0.9545,1.4000,-0.4900,0.1400
2026-07-03,14:33:08,4534315,0.0039,-0.0205,-0.9536,1.2600,-0.4900,0.1400
2026-07-0
3,14:33:08,4534415,0.0024,-0.0234,-0.9550,1.1200,-0.6300,0.1400
2026-07-03,14:33:09,4534515,0.0020,-0.0224,-0.9550,1.1900,-0.8400,0.1400
2026-07-03,14:33:09,4534615,0.0000,-0.0229,-0.9536,1.1900,-0.7700,0.1400
2026-07-03,14:33:09,4534715,0.0
039,-0.0176,-0.9575,1.1900,-0.6300,0.2100
2026-07-03,14:33:09,4534815,0.0083,-0.0195,-0.9555,1.2600,-0.4900,0.2100
2026-07-03,14:33:09,4534915,0.0034,-0.0166,-0.9457,1.4000,-0.0700,0.2100
2026-07-03,14:33:09,4535015,0.0132,-0.0146,-0.9526,1.
1900,-0.5600,0.2100
2026-07-03,14:33:09,4535119,0.0088,-0.0190,-0.9560,1.1900,-0.5600,0.1400
2026-07-03,14:33:09,4535215,0.0063,-0.0181,-0.9526,1.1900,-0.4900,0.0700
2026-07-03,14:33:09,4535315,0.0063,-0.0220,-0.9565,1.2600,-0.4900,0.0700
2
026-07-03,14:33:09,4535415,0.0044,-0.0205,-0.9540,1.1900,-0.5600,0.1400
2026-07-03,14:33:10,4535515,0.0039,-0.0215,-0.9536,1.2600,-0.5600,0.1400
2026-07-03,14:33:10,4535615,0.0054,-0.0190,-0.9545,1.2600,-0.5600,0.1400
2026-07-03,14:33:10,453
5715,0.0054,-0.0210,-0.9570,1.2600,-0.4900,0.2100
2026-07-03,14:33:10,4535815,0.0039,-0.0195,-0.9565,1.2600,-0.5600,0.2100
2026-07-03,14:33:10,4535915,0.0049,-0.0185,-0.9550,1.1900,-0.4900,0.2100
2026-07-03,14:33:10,4536015,0.0059,-0.0220,-0
.9545,1.1900,-0.5600,0.2100
2026-07-03,14:33:10,4536115,0.0063,-0.0205,-0.9570,1.1900,-0.5600,0.1400
2026-07-03,14:33:10,4536215,0.0059,-0.0195,-0.9531,1.1200,-0.6300,0.1400
2026-07-03,14:33:10,4536315,0.0068,-0.0210,-0.9570,1.1900,-0.6300,0
.1400
2026-07-03,14:33:10,4536415,0.0039,-0.0205,-0.9545,1.2600,-0.6300,0.0700
2026-07-03,14:33:11,4536515,0.0049,-0.0190,-0.9565,1.2600,-0.6300,0.1400
2026-07-03,14:33:11,4536615,0.0059,-0.0185,-0.9555,1.2600,-0.5600,0.0700
2026-07-03,14:3
3:11,4536715,0.0044,-0.0190,-0.9565,1.2600,-0.4200,0.2100
2026-07-03,14:33:11,4536820,0.0054,-0.0200,-0.9545,1.3300,-0.5600,0.1400
2026-07-03,14:33:11,4536915,0.0059,-0.0200,-0.9560,1.1900,-0.5600,0.1400
2026-07-03,14:33:11,4537015,0.0059,-0
.0190,-0.9540,1.2600,-0.4900,0.1400
2026-07-03,14:33:11,4537115,0.0054,-0.0210,-0.9579,1.2600,-0.6300,0.0700
2026-07-03,14:33:11,4537215,0.0093,-0.0200,-0.9526,1.1200,-0.7000,0.2100
2026-07-03,14:33:11,4537315,0.0063,-0.0190,-0.9555,1.1900,-
0.5600,0.1400
2026-07-03,14:33:11,4537415,0.0024,-0.0176,-0.9506,1.1900,-0.7000,0.3500
2026-07-03,14:33:12,4537520,0.0015,-0.0200,-0.9555,1.4000,-0.4900,0.0000
2026-07-03,14:33:12,4537615,0.0044,-0.0185,-0.9560,1.2600,-0.7000,0.1400
2026-07
-03,14:33:12,4537715,0.0088,-0.0171,-0.9521,1.2600,-0.5600,0.2100
2026-07-03,14:33:12,4537815,0.0078,-0.0215,-0.9579,1.2600,-0.6300,0.2100
2026-07-03,14:33:12,4537915,-0.0625,0.0512,-0.8677,1.7500,-1.3300,0.6300
2026-07-03,14:33:12,4538015,0
.0161,-0.0400,-0.9584,1.6800,-0.3500,0.4900
2026-07-03,14:33:12,4538115,0.0259,-0.0322,-0.9589,1.0500,-0.5600,-0.0700
2026-07-03,14:33:12,4538220,-0.0044,-0.0137,-0.9540,1.1200,-0.3500,0.0700
2026-07-03,14:33:12,4538315,0.0073,-0.0146,-0.953
1,1.3300,-0.6300,0.2100
2026-07-03,14:33:12,4538415,0.0093,-0.0195,-0.9565,1.2600,-0.7000,0.1400
2026-07-03,14:33:13,4538515,0.0044,-0.0200,-0.9555,1.1900,-0.4200,0.0700
2026-07-03,14:33:13,4538615,0.0039,-0.0181,-0.9555,1.1900,-0.5600,0.070
0
2026-07-03,14:33:13,4538715,0.0049,-0.0210,-0.9560,1.2600,-0.6300,0.2100
2026-07-03,14:33:13,4538815,0.0054,-0.0195,-0.9550,1.2600,-0.5600,0.1400
2026-07-03,14:33:13,4538915,0.0054,-0.0224,-0.9545,1.1900,-0.5600,0.1400
2026-07-03,14:33:13
,4539015,0.0059,-0.0220,-0.9550,1.2600,-0.4200,0.1400
2026-07-03,14:33:13,4539115,0.0024,-0.0234,-0.9545,1.1900,-0.4900,0.2100
2026-07-03,14:33:13,4539215,0.0049,-0.0205,-0.9545,1.1900,-0.6300,0.1400
2026-07-03,14:33:13,4539315,0.0059,-0.018
1,-0.9570,1.1900,-0.4900,0.2100
2026-07-03,14:33:13,4539415,0.0059,-0.0215,-0.9550,1.1900,-0.5600,0.1400
2026-07-03,14:33:14,4539515,0.0068,-0.0205,-0.9570,1.1900,-0.6300,0.1400
2026-07-03,14:33:14,4539615,0.0054,-0.0205,-0.9550,1.1200,-0.56
00,0.2100
2026-07-03,14:33:14,4539715,0.0054,-0.0195,-0.9536,1.2600,-0.6300,0.1400
2026-07-03,14:33:14,4539815,0.0063,-0.0229,-0.9550,1.2600,-0.5600,0.1400
2026-07-03,14:33:14,4539915,0.0059,-0.0195,-0.9540,1.3300,-0.4900,0.2100
2026-07-03,
14:33:14,4540015,0.0059,-0.0185,-0.9550,1.2600,-0.7000,0.1400
2026-07-03,14:33:14,4540119,0.0054,-0.0210,-0.9565,1.1900,-0.5600,0.1400
2026-07-03,14:33:14,4540215,0.0049,-0.0200,-0.9550,1.2600,-0.6300,0.1400
2026-07-03,14:33:14,4540315,0.004
4,-0.0200,-0.9555,1.2600,-0.5600,0.2100
2026-07-03,14:33:14,4540415,0.0054,-0.0220,-0.9570,1.1900,-0.4900,0.1400
2026-07-03,14:33:15,4540515,0.0039,-0.0195,-0.9560,1.2600,-0.4900,0.2100
2026-07-03,14:33:15,4540615,0.0059,-0.0190,-0.9575,1.19
00,-0.5600,0.2100
2026-07-03,14:33:15,4540715,0.0044,-0.0220,-0.9540,1.1900,-0.5600,0.0700
2026-07-03,14:33:15,4540815,0.0063,-0.0220,-0.9555,1.1900,-0.4900,0.1400
2026-07-03,14:33:15,4540915,0.0073,-0.0181,-0.9565,1.1200,-0.4200,0.2100
202
6-07-03,14:33:15,4541015,0.0029,-0.0181,-0.9555,1.2600,-0.5600,0.1400
2026-07-03,14:33:15,4541115,0.0034,-0.0205,-0.9550,1.2600,-0.4900,0.1400
2026-07-03,14:33:15,4541215,0.0063,-0.0195,-0.9550,1.3300,-0.6300,0.2100
2026-07-03,14:33:15,45413
15,0.0049,-0.0210,-0.9565,1.2600,-0.4900,0.2100
2026-07-03,14:33:15,4541415,0.0063,-0.0185,-0.9545,1.2600,-0.4900,0.1400
2026-07-03,14:33:16,4541515,0.0068,-0.0185,-0.9575,1.3300,-0.7000,0.1400
2026-07-03,14:33:16,4541615,0.0078,-0.0210,-0.9
565,1.1900,-0.5600,0.1400
2026-07-03,14:33:16,4541715,0.0078,-0.0185,-0.9575,1.2600,-0.5600,0.1400
2026-07-03,14:33:16,4541815,0.0059,-0.0195,-0.9555,1.1900,-0.6300,0.0700
2026-07-03,14:33:16,4541915,0.0059,-0.0205,-0.9565,1.3300,-0.7000,0.0
700
2026-07-03,14:33:16,4542015,0.0044,-0.0205,-0.9545,1.2600,-0.6300,0.1400
2026-07-03,14:33:16,4542115,0.0044,-0.0195,-0.9545,1.1900,-0.4900,0.2100
2026-07-03,14:33:16,4542215,0.0049,-0.0220,-0.9565,1.3300,-0.5600,0.0700
2026-07-03,14:33:
16,4542315,0.0044,-0.0195,-0.9540,1.2600,-0.5600,0.2100
2026-07-03,14:33:16,4542415,0.0059,-0.0210,-0.9545,1.1200,-0.5600,0.1400
2026-07-03,14:33:17,4542515,0.0039,-0.0220,-0.9550,1.1900,-0.6300,0.1400
2026-07-03,14:33:17,4542615,0.0059,-0.0
185,-0.9531,1.1900,-0.4900,0.2100
2026-07-03,14:33:17,4542715,0.0063,-0.0176,-0.9545,1.2600,-0.6300,0.1400
2026-07-03,14:33:17,4542815,0.0073,-0.0220,-0.9555,1.1900,-0.5600,0.1400
2026-07-03,14:33:17,4542915,0.0034,-0.0200,-0.9555,1.2600,-0.
5600,0.1400
2026-07-03,14:33:17,4543015,0.0039,-0.0205,-0.9555,1.1200,-0.5600,0.1400
2026-07-03,14:33:17,4543115,0.0059,-0.0215,-0.9579,1.2600,-0.6300,0.1400
2026-07-03,14:33:17,4543215,0.0049,-0.0205,-0.9565,1.1900,-0.5600,0.0700
2026-07-0
3,14:33:17,4543315,0.0039,-0.0205,-0.9570,1.2600,-0.6300,0.2100
2026-07-03,14:33:17,4543415,0.0049,-0.0190,-0.9516,1.2600,-0.7000,0.1400
2026-07-03,14:33:18,4543515,0.0054,-0.0205,-0.9579,1.3300,-0.6300,0.2100
2026-07-03,14:33:18,4543615,0.0
039,-0.0190,-0.9565,1.1900,-0.5600,0.2800
2026-07-03,14:33:18,4543715,0.0054,-0.0200,-0.9550,1.2600,-0.5600,0.1400
2026-07-03,14:33:18,4543815,0.0049,-0.0195,-0.9560,1.2600,-0.5600,0.0700
2026-07-03,14:33:18,4543915,0.0054,-0.0200,-0.9550,1.
1900,-0.4900,0.2100
2026-07-03,14:33:18,4544015,0.0059,-0.0200,-0.9579,1.2600,-0.4900,0.2800
2026-07-03,14:33:18,4544115,0.0029,-0.0220,-0.9565,1.1900,-0.6300,0.1400
2026-07-03,14:33:18,4544215,0.0059,-0.0195,-0.9545,1.3300,-0.6300,0.2100
2
026-07-03,14:33:18,4544315,0.0049,-0.0205,-0.9570,1.2600,-0.5600,0.2100
2026-07-03,14:33:18,4544415,0.0059,-0.0220,-0.9531,1.1900,-0.5600,0.1400
2026-07-03,14:33:19,4544515,0.0054,-0.0190,-0.9550,1.1900,-0.4900,0.1400
2026-07-03,14:33:19,454
4615,0.0044,-0.0200,-0.9565,1.2600,-0.5600,0.2100
2026-07-03,14:33:19,4544715,0.0049,-0.0210,-0.9536,1.2600,-0.7000,0.0700
2026-07-03,14:33:19,4544815,0.0054,-0.0185,-0.9545,1.1900,-0.4900,0.1400
2026-07-03,14:33:19,4544915,0.0049,-0.0210,-0
.9565,1.1200,-0.6300,0.2100
2026-07-03,14:33:19,4545015,0.0049,-0.0176,-0.9550,1.2600,-0.4200,0.1400
2026-07-03,14:33:19,4545121,0.0059,-0.0215,-0.9550,1.1200,-0.4900,0.1400
2026-07-03,14:33:19,4545215,0.0054,-0.0185,-0.9565,1.2600,-0.5600,0
.0700
2026-07-03,14:33:19,4545315,0.0049,-0.0220,-0.9555,1.2600,-0.6300,0.1400
2026-07-03,14:33:19,4545415,0.0039,-0.0210,-0.9565,1.1900,-0.4900,0.1400
2026-07-03,14:33:20,4545515,0.0059,-0.0205,-0.9565,1.2600,-0.6300,0.1400
2026-07-03,14:3
3:20,4545615,0.0049,-0.0205,-0.9560,1.1900,-0.7000,0.1400
2026-07-03,14:33:20,4545715,0.0073,-0.0195,-0.9540,1.2600,-0.5600,0.1400
2026-07-03,14:33:20,4545820,0.0063,-0.0220,-0.9570,1.1900,-0.4900,0.1400
2026-07-03,14:33:20,4545915,0.0068,-0
.0190,-0.9565,1.2600,-0.4900,0.2100
2026-07-03,14:33:20,4546015,0.0049,-0.0205,-0.9545,1.1900,-0.4900,0.0700
2026-07-03,14:33:20,4546115,0.0054,-0.0224,-0.9565,1.3300,-0.4900,0.1400
2026-07-03,14:33:20,4546215,0.0039,-0.0190,-0.9555,1.3300,-
0.4900,0.1400
2026-07-03,14:33:20,4546315,0.0054,-0.0205,-0.9565,1.1900,-0.6300,0.0700
2026-07-03,14:33:20,4546415,0.0044,-0.0190,-0.9545,1.3300,-0.5600,0.2100
2026-07-03,14:33:21,4546521,0.0054,-0.0190,-0.9550,1.2600,-0.6300,0.2100
2026-07
-03,14:33:21,4546615,0.0049,-0.0220,-0.9570,1.1900,-0.5600,0.2100
2026-07-03,14:33:21,4546715,0.0049,-0.0200,-0.9555,1.2600,-0.7000,0.2100
2026-07-03,14:33:21,4546815,0.0059,-0.0205,-0.9560,1.1900,-0.5600,0.0700
2026-07-03,14:33:21,4546915,0
.0044,-0.0220,-0.9540,1.3300,-0.6300,0.1400
2026-07-03,14:33:21,4547015,0.0054,-0.0210,-0.9536,1.1900,-0.6300,0.1400
2026-07-03,14:33:21,4547115,0.0059,-0.0205,-0.9560,1.2600,-0.7000,0.1400
2026-07-03,14:33:21,4547215,0.0059,-0.0195,-0.9540,
1.2600,-0.5600,0.1400
2026-07-03,14:33:21,4547315,0.0073,-0.0210,-0.9550,1.1900,-0.6300,0.1400
2026-07-03,14:33:21,4547415,0.0049,-0.0220,-0.9565,1.2600,-0.5600,0.2100
2026-07-03,14:33:22,4547515,0.0054,-0.0195,-0.9555,1.2600,-0.5600,0.2800
2026-07-03,14:33:22,4547615,0.0034,-0.0210,-0.9570,1.2600,-0.4900,0.2100
2026-07-03,14:33:22,4547715,0.0073,-0.0195,-0.9570,1.2600,-0.4900,0.1400
2026-07-03,14:33:22,4547815,0.0063,-0.0190,-0.9555,1.1900,-0.5600,0.1400
2026-07-03,14:33:22,4
547915,0.0063,-0.0200,-0.9560,1.2600,-0.6300,0.0700
2026-07-03,14:33:22,4548015,0.0049,-0.0205,-0.9550,1.1900,-0.5600,0.2100
2026-07-03,14:33:22,4548115,0.0059,-0.0210,-0.9565,1.2600,-0.6300,0.1400
2026-07-03,14:33:22,4548215,0.0044,-0.0200,
-0.9565,1.2600,-0.5600,0.1400
2026-07-03,14:33:22,4548315,0.0059,-0.0181,-0.9555,1.2600,-0.4200,0.2100
2026-07-03,14:33:22,4548415,0.0063,-0.0210,-0.9540,1.3300,-0.6300,0.1400
2026-07-03,14:33:23,4548515,0.0059,-0.0210,-0.9545,1.2600,-0.5600
,0.2100
2026-07-03,14:33:23,4548615,0.0054,-0.0210,-0.9575,1.1900,-0.4200,0.2100
2026-07-03,14:33:23,4548715,0.0063,-0.0195,-0.9560,1.1900,-0.5600,0.1400
2026-07-03,14:33:23,4548815,0.0063,-0.0200,-0.9575,1.1900,-0.4900,0.2100
2026-07-03,14
:33:23,4548915,0.0059,-0.0185,-0.9565,1.1900,-0.5600,0.1400
2026-07-03,14:33:23,4549015,0.0059,-0.0220,-0.9560,1.2600,-0.6300,0.2100
2026-07-03,14:33:23,4549115,0.0068,-0.0205,-0.9540,1.1900,-0.6300,0.2100
2026-07-03,14:33:23,4549215,0.0049,
-0.0185,-0.9550,1.2600,-0.6300,0.1400
2026-07-03,14:33:23,4549315,0.0063,-0.0200,-0.9565,1.1200,-0.4900,0.1400
2026-07-03,14:33:23,4549415,0.0044,-0.0195,-0.9545,1.2600,-0.7700,0.1400
2026-07-03,14:33:24,4549515,0.0049,-0.0220,-0.9555,1.3300
,-0.5600,0.1400
2026-07-03,14:33:24,4549615,0.0054,-0.0224,-0.9555,1.1900,-0.6300,0.1400
2026-07-03,14:33:24,4549715,0.0049,-0.0200,-0.9565,1.2600,-0.6300,0.1400
2026-07-03,14:33:24,4549815,0.0088,-0.0210,-0.9560,1.1900,-0.6300,0.0700
2026-
07-03,14:33:24,4549915,0.0068,-0.0220,-0.9550,1.1900,-0.6300,0.1400
2026-07-03,14:33:24,4550015,0.0059,-0.0176,-0.9565,1.2600,-0.5600,0.1400
2026-07-03,14:33:24,4550119,0.0054,-0.0200,-0.9565,1.1900,-0.6300,0.1400
2026-07-03,14:33:24,4550215
,0.0063,-0.0190,-0.9555,1.2600,-0.5600,0.1400
2026-07-03,14:33:24,4550315,0.0068,-0.0210,-0.9550,1.1900,-0.4900,0.2100
2026-07-03,14:33:24,4550415,0.0068,-0.0200,-0.9545,1.2600,-0.5600,0.1400
2026-07-03,14:33:25,4550515,0.0073,-0.0200,-0.956
5,1.2600,-0.4900,0.1400
2026-07-03,14:33:25,4550615,0.0059,-0.0224,-0.9555,1.1900,-0.5600,0.1400
2026-07-03,14:33:25,4550715,0.0039,-0.0200,-0.9555,1.1900,-0.5600,0.1400
2026-07-03,14:33:25,4550815,0.0073,-0.0195,-0.9545,1.1900,-0.4900,0.210
0
2026-07-03,14:33:25,4550915,0.0039,-0.0220,-0.9560,1.2600,-0.6300,0.0700
2026-07-03,14:33:25,4551015,0.0049,-0.0195,-0.9560,1.2600,-0.5600,0.2100
2026-07-03,14:33:25,4551115,0.0044,-0.0200,-0.9555,1.1900,-0.4900,0.1400
2026-07-03,14:33:25
,4551215,0.0063,-0.0195,-0.9526,1.1900,-0.6300,0.2800
2026-07-03,14:33:25,4551315,0.0059,-0.0210,-0.9540,1.1900,-0.4900,0.1400
2026-07-03,14:33:25,4551415,0.0054,-0.0205,-0.9560,1.2600,-0.7000,0.1400
2026-07-03,14:33:26,4551515,0.0063,-0.019
0,-0.9579,1.1900,-0.6300,0.2100
2026-07-03,14:33:26,4551615,0.0049,-0.0200,-0.9560,1.1200,-0.6300,0.1400
2026-07-03,14:33:26,4551715,0.0059,-0.0215,-0.9545,1.1900,-0.7000,0.2100
2026-07-03,14:33:26,4551815,0.0044,-0.0185,-0.9555,1.1200,-0.56
00,0.1400
2026-07-03,14:33:26,4551915,0.0083,-0.0181,-0.9560,1.2600,-0.7000,0.1400
2026-07-03,14:33:26,4552015,0.0093,-0.0200,-0.9550,1.2600,-0.4900,0.1400
2026-07-03,14:33:26,4552115,0.0049,-0.0190,-0.9550,1.1200,-0.6300,0.1400
2026-07-03,
14:33:26,4552215,0.0063,-0.0195,-0.9565,1.2600,-0.4200,0.2100
2026-07-03,14:33:26,4552315,0.0068,-0.0200,-0.9589,1.3300,-0.4900,0.2100
2026-07-03,14:33:26,4552415,0.0054,-0.0205,-0.9570,1.2600,-0.4900,0.1400
2026-07-03,14:33:27,4552515,0.003
9,-0.0205,-0.9550,1.2600,-0.5600,0.2100
2026-07-03,14:33:27,4552615,0.0020,-0.0195,-0.9506,1.1200,-0.6300,0.2100
2026-07-03,14:33:27,4552715,0.0044,-0.0210,-0.9545,1.2600,-0.5600,0.1400
2026-07-03,14:33:27,4552815,0.0024,-0.0181,-0.9560,1.19
00,-0.6300,0.1400
2026-07-03,14:33:27,4552915,0.0063,-0.0215,-0.9560,1.1900,-0.6300,0.1400
2026-07-03,14:33:27,4553015,0.0029,-0.0215,-0.9565,1.2600,-0.5600,0.1400
2026-07-03,14:33:27,4553115,0.0049,-0.0229,-0.9536,1.1900,-0.5600,0.2100
202
6-07-03,14:33:27,4553215,0.0083,-0.0195,-0.9545,1.2600,-0.7000,0.2100
2026-07-03,14:33:27,4553315,0.0044,-0.0200,-0.9540,1.1900,-0.4900,0.1400
2026-07-03,14:33:27,4553420,0.0054,-0.0190,-0.9560,1.1900,-0.4900,0.2800
2026-07-03,14:33:28,45535
15,0.0044,-0.0200,-0.9550,1.1900,-0.6300,0.1400
2026-07-03,14:33:28,4553615,0.0059,-0.0229,-0.9565,1.1900,-0.4900,0.1400
2026-07-03,14:33:28,4553715,0.0054,-0.0171,-0.9555,1.2600,-0.5600,0.2100
2026-07-03,14:33:28,4553815,0.0068,-0.0220,-0.9
579,1.3300,-0.5600,0.1400
2026-07-03,14:33:28,4553915,0.0034,-0.0220,-0.9560,1.1900,-0.7000,0.1400
2026-07-03,14:33:28,4554015,0.0029,-0.0190,-0.9560,1.2600,-0.5600,0.1400
2026-07-03,14:33:28,4554120,0.0044,-0.0205,-0.9550,1.2600,-0.4200,0.1
400
2026-07-03,14:33:28,4554215,0.0054,-0.0195,-0.9565,1.2600,-0.6300,0.1400
2026-07-03,14:33:28,4554315,0.0054,-0.0210,-0.9555,1.1900,-0.6300,0.1400
2026-07-03,14:33:28,4554415,0.0059,-0.0210,-0.9555,1.2600,-0.6300,0.0700
2026-07-03,14:33:
29,4554515,0.0059,-0.0185,-0.9555,1.2600,-0.5600,0.1400
2026-07-03,14:33:29,4554615,0.0049,-0.0210,-0.9560,1.2600,-0.7000,0.1400
2026-07-03,14:33:29,4554715,0.0059,-0.0210,-0.9555,1.3300,-0.6300,0.1400
2026-07-03,14:33:29,4554820,0.0024,-0.0
200,-0.9540,1.2600,-0.4200,0.1400
2026-07-03,14:33:29,4554915,0.0063,-0.0200,-0.9555,1.1900,-0.4900,0.2100
2026-07-03,14:33:29,4555015,0.0039,-0.0205,-0.9540,1.2600,-0.4900,0.0700
2026-07-03,14:33:29,4555120,0.0049,-0.0220,-0.9560,1.1900,-0.
4900,0.1400
2026-07-03,14:33:29,4555215,0.0049,-0.0190,-0.9560,1.3300,-0.7000,0.1400
2026-07-03,14:33:29,4555315,0.0068,-0.0224,-0.9540,1.2600,-0.6300,0.2100
2026-07-03,14:33:29,4555415,0.0049,-0.0200,-0.9570,1.2600,-0.4200,0.1400
2026-07-0
3,14:33:30,4555520,0.0049,-0.0210,-0.9560,1.2600,-0.7000,0.1400
2026-07-03,14:33:30,4555615,0.0054,-0.0200,-0.9531,1.1900,-0.6300,0.1400
2026-07-03,14:33:30,4555715,0.0063,-0.0215,-0.9550,1.2600,-0.5600,0.0700
2026-07-03,14:33:30,4555815,0.0
078,-0.0195,-0.9555,1.2600,-0.5600,0.0700
2026-07-03,14:33:30,4555915,0.0073,-0.0210,-0.9560,1.1900,-0.5600,0.2100
2026-07-03,14:33:30,4556015,0.0049,-0.0205,-0.9560,1.1900,-0.4900,0.1400
2026-07-03,14:33:30,4556115,0.0068,-0.0200,-0.9555,1.
1900,-0.5600,0.2100
2026-07-03,14:33:30,4556215,0.0034,-0.0200,-0.9540,1.2600,-0.6300,0.2100
2026-07-03,14:33:30,4556315,0.0054,-0.0210,-0.9575,1.2600,-0.6300,0.0700
2026-07-03,14:33:30,4556415,0.0088,-0.0210,-0.9579,1.2600,-0.4900,0.1400
2
026-07-03,14:33:31,4556515,0.0068,-0.0220,-0.9555,1.2600,-0.4200,0.1400
2026-07-03,14:33:31,4556615,0.0029,-0.0215,-0.9555,1.2600,-0.6300,0.2100
2026-07-03,14:33:31,4556715,0.0039,-0.0210,-0.9560,1.1900,-0.4900,0.1400
2026-07-03,14:33:31,455
6815,0.0039,-0.0215,-0.9579,1.2600,-0.5600,0.2100
2026-07-03,14:33:31,4556915,0.0029,-0.0205,-0.9570,1.1900,-0.5600,0.1400
2026-07-03,14:33:31,4557015,0.0034,-0.0210,-0.9565,1.2600,-0.4900,0.0700
2026-07-03,14:33:31,4557115,0.0078,-0.0210,-0
.9570,1.2600,-0.4900,0.2100
2026-07-03,14:33:31,4557215,0.0073,-0.0176,-0.9550,1.2600,-0.5600,0.1400
2026-07-03,14:33:31,4557315,0.0073,-0.0166,-0.9555,1.1900,-0.5600,0.1400
2026-07-03,14:33:31,4557415,0.0093,-0.0200,-0.9550,1.1900,-0.5600,0
.1400
2026-07-03,14:33:32,4557515,0.0039,-0.0200,-0.9526,1.1200,-0.5600,0.1400
2026-07-03,14:33:32,4557615,0.0015,-0.0220,-0.9575,1.2600,-0.5600,0.1400
2026-07-03,14:33:32,4557715,0.0024,-0.0220,-0.9555,1.2600,-0.5600,0.2100
2026-07-03,14:3
3:32,4557815,0.0068,-0.0215,-0.9570,1.2600,-0.5600,0.2100
2026-07-03,14:33:32,4557915,0.0034,-0.0220,-0.9560,1.2600,-0.5600,0.2100
2026-07-03,14:33:32,4558015,0.0059,-0.0190,-0.9555,1.2600,-0.4900,0.1400
2026-07-03,14:33:32,4558115,0.0049,-0
.0190,-0.9550,1.1900,-0.5600,0.2100
2026-07-03,14:33:32,4558215,0.0054,-0.0205,-0.9536,1.2600,-0.4200,0.2800
2026-07-03,14:33:32,4558315,0.0068,-0.0205,-0.9565,1.2600,-0.6300,0.2100
2026-07-03,14:33:32,4558415,0.0068,-0.0215,-0.9570,1.2600,-
0.5600,0.2800
2026-07-03,14:33:33,4558515,0.0034,-0.0229,-0.9555,1.2600,-0.5600,0.1400
2026-07-03,14:33:33,4558615,0.0044,-0.0224,-0.9565,1.1900,-0.5600,0.2100
2026-07-03,14:33:33,4558715,0.0049,-0.0220,-0.9545,1.2600,-0.6300,0.1400
2026-07
-03,14:33:33,4558815,0.0049,-0.0190,-0.9560,1.3300,-0.6300,0.1400
2026-07-03,14:33:33,4558915,0.0054,-0.0220,-0.9550,1.1900,-0.7000,0.0700
2026-07-03,14:33:33,4559015,0.0034,-0.0215,-0.9575,1.1900,-0.6300,0.1400
2026-07-03,14:33:33,4559115,0
.0044,-0.0220,-0.9565,1.2600,-0.5600,0.2100
2026-07-03,14:33:33,4559215,0.0073,-0.0210,-0.9540,1.1900,-0.4200,0.2100
2026-07-03,14:33:33,4559315,0.0059,-0.0200,-0.9555,1.1900,-0.4900,0.0700
2026-07-03,14:33:33,4559415,0.0034,-0.0190,-0.9550,
1.2600,-0.5600,0.2100
2026-07-03,14:33:34,4559515,0.0034,-0.0195,-0.9536,1.2600,-0.4900,0.0700
2026-07-03,14:33:34,4559615,0.0039,-0.0205,-0.9555,1.1900,-0.4900,0.1400
2026-07-03,14:33:34,4559715,0.0054,-0.0205,-0.9560,1.2600,-0.5600,0.2100
2026-07-03,14:33:34,4559815,0.0054,-0.0205,-0.9536,1.1900,-0.5600,0.2100
2026-07-03,14:33:34,4559915,0.0024,-0.0210,-0.9565,1.1900,-0.4900,0.1400
2026-07-03,14:33:34,4560015,0.0044,-0.0215,-0.9565,1.2600,-0.5600,0.0700
2026-07-03,14:33:34,4
560119,0.0054,-0.0210,-0.9565,1.1900,-0.4200,0.2100
2026-07-03,14:33:34,4560215,0.0068,-0.0200,-0.9570,1.2600,-0.5600,0.1400
2026-07-03,14:33:34,4560315,0.0059,-0.0185,-0.9545,1.2600,-0.4900,0.2100
2026-07-03,14:33:34,4560415,0.0039,-0.0205,
-0.9575,1.1900,-0.4900,0.2800
2026-07-03,14:33:35,4560515,0.0073,-0.0190,-0.9545,1.2600,-0.5600,0.2100
2026-07-03,14:33:35,4560615,0.0044,-0.0200,-0.9555,1.2600,-0.6300,0.1400
2026-07-03,14:33:35,4560715,0.0044,-0.0195,-0.9584,1.1900,-0.4900
,0.2100
2026-07-03,14:33:35,4560815,0.0039,-0.0190,-0.9531,1.1900,-0.5600,0.1400
2026-07-03,14:33:35,4560915,0.0063,-0.0215,-0.9560,1.1900,-0.5600,0.1400
2026-07-03,14:33:35,4561015,0.0078,-0.0181,-0.9545,1.3300,-0.4900,0.0000
2026-07-03,14
:33:35,4561115,0.0034,-0.0195,-0.9545,1.1900,-0.6300,0.1400
2026-07-03,14:33:35,4561215,0.0063,-0.0210,-0.9550,1.1900,-0.6300,0.0700
2026-07-03,14:33:35,4561315,0.0093,-0.0185,-0.9565,1.2600,-0.4900,0.2100
2026-07-03,14:33:35,4561415,0.0044,
-0.0185,-0.9555,1.1900,-0.6300,0.0700
2026-07-03,14:33:36,4561515,0.0059,-0.0190,-0.9521,1.2600,-0.5600,0.2100
2026-07-03,14:33:36,4561615,0.0054,-0.0215,-0.9560,1.2600,-0.4900,0.2100
2026-07-03,14:33:36,4561715,0.0039,-0.0200,-0.9560,1.2600
,-0.4900,0.0700
2026-07-03,14:33:36,4561815,0.0044,-0.0229,-0.9570,1.3300,-0.6300,0.0700
2026-07-03,14:33:36,4561915,0.0039,-0.0234,-0.9555,1.1900,-0.5600,0.2100
2026-07-03,14:33:36,4562015,0.0063,-0.0190,-0.9545,1.2600,-0.5600,0.0700
2026-
07-03,14:33:36,4562115,0.0059,-0.0210,-0.9565,1.2600,-0.5600,0.2100
2026-07-03,14:33:36,4562215,0.0034,-0.0200,-0.9560,1.1900,-0.4900,0.2100
2026-07-03,14:33:36,4562315,0.0049,-0.0190,-0.9570,1.2600,-0.6300,0.1400
2026-07-03,14:33:36,4562420
,0.0039,-0.0210,-0.9550,1.1900,-0.5600,0.2100
2026-07-03,14:33:37,4562515,0.0068,-0.0210,-0.9560,1.1900,-0.4900,0.1400
2026-07-03,14:33:37,4562615,0.0078,-0.0200,-0.9555,1.1900,-0.6300,0.1400
2026-07-03,14:33:37,4562715,0.0039,-0.0195,-0.955
5,1.2600,-0.4900,0.1400
2026-07-03,14:33:37,4562815,0.0059,-0.0195,-0.9550,1.1900,-0.7000,0.2100
2026-07-03,14:33:37,4562915,0.0073,-0.0205,-0.9555,1.1900,-0.6300,0.2100
2026-07-03,14:33:37,4563015,0.0063,-0.0190,-0.9531,1.2600,-0.5600,0.140
0
2026-07-03,14:33:37,4563120,0.0044,-0.0200,-0.9540,1.1900,-0.5600,0.1400
2026-07-03,14:33:37,4563215,0.0044,-0.0205,-0.9540,1.2600,-0.6300,0.1400
2026-07-03,14:33:37,4563315,0.0049,-0.0195,-0.9555,1.2600,-0.5600,0.0700
2026-07-03,14:33:37
,4563415,0.0029,-0.0220,-0.9545,1.2600,-0.5600,0.0700
2026-07-03,14:33:38,4563515,0.0029,-0.0200,-0.9545,1.1900,-0.5600,0.2100
2026-07-03,14:33:38,4563615,0.0044,-0.0234,-0.9550,1.2600,-0.5600,0.1400
2026-07-03,14:33:38,4563715,0.0088,-0.018
5,-0.9555,1.2600,-0.5600,0.0700
2026-07-03,14:33:38,4563820,0.0049,-0.0190,-0.9540,1.1900,-0.5600,0.1400
2026-07-03,14:33:38,4563915,0.0049,-0.0200,-0.9575,1.1900,-0.5600,0.1400
2026-07-03,14:33:38,4564015,0.0039,-0.0210,-0.9555,1.1900,-0.63
00,0.0700
2026-07-03,14:33:38,4564115,0.0034,-0.0200,-0.9550,1.1900,-0.7700,0.0700
2026-07-03,14:33:38,4564215,0.0059,-0.0195,-0.9550,1.2600,-0.6300,0.2100
2026-07-03,14:33:38,4564315,0.0073,-0.0200,-0.9550,1.1900,-0.4900,0.1400
2026-07-03,
14:33:38,4564415,0.0044,-0.0220,-0.9575,1.1900,-0.6300,0.0700
2026-07-03,14:33:39,4564515,0.0034,-0.0195,-0.9536,1.3300,-0.6300,0.0700
2026-07-03,14:33:39,4564615,0.0068,-0.0220,-0.9536,1.1900,-0.6300,0.0700
2026-07-03,14:33:39,4564715,0.005
4,-0.0210,-0.9560,1.2600,-0.5600,0.2100
2026-07-03,14:33:39,4564815,0.0054,-0.0210,-0.9550,1.3300,-0.4900,0.1400
2026-07-03,14:33:39,4564915,0.0054,-0.0220,-0.9555,1.1900,-0.5600,0.1400
2026-07-03,14:33:39,4565015,0.0059,-0.0215,-0.9560,1.26
00,-0.6300,0.2100
2026-07-03,14:33:39,4565119,0.0059,-0.0181,-0.9540,1.2600,-0.4900,0.1400
2026-07-03,14:33:39,4565215,0.0029,-0.0195,-0.9550,1.2600,-0.4900,0.1400
2026-07-03,14:33:39,4565315,0.0054,-0.0195,-0.9555,1.1900,-0.4900,0.2100
202
6-07-03,14:33:39,4565415,0.0054,-0.0205,-0.9545,1.2600,-0.6300,0.1400
2026-07-03,14:33:40,4565515,0.0073,-0.0205,-0.9536,1.2600,-0.6300,0.2100
2026-07-03,14:33:40,4565615,0.0063,-0.0205,-0.9570,1.2600,-0.5600,0.2100
2026-07-03,14:33:40,45657
15,0.0029,-0.0215,-0.9560,1.2600,-0.4900,0.2100
2026-07-03,14:33:40,4565815,0.0049,-0.0181,-0.9540,1.1900,-0.5600,0.2100
2026-07-03,14:33:40,4565915,0.0054,-0.0215,-0.9555,1.1900,-0.5600,0.1400
2026-07-03,14:33:40,4566015,0.0029,-0.0215,-0.9
555,1.1900,-0.4200,0.1400
2026-07-03,14:33:40,4566115,0.0034,-0.0234,-0.9570,1.2600,-0.5600,0.2100
2026-07-03,14:33:40,4566215,0.0059,-0.0224,-0.9555,1.2600,-0.4900,0.1400
2026-07-03,14:33:40,4566315,0.0054,-0.0229,-0.9545,1.2600,-0.4900,0.2
100
2026-07-03,14:33:40,4566415,0.0024,-0.0200,-0.9560,1.1900,-0.5600,0.1400
2026-07-03,14:33:41,4566515,0.0054,-0.0215,-0.9550,1.2600,-0.4900,0.2800
2026-07-03,14:33:41,4566615,0.0063,-0.0195,-0.9550,1.2600,-0.4900,0.1400
2026-07-03,14:33:
41,4566715,0.0068,-0.0220,-0.9545,1.2600,-0.4900,0.2100
2026-07-03,14:33:41,4566815,0.0039,-0.0215,-0.9570,1.3300,-0.5600,0.2100
2026-07-03,14:33:41,4566915,0.0044,-0.0210,-0.9550,1.1900,-0.7000,0.1400
2026-07-03,14:33:41,4567015,0.0049,-0.0
195,-0.9565,1.1900,-0.6300,0.0700
2026-07-03,14:33:41,4567115,0.0049,-0.0220,-0.9545,1.1900,-0.7000,0.0700
2026-07-03,14:33:41,4567215,0.0054,-0.0205,-0.9550,1.2600,-0.4200,0.2100
2026-07-03,14:33:41,4567315,0.0068,-0.0229,-0.9560,1.1900,-0.
4900,0.1400
2026-07-03,14:33:41,4567415,0.0059,-0.0215,-0.9555,1.2600,-0.6300,0.2100
2026-07-03,14:33:42,4567515,0.0063,-0.0220,-0.9555,1.2600,-0.6300,0.1400
2026-07-03,14:33:42,4567615,0.0068,-0.0215,-0.9550,1.1900,-0.6300,0.1400
2026-07-0
3,14:33:42,4567715,0.0073,-0.0205,-0.9545,1.3300,-0.5600,0.1400
2026-07-03,14:33:42,4567815,0.0068,-0.0200,-0.9545,1.1900,-0.5600,0.2800
2026-07-03,14:33:42,4567915,0.0024,-0.0234,-0.9575,1.2600,-0.6300,0.1400
2026-07-03,14:33:42,4568015,0.0
049,-0.0210,-0.9536,1.2600,-0.4900,0.1400
2026-07-03,14:33:42,4568115,0.0049,-0.0215,-0.9550,1.1900,-0.7000,0.1400
2026-07-03,14:33:42,4568215,0.0059,-0.0166,-0.9526,1.2600,-0.4900,0.1400
2026-07-03,14:33:42,4568315,0.0063,-0.0200,-0.9589,1.
1900,-0.4200,0.1400
2026-07-03,14:33:42,4568415,0.0059,-0.0176,-0.9492,1.2600,-0.4200,0.1400
2026-07-03,14:33:43,4568515,0.0059,-0.0220,-0.9575,1.1900,-0.6300,0.1400
2026-07-03,14:33:43,4568615,0.0068,-0.0210,-0.9540,1.1900,-0.5600,0.1400
2
026-07-03,14:33:43,4568715,0.0068,-0.0190,-0.9545,1.1900,-0.5600,0.1400
2026-07-03,14:33:43,4568815,0.0049,-0.0200,-0.9560,1.2600,-0.5600,0.2100
2026-07-03,14:33:43,4568915,0.0068,-0.0210,-0.9496,1.1900,-0.6300,0.2100
2026-07-03,14:33:43,456
9015,0.0073,-0.0215,-0.9545,1.2600,-0.7000,0.1400
2026-07-03,14:33:43,4569115,0.0063,-0.0195,-0.9560,1.1900,-0.4900,0.2100
2026-07-03,14:33:43,4569215,0.0039,-0.0215,-0.9565,1.2600,-0.6300,0.0700
2026-07-03,14:33:43,4569315,0.0068,-0.0210,-0
.9550,1.1900,-0.4900,0.1400
2026-07-03,14:33:43,4569415,0.0044,-0.0205,-0.9570,1.1900,-0.6300,0.1400
2026-07-03,14:33:44,4569515,0.0034,-0.0224,-0.9570,1.1900,-0.4900,0.2100
2026-07-03,14:33:44,4569615,0.0044,-0.0229,-0.9589,1.2600,-0.8400,0
.1400
2026-07-03,14:33:44,4569715,0.0044,-0.0185,-0.9531,1.2600,-0.6300,0.1400
2026-07-03,14:33:44,4569815,0.0054,-0.0205,-0.9501,1.1900,-0.4900,0.1400
2026-07-03,14:33:44,4569915,0.0049,-0.0220,-0.9550,1.2600,-0.6300,0.1400
2026-07-03,14:3
3:44,4570015,0.0078,-0.0205,-0.9550,1.2600,-0.5600,0.2100
2026-07-03,14:33:44,4570119,0.0044,-0.0205,-0.9560,1.2600,-0.6300,0.0700
2026-07-03,14:33:44,4570215,0.0029,-0.0205,-0.9545,1.1200,-0.5600,0.1400
2026-07-03,14:33:44,4570315,0.0059,-0
.0190,-0.9521,1.2600,-0.5600,0.2100
2026-07-03,14:33:44,4570415,0.0083,-0.0205,-0.9565,1.3300,-0.5600,0.1400
2026-07-03,14:33:45,4570515,0.0063,-0.0220,-0.9584,1.1200,-0.6300,0.1400
2026-07-03,14:33:45,4570615,0.0049,-0.0205,-0.9540,1.2600,-
0.6300,0.1400
2026-07-03,14:33:45,4570720,0.0054,-0.0210,-0.9609,1.1900,-0.4900,0.0700
2026-07-03,14:33:45,4570815,0.0054,-0.0224,-0.9604,1.1900,-0.4900,0.2100
2026-07-03,14:33:45,4570915,0.0034,-0.0205,-0.9570,1.2600,-0.4900,0.0700
2026-07
-03,14:33:45,4571015,0.0005,-0.0234,-0.9565,1.2600,-0.6300,0.1400
2026-07-03,14:33:45,4571115,0.0063,-0.0215,-0.9555,1.1200,-0.6300,0.1400
2026-07-03,14:33:45,4571215,0.0059,-0.0190,-0.9545,1.2600,-0.5600,0.2100
2026-07-03,14:33:45,4571315,0
.0088,-0.0195,-0.9560,1.3300,-0.7000,0.1400
2026-07-03,14:33:45,4571419,0.0039,-0.0200,-0.9555,1.1900,-0.4900,0.1400
2026-07-03,14:33:46,4571515,0.0054,-0.0210,-0.9555,1.2600,-0.5600,0.1400
2026-07-03,14:33:46,4571615,0.0044,-0.0205,-0.9545,
1.2600,-0.4900,0.1400
2026-07-03,14:33:46,4571715,0.0044,-0.0200,-0.9550,1.1900,-0.6300,0.1400
2026-07-03,14:33:46,4571815,0.0059,-0.0244,-0.9550,1.1900,-0.7000,0.1400
2026-07-03,14:33:46,4571915,0.0068,-0.0190,-0.9540,1.1900,-0.4900,0.1400
2026-07-03,14:33:46,4572015,0.0068,-0.0224,-0.9550,1.2600,-0.5600,0.1400
2026-07-03,14:33:46,4572120,0.0054,-0.0195,-0.9550,1.2600,-0.5600,0.0700
2026-07-03,14:33:46,4572215,0.0073,-0.0190,-0.9555,1.1900,-0.4200,0.2100
2026-07-03,14:33:46,4
572315,0.0068,-0.0220,-0.9531,1.2600,-0.6300,0.2100
2026-07-03,14:33:46,4572415,0.0078,-0.0205,-0.9555,1.2600,-0.7000,0.1400
2026-07-03,14:33:47,4572515,0.0059,-0.0229,-0.9565,1.1900,-0.6300,0.1400
2026-07-03,14:33:47,4572615,0.0044,-0.0210,
-0.9570,1.2600,-0.6300,0.1400
2026-07-03,14:33:47,4572715,0.0054,-0.0200,-0.9575,1.2600,-0.4900,0.0700
2026-07-03,14:33:47,4572815,0.0044,-0.0200,-0.9536,1.2600,-0.7000,0.0000
2026-07-03,14:33:47,4572915,0.0068,-0.0156,-0.9496,1.1900,-0.6300
,0.2100
2026-07-03,14:33:47,4573015,0.0078,-0.0210,-0.9550,1.1900,-0.6300,0.0700
2026-07-03,14:33:47,4573115,0.0049,-0.0220,-0.9584,1.2600,-0.6300,0.2100
2026-07-03,14:33:47,4573215,0.0044,-0.0229,-0.9555,1.2600,-0.4900,0.1400
2026-07-03,14
:33:47,4573315,0.0034,-0.0171,-0.9496,1.3300,-0.5600,0.2100
2026-07-03,14:33:47,4573415,0.0054,-0.0176,-0.9550,1.2600,-0.4900,0.1400
2026-07-03,14:33:48,4573515,0.0063,-0.0200,-0.9560,1.1900,-0.4200,0.2100
2026-07-03,14:33:48,4573615,0.0073,
-0.0215,-0.9565,1.2600,-0.6300,0.1400
2026-07-03,14:33:48,4573715,0.0044,-0.0190,-0.9555,1.2600,-0.4900,0.2100
2026-07-03,14:33:48,4573815,0.0039,-0.0185,-0.9570,1.1900,-0.7000,0.2100
2026-07-03,14:33:48,4573915,0.0063,-0.0220,-0.9565,1.1200
,-0.5600,0.1400
2026-07-03,14:33:48,4574015,0.0063,-0.0220,-0.9540,1.1900,-0.6300,0.1400
2026-07-03,14:33:48,4574115,0.0059,-0.0190,-0.9565,1.1200,-0.4900,0.1400
2026-07-03,14:33:48,4574215,0.0068,-0.0185,-0.9565,1.1200,-0.6300,0.2100
2026-
07-03,14:33:48,4574315,-0.0015,-0.0224,-0.9550,1.1900,-0.5600,0.1400
2026-07-03,14:33:48,4574415,0.0015,-0.0229,-0.9511,1.3300,-0.4200,0.1400
2026-07-03,14:33:49,4574515,0.0093,-0.0224,-0.9575,1.1900,-0.4900,0.1400
2026-07-03,14:33:49,457461
5,0.0073,-0.0210,-0.9536,1.2600,-0.6300,0.1400
2026-07-03,14:33:49,4574715,0.0044,-0.0166,-0.9526,1.1200,-0.6300,0.2100
2026-07-03,14:33:49,4574815,0.0034,-0.0205,-0.9789,1.1200,-0.4200,0.2100
2026-07-03,14:33:49,4574915,0.0073,-0.0176,-0.96
38,1.2600,-0.5600,0.2100
2026-07-03,14:33:49,4575015,0.0137,-0.0195,-0.9570,1.1900,-0.6300,0.0700
2026-07-03,14:33:49,4575119,0.0059,-0.0229,-0.9579,1.1200,-0.6300,0.1400
2026-07-03,14:33:49,4575215,0.0083,-0.0181,-0.9638,1.1200,-0.5600,0.21
00
2026-07-03,14:33:49,4575315,0.0117,-0.0185,-0.9638,1.2600,-0.5600,0.2100
2026-07-03,14:33:49,4575415,0.0156,-0.0146,-0.9545,1.3300,-0.6300,0.2100
2026-07-03,14:33:50,4575515,0.0098,-0.0200,-0.9575,1.1900,-0.6300,0.1400
2026-07-03,14:33:5
0,4575615,0.0059,-0.0234,-0.9584,1.2600,-0.9100,0.1400
2026-07-03,14:33:50,4575715,0.0034,-0.0220,-0.9565,1.2600,-0.8400,0.1400
2026-07-03,14:33:50,4575815,-0.0181,-0.0195,-0.9414,1.3300,-0.4900,0.2100
2026-07-03,14:33:50,4575915,0.0039,-0.0
259,-0.9609,1.2600,-0.4200,0.1400
2026-07-03,14:33:50,4576015,0.0107,-0.0176,-0.9565,1.2600,-0.4900,0.1400
2026-07-03,14:33:50,4576115,-0.0278,0.0337,-0.9116,1.7500,-0.5600,0.4200
2026-07-03,14:33:50,4576215,0.0176,-0.0395,-0.9653,1.3300,-0.
6300,0.2800
2026-07-03,14:33:50,4576315,0.0112,-0.0239,-0.9594,1.1200,-0.6300,0.0000
2026-07-03,14:33:50,4576415,-0.0024,-0.0200,-0.9570,1.1900,-0.5600,0.1400
2026-07-03,14:33:51,4576515,0.0063,-0.0229,-0.9540,1.2600,-0.5600,0.2100
2026-07-
03,14:33:51,4576615,0.0088,-0.0200,-0.9565,1.3300,-0.4200,0.1400
2026-07-03,14:33:51,4576715,0.0049,-0.0210,-0.9609,1.3300,-0.7000,0.1400
2026-07-03,14:33:51,4576815,0.0059,-0.0210,-0.9531,0.9100,-0.9100,0.1400
2026-07-03,14:33:51,4576915,0.
0029,-0.0205,-0.9531,1.1900,-0.7000,0.2100
2026-07-03,14:33:51,4577015,0.0044,-0.0195,-0.9560,1.2600,-0.7700,0.0700
2026-07-03,14:33:51,4577115,0.0059,-0.0181,-0.9584,1.3300,-0.5600,0.1400
2026-07-03,14:33:51,4577215,0.0029,-0.0210,-0.9545,1
.2600,-0.4900,0.1400
2026-07-03,14:33:51,4577315,0.0024,-0.0039,-0.9999,1.3300,-0.5600,0.1400
2026-07-03,14:33:51,4577415,-0.0034,-0.0293,-0.9809,1.3300,-0.6300,0.2100
2026-07-03,14:33:52,4577515,0.0024,-0.0229,-0.9545,1.3300,-0.5600,0.1400
2026-07-03,14:33:52,4577615,0.0054,-0.0210,-0.9545,1.2600,-0.4900,0.1400
2026-07-03,14:33:52,4577715,0.0059,-0.0210,-0.9560,1.2600,-0.4900,0.2100
2026-07-03,14:33:52,4577815,0.0083,-0.0185,-0.9550,1.1900,-0.4200,0.1400
2026-07-03,14:33:52,4
577915,0.0059,-0.0185,-0.9633,1.2600,-0.4900,0.1400
2026-07-03,14:33:52,4578015,0.0044,-0.0151,-0.9516,1.2600,-0.7000,0.2100
2026-07-03,14:33:52,4578115,0.0039,-0.0220,-0.9536,1.1900,-0.5600,0.1400
2026-07-03,14:33:52,4578215,0.0034,-0.0112,
-0.9584,1.3300,-0.5600,0.1400
2026-07-03,14:33:52,4578315,0.0049,-0.0215,-0.9570,1.1200,-0.6300,0.1400
2026-07-03,14:33:52,4578415,0.0029,-0.0195,-0.9536,1.1900,-0.4900,0.1400
2026-07-03,14:33:53,4578515,0.0015,-0.0220,-0.9540,1.2600,-0.7000
,0.0700
2026-07-03,14:33:53,4578615,0.0015,-0.0205,-0.9570,1.2600,-0.7000,0.0700
2026-07-03,14:33:53,4578715,0.0068,-0.0185,-0.9565,1.2600,-0.4900,0.1400
2026-07-03,14:33:53,4578815,0.0015,-0.0137,-0.9677,1.1900,-0.4200,0.1400
2026-07-03,14
:33:53,4578915,0.0098,-0.0229,-0.9672,1.3300,-0.4200,0.2100
2026-07-03,14:33:53,4579022,0.0063,-0.0171,-0.9536,1.2600,-0.5600,0.2100
2026-07-03,14:33:53,4579115,0.0049,-0.0205,-0.9550,1.1900,-0.5600,0.1400
2026-07-03,14:33:53,4579215,0.0029,
-0.0190,-0.9570,1.2600,-0.6300,0.0700
2026-07-03,14:33:53,4579315,0.0039,-0.0210,-0.9545,1.1900,-0.6300,0.1400
2026-07-03,14:33:53,4579415,0.0039,-0.0215,-0.9579,1.2600,-0.4900,0.2100
2026-07-03,14:33:54,4579515,0.0049,-0.0210,-0.9545,1.1900
,-0.5600,0.1400
2026-07-03,14:33:54,4579615,0.0059,-0.0210,-0.9575,1.1900,-0.5600,0.1400
2026-07-03,14:33:54,4579720,0.0049,-0.0205,-0.9555,1.1900,-0.6300,0.1400
2026-07-03,14:33:54,4579815,0.0049,-0.0205,-0.9584,1.2600,-0.5600,0.1400
2026-
07-03,14:33:54,4579915,0.0059,-0.0195,-0.9560,1.1900,-0.6300,0.1400
2026-07-03,14:33:54,4580015,0.0044,-0.0224,-0.9540,1.2600,-0.4900,0.2100
2026-07-03,14:33:54,4580119,0.0029,-0.0195,-0.9536,1.3300,-0.5600,0.0700
2026-07-03,14:33:54,4580215
,0.0083,-0.0176,-0.9531,1.1900,-0.7000,0.0000
2026-07-03,14:33:54,4580315,0.0107,-0.0171,-0.9536,1.1900,-0.5600,0.1400
2026-07-03,14:33:54,4580419,0.0083,-0.0185,-0.9570,1.1900,-0.5600,0.2100
2026-07-03,14:33:55,4580515,0.0054,-0.0200,-0.956
5,1.2600,-0.5600,0.2100
2026-07-03,14:33:55,4580615,0.0054,-0.0205,-0.9550,1.3300,-0.4900,0.1400
2026-07-03,14:33:55,4580715,0.0063,-0.0181,-0.9560,1.1200,-0.5600,0.1400
2026-07-03,14:33:55,4580815,0.0088,-0.0220,-0.9609,1.1900,-0.5600,0.070
0
2026-07-03,14:33:55,4580915,0.0059,-0.0205,-0.9579,1.2600,-0.7000,0.1400
2026-07-03,14:33:55,4581015,0.0039,-0.0093,-0.9496,1.1900,-0.7700,0.1400
2026-07-03,14:33:55,4581115,0.0059,-0.0205,-0.9594,1.1900,-0.5600,0.1400
2026-07-03,14:33:55
,4581215,0.0049,-0.0200,-0.9540,1.1900,-0.6300,0.2100
2026-07-03,14:33:55,4581315,0.0049,-0.0224,-0.9565,1.1900,-0.5600,0.1400
2026-07-03,14:33:55,4581415,0.0063,-0.0200,-0.9555,1.2600,-0.6300,0.1400
2026-07-03,14:33:56,4581515,0.0039,-0.020
5,-0.9550,1.3300,-0.6300,0.1400
2026-07-03,14:33:56,4581615,0.0059,-0.0200,-0.9565,1.1200,-0.6300,0.2100
2026-07-03,14:33:56,4581715,0.0029,-0.0220,-0.9555,1.2600,-0.4900,0.1400
2026-07-03,14:33:56,4581815,0.0029,-0.0185,-0.9570,1.2600,-0.77
00,0.2100
2026-07-03,14:33:56,4581915,0.0034,-0.0176,-0.9565,1.1200,-0.7700,0.0700
2026-07-03,14:33:56,4582015,0.0088,-0.0224,-0.9570,1.1200,-0.7700,0.1400
2026-07-03,14:33:56,4582115,0.0039,-0.0195,-0.9526,1.1900,-0.7700,0.0700
2026-07-03,
14:33:56,4582215,0.0049,-0.0298,-0.9887,1.5400,-0.7000,0.2100
2026-07-03,14:33:56,4582315,0.0000,-0.0078,-0.9267,1.1900,-0.7700,0.2800
2026-07-03,14:33:56,4582415,0.0112,-0.0298,-0.9618,1.3300,-0.4200,0.1400
2026-07-03,14:33:57,4582515,0.006
8,-0.0185,-0.9550,1.1900,-0.4900,0.1400
2026-07-03,14:33:57,4582615,0.0049,-0.0171,-0.9521,1.1900,-0.4900,0.2100
2026-07-03,14:33:57,4582715,0.0059,-0.0215,-0.9550,1.2600,-0.5600,0.1400
2026-07-03,14:33:57,4582815,0.0054,-0.0205,-0.9536,1.26
00,-0.4200,0.2100
2026-07-03,14:33:57,4582915,0.0059,-0.0215,-0.9560,1.1900,-0.5600,0.1400
2026-07-03,14:33:57,4583015,0.0044,-0.0185,-0.9545,1.2600,-0.4200,0.2100
2026-07-03,14:33:57,4583115,0.0054,-0.0234,-0.9540,1.2600,-0.5600,0.1400
202
6-07-03,14:33:57,4583215,0.0078,-0.0200,-0.9555,1.3300,-0.5600,0.1400
2026-07-03,14:33:57,4583315,0.0039,-0.0190,-0.9545,1.1900,-0.5600,0.1400
2026-07-03,14:33:57,4583415,0.0054,-0.0220,-0.9526,1.1900,-0.4900,0.2100
2026-07-03,14:33:58,45835
15,0.0073,-0.0210,-0.9531,1.2600,-0.6300,0.0700
2026-07-03,14:33:58,4583615,0.0034,-0.0195,-0.9550,1.2600,-0.5600,0.1400
2026-07-03,14:33:58,4583715,0.0044,-0.0205,-0.9550,1.1900,-0.5600,0.1400
2026-07-03,14:33:58,4583815,0.0039,-0.0195,-0.9
550,1.1900,-0.5600,0.2100
2026-07-03,14:33:58,4583915,0.0054,-0.0205,-0.9536,1.1900,-0.4200,0.2100
2026-07-03,14:33:58,4584015,0.0044,-0.0200,-0.9545,1.2600,-0.5600,0.1400
2026-07-03,14:33:58,4584115,0.0039,-0.0210,-0.9575,1.1900,-0.5600,0.0
700
2026-07-03,14:33:58,4584215,0.0059,-0.0176,-0.9555,1.1900,-0.5600,0.1400
2026-07-03,14:33:58,4584315,0.0054,-0.0190,-0.9565,1.1900,-0.5600,0.2100
2026-07-03,14:33:58,4584415,0.0073,-0.0224,-0.9550,1.1900,-0.6300,0.1400
2026-07-03,14:33:
59,4584515,0.0034,-0.0171,-0.9579,1.2600,-0.6300,0.1400
2026-07-03,14:33:59,4584615,0.0063,-0.0190,-0.9550,1.2600,-0.7000,0.2100
2026-07-03,14:33:59,4584715,0.0068,-0.0190,-0.9550,1.2600,-0.4200,0.1400
2026-07-03,14:33:59,4584815,0.0063,-0.0
215,-0.9594,1.2600,-0.6300,0.2100
2026-07-03,14:33:59,4584915,0.0049,-0.0176,-0.9560,1.1900,-0.6300,0.1400
2026-07-03,14:33:59,4585015,0.0063,-0.0190,-0.9575,1.2600,-0.5600,0.1400
2026-07-03,14:33:59,4585119,0.0024,-0.0185,-0.9550,1.1900,-0.
5600,0.1400
2026-07-03,14:33:59,4585215,0.0039,-0.0205,-0.9555,1.1900,-0.5600,0.1400
2026-07-03,14:33:59,4585315,0.0059,-0.0210,-0.9575,1.2600,-0.4200,0.1400
2026-07-03,14:33:59,4585415,0.0029,-0.0181,-0.9540,1.2600,-0.4900,0.0700
2026-07-0
3,14:34:00,4585515,0.0049,-0.0185,-0.9570,1.2600,-0.5600,0.0700
2026-07-03,14:34:00,4585615,0.0044,-0.0229,-0.9565,1.2600,-0.7000,0.1400
2026-07-03,14:34:00,4585715,0.0059,-0.0185,-0.9536,1.2600,-0.5600,0.2800
2026-07-03,14:34:00,4585815,0.0
039,-0.0215,-0.9560,1.1900,-0.6300,0.1400
2026-07-03,14:34:00,4585915,0.0044,-0.0239,-0.9565,1.1900,-0.5600,0.1400
2026-07-03,14:34:00,4586015,0.0054,-0.0181,-0.9536,1.2600,-0.6300,0.2100
2026-07-03,14:34:00,4586115,0.0020,-0.0229,-0.9560,1.
2600,-0.5600,0.0700
2026-07-03,14:34:00,4586215,0.0054,-0.0210,-0.9545,1.2600,-0.5600,0.2100
2026-07-03,14:34:00,4586315,0.0034,-0.0200,-0.9536,1.2600,-0.5600,0.2100
2026-07-03,14:34:00,4586415,0.0068,-0.0210,-0.9540,1.1200,-0.6300,0.1400
2
026-07-03,14:34:01,4586515,0.0059,-0.0220,-0.9550,1.2600,-0.5600,0.2100
2026-07-03,14:34:01,4586615,0.0049,-0.0229,-0.9555,1.3300,-0.6300,0.1400
2026-07-03,14:34:01,4586715,0.0083,-0.0210,-0.9540,1.2600,-0.7000,0.2100
2026-07-03,14:34:01,458
6815,0.0078,-0.0229,-0.9555,1.2600,-0.4900,0.2100
2026-07-03,14:34:01,4586915,0.0063,-0.0234,-0.9584,1.2600,-0.5600,0.0700
2026-07-03,14:34:01,4587015,0.0059,-0.0195,-0.9555,1.2600,-0.5600,0.2100
2026-07-03,14:34:01,4587115,0.0054,-0.0190,-0
.9565,1.2600,-0.6300,0.2100
2026-07-03,14:34:01,4587215,0.0049,-0.0195,-0.9521,1.1900,-0.5600,0.1400
2026-07-03,14:34:01,4587320,0.0054,-0.0215,-0.9560,1.1900,-0.5600,0.2100
2026-07-03,14:34:01,4587415,0.0054,-0.0220,-0.9570,1.2600,-0.4900,0
.0700
2026-07-03,14:34:02,4587515,0.0015,-0.0195,-0.9550,1.2600,-0.6300,0.1400
2026-07-03,14:34:02,4587615,0.0039,-0.0224,-0.9540,1.1200,-0.5600,0.2100
2026-07-03,14:34:02,4587715,0.0063,-0.0220,-0.9565,1.1900,-0.4900,0.2100
2026-07-03,14:3
4:02,4587815,0.0054,-0.0181,-0.9570,1.2600,-0.5600,0.1400
2026-07-03,14:34:02,4587915,0.0044,-0.0205,-0.9540,1.2600,-0.4900,0.1400
2026-07-03,14:34:02,4588020,0.0039,-0.0190,-0.9540,1.2600,-0.5600,0.2100
2026-07-03,14:34:02,4588115,0.0049,-0
.0215,-0.9565,1.1900,-0.4900,0.2800
2026-07-03,14:34:02,4588215,0.0034,-0.0205,-0.9555,1.1900,-0.4900,0.2100
2026-07-03,14:34:02,4588315,0.0073,-0.0210,-0.9555,1.2600,-0.5600,0.2100
2026-07-03,14:34:02,4588415,0.0063,-0.0220,-0.9565,1.1900,-
0.6300,0.1400
2026-07-03,14:34:03,4588515,0.0044,-0.0205,-0.9570,1.2600,-0.5600,0.1400
2026-07-03,14:34:03,4588615,0.0029,-0.0190,-0.9555,1.2600,-0.5600,0.1400
2026-07-03,14:34:03,4588720,0.0059,-0.0220,-0.9570,1.1200,-0.5600,0.2100
2026-07
-03,14:34:03,4588815,0.0059,-0.0205,-0.9584,1.1900,-0.4200,0.1400
2026-07-03,14:34:03,4588915,0.0044,-0.0171,-0.9565,1.3300,-0.6300,0.1400
2026-07-03,14:34:03,4589015,0.0073,-0.0181,-0.9570,1.3300,-0.6300,0.0700
2026-07-03,14:34:03,4589115,0
.0034,-0.0195,-0.9540,1.1900,-0.5600,0.1400
2026-07-03,14:34:03,4589215,0.0039,-0.0210,-0.9545,1.2600,-0.5600,0.2100
2026-07-03,14:34:03,4589315,0.0054,-0.0229,-0.9545,1.2600,-0.5600,0.2100
2026-07-03,14:34:03,4589415,0.0063,-0.0195,-0.9545,
1.2600,-0.4200,0.2100
2026-07-03,14:34:04,4589515,0.0068,-0.0205,-0.9545,1.1900,-0.6300,0.1400
2026-07-03,14:34:04,4589615,0.0068,-0.0215,-0.9570,1.1900,-0.5600,0.1400
2026-07-03,14:34:04,4589715,0.0034,-0.0195,-0.9594,1.2600,-0.7700,0.2100
2026-07-03,14:34:04,4589815,0.0063,-0.0195,-0.9536,1.2600,-0.4900,0.1400
2026-07-03,14:34:04,4589915,0.0073,-0.0215,-0.9545,1.1900,-0.4900,0.1400
2026-07-03,14:34:04,4590015,0.0039,-0.0220,-0.9545,1.2600,-0.5600,0.2100
2026-07-03,14:34:04,4
590119,0.0068,-0.0229,-0.9570,1.2600,-0.3500,0.1400
2026-07-03,14:34:04,4590215,0.0063,-0.0195,-0.9540,1.1900,-0.5600,0.1400
2026-07-03,14:34:04,4590315,0.0029,-0.0176,-0.9531,1.1900,-0.5600,0.2100
2026-07-03,14:34:04,4590415,0.0044,-0.0190,
-0.9594,1.1900,-0.4900,0.2100
2026-07-03,14:34:05,4590515,0.0059,-0.0220,-0.9521,1.1900,-0.4900,0.1400
2026-07-03,14:34:05,4590615,0.0044,-0.0190,-0.9550,1.2600,-0.5600,0.2100
2026-07-03,14:34:05,4590715,0.0054,-0.0200,-0.9575,1.1200,-0.5600
,0.1400
2026-07-03,14:34:05,4590815,0.0054,-0.0190,-0.9589,1.3300,-0.4900,0.1400
2026-07-03,14:34:05,4590915,0.0044,-0.0195,-0.9545,1.1900,-0.6300,0.1400
2026-07-03,14:34:05,4591015,0.0063,-0.0249,-0.9540,1.0500,-0.6300,0.2100
2026-07-03,14
:34:05,4591115,0.0054,-0.0224,-0.9579,1.1900,-0.6300,0.0700
2026-07-03,14:34:05,4591215,0.0078,-0.0244,-0.9570,1.2600,-0.7000,0.1400
2026-07-03,14:34:05,4591315,0.0024,-0.0190,-0.9579,1.2600,-0.4200,0.1400
2026-07-03,14:34:05,4591415,0.0063,
-0.0195,-0.9560,1.2600,-0.5600,0.2100
2026-07-03,14:34:06,4591515,0.0049,-0.0176,-0.9594,1.3300,-0.5600,0.2100
2026-07-03,14:34:06,4591615,0.0039,-0.0195,-0.9531,1.3300,-0.5600,0.1400
2026-07-03,14:34:06,4591715,0.0044,-0.0229,-0.9570,1.2600
,-0.5600,0.1400
2026-07-03,14:34:06,4591815,0.0039,-0.0190,-0.9545,1.2600,-0.5600,0.1400
2026-07-03,14:34:06,4591915,0.0024,-0.0229,-0.9579,1.2600,-0.4900,0.2100
2026-07-03,14:34:06,4592015,0.0029,-0.0171,-0.9506,1.2600,-0.4200,0.2800
2026-
07-03,14:34:06,4592115,0.0049,-0.0190,-0.9570,1.1900,-0.6300,0.1400
2026-07-03,14:34:06,4592215,0.0044,-0.0200,-0.9555,1.1200,-0.5600,0.0700
2026-07-03,14:34:06,4592315,0.0054,-0.0205,-0.9531,1.2600,-0.6300,0.1400
2026-07-03,14:34:06,4592415
,0.0083,-0.0200,-0.9565,1.2600,-0.6300,0.2100
2026-07-03,14:34:07,4592515,0.0054,-0.0195,-0.9516,1.1900,-0.6300,0.1400
2026-07-03,14:34:07,4592615,0.0068,-0.0171,-0.9536,1.1900,-0.5600,0.1400
2026-07-03,14:34:07,4592715,0.0063,-0.0220,-0.954
0,1.1900,-0.5600,0.1400
2026-07-03,14:34:07,4592815,0.0044,-0.0200,-0.9531,1.2600,-0.4900,0.1400
2026-07-03,14:34:07,4592915,0.0054,-0.0259,-0.9555,1.1900,-0.4900,0.1400
2026-07-03,14:34:07,4593015,0.0063,-0.0215,-0.9521,1.1200,-0.4200,0.070
0
2026-07-03,14:34:07,4593115,0.0034,-0.0229,-0.9565,1.2600,-0.6300,0.1400
2026-07-03,14:34:07,4593215,0.0020,-0.0205,-0.9570,1.1900,-0.6300,0.0700
2026-07-03,14:34:07,4593315,0.0063,-0.0190,-0.9540,1.1900,-0.6300,0.1400
2026-07-03,14:34:07
,4593415,0.0054,-0.0229,-0.9555,1.2600,-0.6300,0.2800
2026-07-03,14:34:08,4593515,0.0078,-0.0190,-0.9540,1.1900,-0.5600,0.1400
2026-07-03,14:34:08,4593615,0.0073,-0.0171,-0.9565,1.3300,-0.4900,0.2800
2026-07-03,14:34:08,4593715,0.0039,-0.021
5,-0.9575,1.2600,-0.6300,0.2100
2026-07-03,14:34:08,4593815,0.0054,-0.0205,-0.9565,1.3300,-0.6300,0.1400
2026-07-03,14:34:08,4593915,0.0034,-0.0210,-0.9570,1.1900,-0.7000,0.1400
2026-07-03,14:34:08,4594015,0.0049,-0.0205,-0.9555,1.1900,-0.70
00,0.0700
2026-07-03,14:34:08,4594115,0.0068,-0.0195,-0.9555,1.2600,-0.6300,0.2100
2026-07-03,14:34:08,4594215,0.0083,-0.0176,-0.9560,1.1900,-0.5600,0.0700
2026-07-03,14:34:08,4594315,0.0059,-0.0205,-0.9550,1.2600,-0.6300,0.1400
2026-07-03,
14:34:08,4594415,0.0059,-0.0195,-0.9555,1.2600,-0.5600,0.2100
2026-07-03,14:34:09,4594515,0.0024,-0.0190,-0.9540,1.1900,-0.6300,0.1400
2026-07-03,14:34:09,4594615,0.0015,-0.0220,-0.9565,1.2600,-0.5600,0.1400
2026-07-03,14:34:09,4594715,0.004
4,-0.0200,-0.9531,1.1900,-0.5600,0.1400
2026-07-03,14:34:09,4594815,0.0073,-0.0185,-0.9536,1.1900,-0.5600,0.1400
2026-07-03,14:34:09,4594915,0.0073,-0.0210,-0.9545,1.1900,-0.5600,0.1400
2026-07-03,14:34:09,4595015,0.0068,-0.0176,-0.9565,1.19
00,-0.4900,0.2100
2026-07-03,14:34:09,4595119,0.0044,-0.0210,-0.9540,1.2600,-0.5600,0.1400
2026-07-03,14:34:09,4595215,0.0054,-0.0200,-0.9536,1.2600,-0.5600,0.1400
2026-07-03,14:34:09,4595315,0.0068,-0.0215,-0.9540,1.1900,-0.5600,0.1400
202
6-07-03,14:34:09,4595415,0.0059,-0.0205,-0.9584,1.2600,-0.5600,0.2100
2026-07-03,14:34:10,4595515,0.0054,-0.0220,-0.9550,1.1900,-0.5600,0.2100
2026-07-03,14:34:10,4595620,0.0029,-0.0229,-0.9555,1.2600,-0.6300,0.2100
2026-07-03,14:34:10,45957
15,0.0034,-0.0205,-0.9565,1.1900,-0.5600,0.1400
2026-07-03,14:34:10,4595815,0.0034,-0.0200,-0.9570,1.1900,-0.4900,0.1400
2026-07-03,14:34:10,4595915,0.0044,-0.0181,-0.9545,1.1900,-0.4900,0.1400
2026-07-03,14:34:10,4596015,0.0059,-0.0205,-0.9
540,1.1900,-0.6300,0.1400
2026-07-03,14:34:10,4596115,0.0044,-0.0195,-0.9545,1.1900,-0.5600,0.1400
2026-07-03,14:34:10,4596215,0.0049,-0.0200,-0.9575,1.2600,-0.4900,0.2100
2026-07-03,14:34:10,4596320,0.0068,-0.0220,-0.9540,1.2600,-0.5600,0.1
400
2026-07-03,14:34:10,4596415,0.0078,-0.0205,-0.9545,1.1900,-0.7000,0.0700
2026-07-03,14:34:11,4596515,0.0054,-0.0210,-0.9560,1.1900,-0.6300,0.1400
2026-07-03,14:34:11,4596615,0.0044,-0.0176,-0.9516,1.1900,-0.4900,0.2100
2026-07-03,14:34:
11,4596715,0.0049,-0.0215,-0.9560,1.3300,-0.4900,0.1400
2026-07-03,14:34:11,4596815,0.0068,-0.0185,-0.9565,1.1200,-0.4200,0.2100
2026-07-03,14:34:11,4596915,0.0039,-0.0200,-0.9570,1.3300,-0.5600,0.2100
2026-07-03,14:34:11,4597020,0.0049,-0.0
205,-0.9560,1.1900,-0.4900,0.2100
2026-07-03,14:34:11,4597115,0.0059,-0.0195,-0.9531,1.1900,-0.4900,0.2100
2026-07-03,14:34:11,4597215,0.0044,-0.0195,-0.9550,1.1200,-0.6300,0.1400
2026-07-03,14:34:11,4597315,0.0039,-0.0195,-0.9570,1.1900,-0.
4200,0.1400
2026-07-03,14:34:11,4597415,0.0039,-0.0205,-0.9565,1.2600,-0.5600,0.2100
2026-07-03,14:34:12,4597515,0.0054,-0.0210,-0.9526,1.1900,-0.4900,0.1400
2026-07-03,14:34:12,4597615,0.0063,-0.0195,-0.9536,1.2600,-0.5600,0.1400
2026-07-0
3,14:34:12,4597722,0.0059,-0.0195,-0.9545,1.2600,-0.5600,0.1400
2026-07-03,14:34:12,4597815,0.0078,-0.0200,-0.9545,1.1900,-0.4900,0.2100
2026-07-03,14:34:12,4597915,0.0039,-0.0200,-0.9555,1.2600,-0.6300,0.2100
2026-07-03,14:34:12,4598015,0.0
054,-0.0200,-0.9550,1.1900,-0.7000,0.1400
2026-07-03,14:34:12,4598115,0.0068,-0.0181,-0.9570,1.2600,-0.4900,0.1400
2026-07-03,14:34:12,4598215,0.0054,-0.0205,-0.9555,1.2600,-0.6300,0.1400
2026-07-03,14:34:12,4598315,0.0039,-0.0229,-0.9570,1.
1900,-0.8400,0.1400
2026-07-03,14:34:12,4598415,0.0039,-0.0229,-0.9555,1.2600,-0.5600,0.1400
2026-07-03,14:34:13,4598515,0.0044,-0.0195,-0.9570,1.1900,-0.4900,0.0700
2026-07-03,14:34:13,4598615,0.0049,-0.0176,-0.9545,1.1900,-0.5600,0.2100
2
026-07-03,14:34:13,4598715,0.0083,-0.0185,-0.9565,1.2600,-0.5600,0.2100
2026-07-03,14:34:13,4598815,0.0063,-0.0210,-0.9545,1.1900,-0.6300,0.2100
2026-07-03,14:34:13,4598915,0.0049,-0.0195,-0.9536,1.1900,-0.6300,0.2100
2026-07-03,14:34:13,459
9015,0.0068,-0.0185,-0.9565,1.1900,-0.5600,0.1400
2026-07-03,14:34:13,4599115,0.0054,-0.0200,-0.9555,1.2600,-0.4900,0.1400
2026-07-03,14:34:13,4599215,0.0068,-0.0224,-0.9540,1.2600,-0.5600,0.1400
2026-07-03,14:34:13,4599315,0.0049,-0.0224,-0
.9560,1.1900,-0.5600,0.1400
2026-07-03,14:34:13,4599415,0.0044,-0.0195,-0.9545,1.2600,-0.5600,0.1400
2026-07-03,14:34:14,4599515,0.0063,-0.0210,-0.9540,1.1900,-0.6300,0.1400
2026-07-03,14:34:14,4599615,0.0039,-0.0176,-0.9545,1.1900,-0.5600,0
.2100
2026-07-03,14:34:14,4599715,0.0059,-0.0195,-0.9545,1.1900,-0.4900,0.1400
2026-07-03,14:34:14,4599815,0.0059,-0.0205,-0.9555,1.1900,-0.5600,0.1400
2026-07-03,14:34:14,4599915,0.0054,-0.0215,-0.9536,1.1900,-0.4900,0.2100
2026-07-03,14:3
4:14,4600015,0.0049,-0.0195,-0.9545,1.2600,-0.5600,0.1400
2026-07-03,14:34:14,4600119,0.0044,-0.0215,-0.9536,1.2600,-0.5600,0.0700
2026-07-03,14:34:14,4600215,0.0049,-0.0176,-0.9545,1.1900,-0.5600,0.1400
2026-07-03,14:34:14,4600315,0.0054,-0
.0205,-0.9550,1.2600,-0.4900,0.1400
2026-07-03,14:34:14,4600415,0.0059,-0.0185,-0.9545,1.2600,-0.5600,0.2100
2026-07-03,14:34:15,4600515,0.0049,-0.0215,-0.9560,1.1200,-0.6300,0.1400
2026-07-03,14:34:15,4600615,0.0029,-0.0200,-0.9540,1.3300,-
0.6300,0.2100
2026-07-03,14:34:15,4600715,0.0049,-0.0215,-0.9584,1.1900,-0.6300,0.2100
2026-07-03,14:34:15,4600815,0.0044,-0.0215,-0.9560,1.1900,-0.5600,0.2100
2026-07-03,14:34:15,4600915,0.0054,-0.0205,-0.9560,1.1900,-0.6300,0.1400
2026-07
-03,14:34:15,4601015,0.0059,-0.0181,-0.9536,1.1900,-0.5600,0.1400
2026-07-03,14:34:15,4601115,0.0063,-0.0229,-0.9555,1.1900,-0.6300,0.2100
2026-07-03,14:34:15,4601215,0.0029,-0.0224,-0.9575,1.1900,-0.4900,0.1400
2026-07-03,14:34:15,4601315,0
.0059,-0.0195,-0.9487,1.2600,-0.4200,0.2800
2026-07-03,14:34:15,4601415,0.0083,-0.0244,-0.9604,1.2600,-0.5600,0.1400
2026-07-03,14:34:16,4601515,0.0063,-0.0210,-0.9565,1.2600,-0.5600,0.1400
2026-07-03,14:34:16,4601615,0.0049,-0.0215,-0.9550,
1.1900,-0.5600,0.1400
2026-07-03,14:34:16,4601715,0.0054,-0.0244,-0.9575,1.1900,-0.6300,0.1400
2026-07-03,14:34:16,4601815,0.0039,-0.0205,-0.9560,1.2600,-0.5600,0.2100
2026-07-03,14:34:16,4601915,0.0044,-0.0205,-0.9560,1.2600,-0.7000,0.1400
2026-07-03,14:34:16,4602015,0.0073,-0.0215,-0.9555,1.2600,-0.4200,0.2800
2026-07-03,14:34:16,4602115,0.0098,-0.0181,-0.9540,1.1200,-0.4200,0.2100
2026-07-03,14:34:16,4602215,0.0073,-0.0181,-0.9545,1.2600,-0.5600,0.1400
2026-07-03,14:34:16,4
602315,0.0054,-0.0205,-0.9570,1.1900,-0.6300,0.2800
2026-07-03,14:34:16,4602415,0.0044,-0.0210,-0.9575,1.2600,-0.4900,0.1400
2026-07-03,14:34:17,4602515,0.0054,-0.0185,-0.9550,1.1900,-0.6300,0.2100
2026-07-03,14:34:17,4602615,0.0059,-0.0205,
-0.9570,1.2600,-0.4200,0.2100
2026-07-03,14:34:17,4602715,0.0054,-0.0205,-0.9565,1.1200,-0.5600,0.1400
2026-07-03,14:34:17,4602815,0.0063,-0.0171,-0.9536,1.1900,-0.4900,0.2100
2026-07-03,14:34:17,4602915,0.0078,-0.0190,-0.9560,1.3300,-0.6300
,0.1400
2026-07-03,14:34:17,4603015,0.0049,-0.0220,-0.9550,1.3300,-0.4900,0.2100
2026-07-03,14:34:17,4603115,0.0044,-0.0185,-0.9560,1.1900,-0.6300,0.2100
2026-07-03,14:34:17,4603215,0.0044,-0.0185,-0.9521,1.0500,-0.9800,0.1400
2026-07-03,14
:34:17,4603315,0.0073,-0.0234,-0.9555,1.2600,-0.5600,0.1400
2026-07-03,14:34:17,4603415,0.0029,-0.0176,-0.9545,1.2600,-0.5600,0.1400
2026-07-03,14:34:18,4603515,0.0049,-0.0200,-0.9623,1.1900,-0.4900,0.1400
2026-07-03,14:34:18,4603615,0.0054,
-0.0137,-0.9472,1.3300,-0.3500,0.1400
2026-07-03,14:34:18,4603715,0.0122,-0.0278,-0.9633,1.2600,-0.4900,0.1400
2026-07-03,14:34:18,4603815,-0.0054,-0.0073,-0.9521,1.1900,-0.5600,0.2800
2026-07-03,14:34:18,4603919,0.0010,-0.0249,-0.9614,1.260
0,-0.6300,0.2100
2026-07-03,14:34:18,4604015,0.0020,-0.0054,-0.9584,1.1200,-0.4900,0.1400
2026-07-03,14:34:18,4604115,0.0034,-0.0224,-0.9565,1.4000,-0.5600,0.2100
2026-07-03,14:34:18,4604215,0.0049,-0.0224,-0.9536,1.1900,-0.7000,0.2100
2026
-07-03,14:34:18,4604315,0.0039,-0.0200,-0.9540,1.2600,-0.5600,0.1400
2026-07-03,14:34:18,4604415,0.0068,-0.0195,-0.9579,1.3300,-0.3500,0.1400
2026-07-03,14:34:19,4604515,0.0068,-0.0239,-0.9560,1.1900,-0.6300,0.0700
2026-07-03,14:34:19,460462
0,0.0005,-0.0171,-0.9526,1.3300,-0.4900,0.2100
2026-07-03,14:34:19,4604715,0.0034,-0.0254,-0.9584,1.1200,-0.7000,0.2100
2026-07-03,14:34:19,4604815,0.0024,-0.0195,-0.9506,1.1900,-0.5600,0.1400
2026-07-03,14:34:19,4604915,0.0107,-0.0205,-0.95
70,1.1900,-0.4900,0.1400
2026-07-03,14:34:19,4605015,0.0078,-0.0176,-0.9501,1.2600,-0.7000,0.2100
2026-07-03,14:34:19,4605119,0.0132,-0.0205,-0.9540,1.2600,-0.5600,0.1400
2026-07-03,14:34:19,4605215,0.0054,-0.0205,-0.9550,1.1900,-0.5600,0.14
00
2026-07-03,14:34:19,4605320,0.0063,-0.0190,-0.9492,1.2600,-0.3500,0.1400
2026-07-03,14:34:19,4605415,0.0005,-0.0239,-0.9560,1.3300,-0.4200,0.1400
2026-07-03,14:34:20,4605515,0.0044,-0.0205,-0.9545,1.1200,-0.5600,0.1400
2026-07-03,14:34:2
0,4605615,0.0034,-0.0181,-0.9570,1.2600,-0.6300,0.1400
2026-07-03,14:34:20,4605715,0.0034,-0.0176,-0.9482,1.2600,-0.4200,0.0700
2026-07-03,14:34:20,4605815,0.0054,-0.0229,-0.9560,1.1900,-0.5600,0.2100
2026-07-03,14:34:20,4605915,0.0005,-0.01
90,-0.9692,1.4700,-0.4900,0.2100
2026-07-03,14:34:20,4606020,0.0054,-0.0215,-0.9662,1.2600,-0.6300,0.1400
2026-07-03,14:34:20,4606115,0.0132,-0.0156,-0.9579,1.2600,-0.4900,0.0700
2026-07-03,14:34:20,4606215,0.0044,-0.0239,-0.9579,1.2600,-0.4
900,0.1400
2026-07-03,14:34:20,4606315,0.0010,-0.0200,-0.9643,1.2600,-0.5600,0.1400
2026-07-03,14:34:20,4606415,0.0005,-0.0185,-0.9589,1.1900,-0.6300,0.1400
2026-07-03,14:34:21,4606515,0.0029,-0.0205,-0.9477,1.2600,-0.4200,0.1400
2026-07-03
,14:34:21,4606615,0.0068,-0.0229,-0.9540,1.1900,-0.6300,0.1400
2026-07-03,14:34:21,4606715,0.0117,-0.0229,-0.9467,1.1200,-0.6300,0.1400
2026-07-03,14:34:21,4606815,0.0034,-0.0190,-0.9672,1.4000,-0.7000,0.1400
2026-07-03,14:34:21,4606915,0.00
44,-0.0244,-0.9516,1.1900,-0.8400,0.2100
2026-07-03,14:34:21,4607015,0.0049,-0.0205,-0.9487,1.2600,-0.3500,0.2100
2026-07-03,14:34:21,4607115,-0.0010,-0.0132,-0.9760,1.1200,-0.4900,0.2800
2026-07-03,14:34:21,4607215,0.0024,-0.0195,-0.9584,1.
1200,-0.7000,0.2100
2026-07-03,14:34:21,4607315,0.0112,-0.0181,-0.9531,1.3300,-0.6300,0.1400
2026-07-03,14:34:21,4607415,0.0137,-0.0161,-0.9545,1.2600,-0.6300,0.2100
2026-07-03,14:34:22,4607515,0.0073,-0.0146,-0.9540,1.2600,-0.6300,0.2100
2
026-07-03,14:34:22,4607615,0.0088,-0.0205,-0.9516,1.1900,-0.4900,0.0700
2026-07-03,14:34:22,4607715,0.0059,-0.0190,-0.9565,1.2600,-0.5600,0.0700
2026-07-03,14:34:22,4607815,0.0068,-0.0205,-0.9575,1.2600,-0.4900,0.2800
2026-07-03,14:34:22,460
7915,0.0098,-0.0190,-0.9555,1.1900,-0.7000,0.1400
2026-07-03,14:34:22,4608015,0.0078,-0.0181,-0.9560,1.2600,-0.5600,0.1400
2026-07-03,14:34:22,4608115,0.0068,-0.0224,-0.9584,1.2600,-0.7000,0.2100
2026-07-03,14:34:22,4608215,0.0078,-0.0195,-0
.9496,1.1900,-0.7000,0.1400
2026-07-03,14:34:22,4608315,0.0107,-0.0210,-0.9511,1.2600,-0.4900,0.2100
2026-07-03,14:34:22,4608415,0.0083,-0.0195,-0.9438,1.1200,-0.4200,0.2100
2026-07-03,14:34:23,4608515,0.0078,-0.0200,-0.9565,1.3300,-0.4900,0
.1400
2026-07-03,14:34:23,4608615,0.0039,-0.0215,-0.9545,1.1900,-0.6300,0.1400
2026-07-03,14:34:23,4608715,0.0039,-0.0215,-0.9536,1.2600,-0.7000,0.2100
2026-07-03,14:34:23,4608815,0.0044,-0.0283,-0.9516,1.2600,-0.4900,0.2100
2026-07-03,14:3
4:23,4608915,-0.0005,-0.0151,-0.9492,1.3300,-0.3500,0.2100
2026-07-03,14:34:23,4609015,0.0049,-0.0239,-0.9555,1.2600,-0.6300,0.2100
2026-07-03,14:34:23,4609115,0.0029,-0.0171,-0.9550,1.3300,-0.5600,0.0700
2026-07-03,14:34:23,4609215,0.0044,-
0.0185,-0.9501,1.2600,-0.4900,0.1400
2026-07-03,14:34:23,4609315,0.0073,-0.0200,-0.9536,1.3300,-0.7000,0.1400
2026-07-03,14:34:23,4609415,0.0034,-0.0200,-0.9555,1.2600,-0.6300,0.0700
2026-07-03,14:34:24,4609515,0.0034,-0.0254,-0.9589,1.1900,
-0.5600,0.0700
2026-07-03,14:34:24,4609615,0.0063,-0.0215,-0.9575,1.2600,-0.4900,0.1400
2026-07-03,14:34:24,4609715,0.0039,-0.0210,-0.9521,1.0500,-0.7000,0.2100
2026-07-03,14:34:24,4609815,0.0039,-0.0224,-0.9721,1.1900,-0.7000,0.2100
2026-0
7-03,14:34:24,4609915,0.0044,-0.0220,-0.9560,1.0500,-1.0500,0.1400
2026-07-03,14:34:24,4610015,0.0073,-0.0185,-0.9545,1.1900,-0.7000,0.1400
2026-07-03,14:34:24,4610119,0.0059,-0.0205,-0.9589,1.2600,-0.6300,0.0700
2026-07-03,14:34:24,4610215,
0.0049,-0.0161,-0.9501,1.2600,-0.5600,0.1400
2026-07-03,14:34:24,4610315,-0.0112,-0.0098,-0.9106,1.8200,0.7700,0.2800
2026-07-03,14:34:24,4610415,0.0107,-0.0312,-1.0024,1.5400,-17.9200,0.2100
2026-07-03,14:34:25,4610515,0.0068,-0.0166,-0.956
5,1.3300,-0.6300,0.1400
2026-07-03,14:34:25,4610615,0.0049,-0.0215,-0.9575,1.2600,-0.4200,0.2100
2026-07-03,14:34:25,4610715,0.0063,-0.0185,-0.9536,1.1900,-0.7000,0.2100
2026-07-03,14:34:25,4610815,0.0039,-0.0171,-0.9540,1.2600,-0.6300,0.140
0
2026-07-03,14:34:25,4610915,0.0039,-0.0215,-0.9560,1.2600,-0.5600,0.1400
2026-07-03,14:34:25,4611015,0.0049,-0.0200,-0.9555,1.1900,-0.6300,0.0000
2026-07-03,14:34:25,4611115,0.0029,-0.0200,-0.9565,1.1900,-0.4200,0.1400
2026-07-03,14:34:25
,4611215,0.0039,-0.0205,-0.9521,1.2600,-0.2800,0.0700
2026-07-03,14:34:25,4611315,0.0063,-0.0195,-0.9555,1.2600,-0.5600,0.1400
2026-07-03,14:34:25,4611415,0.0049,-0.0210,-0.9565,1.2600,-0.6300,0.0700
2026-07-03,14:34:26,4611515,0.0068,-0.019
0,-0.9526,1.2600,-0.5600,0.1400
2026-07-03,14:34:26,4611615,0.0083,-0.0200,-0.9560,1.2600,-0.4200,0.1400
2026-07-03,14:34:26,4611715,0.0068,-0.0181,-0.9560,1.1200,-0.4200,0.1400
2026-07-03,14:34:26,4611815,0.0068,-0.0210,-0.9584,1.2600,-0.49
00,0.2100
2026-07-03,14:34:26,4611915,0.0059,-0.0190,-0.9555,1.3300,-0.5600,0.2100
2026-07-03,14:34:26,4612015,0.0044,-0.0205,-0.9545,1.2600,-0.4200,0.2100
2026-07-03,14:34:26,4612115,0.0059,-0.0220,-0.9565,1.4000,-0.5600,0.1400
2026-07-03,
14:34:26,4612220,0.0054,-0.0195,-0.9560,1.2600,-0.6300,0.1400
2026-07-03,14:34:26,4612315,0.0068,-0.0181,-0.9536,1.2600,-0.5600,0.1400
2026-07-03,14:34:26,4612415,0.0039,-0.0205,-0.9579,1.2600,-0.5600,0.1400
2026-07-03,14:34:27,4612515,0.003
4,-0.0200,-0.9555,1.3300,-0.4900,0.2800
2026-07-03,14:34:27,4612615,0.0034,-0.0215,-0.9531,1.1900,-0.4900,0.0700
2026-07-03,14:34:27,4612715,0.0068,-0.0190,-0.9531,1.1900,-0.4200,0.2800
2026-07-03,14:34:27,4612815,0.0010,-0.0244,-0.9555,1.26
00,-0.4200,0.2100
2026-07-03,14:34:27,4612919,0.0054,-0.0220,-0.9540,1.2600,-0.4200,0.2100
2026-07-03,14:34:27,4613015,0.0020,-0.0259,-0.9579,1.3300,-0.4900,0.2100
2026-07-03,14:34:27,4613115,0.0088,-0.0161,-0.9316,1.4700,-0.4200,0.3500
202
6-07-03,14:34:27,4613215,0.0117,-0.0259,-0.9701,1.1200,-0.7000,0.0700
2026-07-03,14:34:27,4613315,0.0049,-0.0205,-0.9545,1.3300,-0.4900,0.2800
2026-07-03,14:34:27,4613415,0.0005,-0.0268,-0.9521,1.2600,-0.5600,0.1400
2026-07-03,14:34:28,46135
15,0.0039,-0.0224,-0.9614,1.2600,-0.6300,0.1400
2026-07-03,14:34:28,4613620,0.0059,-0.0215,-0.9555,1.2600,-0.7000,0.1400
2026-07-03,14:34:28,4613715,0.0112,-0.0137,-0.9540,1.1200,-0.8400,0.0700
2026-07-03,14:34:28,4613815,0.0010,-0.0493,-0.9
560,1.5400,-0.2100,0.2800
2026-07-03,14:34:28,4613915,0.0073,-0.0259,-0.9540,1.1200,-0.7000,0.2800
2026-07-03,14:34:28,4614015,0.0083,-0.0190,-0.9555,1.1900,-0.5600,0.1400
2026-07-03,14:34:28,4614115,0.0044,-0.0205,-0.9575,1.1900,-0.6300,0.1
400
2026-07-03,14:34:28,4614215,0.0059,-0.0190,-0.9560,1.1900,-0.5600,0.1400
2026-07-03,14:34:28,4614322,0.0068,-0.0195,-0.9570,1.1900,-0.4900,0.2100
2026-07-03,14:34:28,4614415,0.0068,-0.0215,-0.9560,1.2600,-0.5600,0.1400
2026-07-03,14:34:
29,4614515,0.0024,-0.0215,-0.9550,1.2600,-0.7000,0.1400
2026-07-03,14:34:29,4614615,0.0049,-0.0185,-0.9575,1.2600,-0.5600,0.1400
2026-07-03,14:34:29,4614715,0.0039,-0.0220,-0.9555,1.2600,-0.4900,0.1400
2026-07-03,14:34:29,4614815,0.0049,-0.0
200,-0.9540,1.2600,-0.5600,0.1400
2026-07-03,14:34:29,4614915,0.0049,-0.0229,-0.9614,1.1200,-0.8400,0.0700
2026-07-03,14:34:29,4615015,0.0039,-0.0264,-0.9482,0.9800,-1.0500,0.2100
2026-07-03,14:34:29,4615119,0.0010,-0.0146,-0.9584,1.1200,-0.
5600,0.2800
2026-07-03,14:34:29,4615215,0.0078,-0.0185,-0.9584,1.4700,-0.3500,0.2100
2026-07-03,14:34:29,4615315,0.0015,-0.0151,-0.9428,1.2600,-0.5600,0.2100
2026-07-03,14:34:29,4615415,0.0010,-0.0200,-0.9540,1.2600,-0.4900,0.1400
2026-07-0
3,14:34:30,4615515,0.0049,-0.0161,-0.9511,1.2600,-0.4900,0.1400
2026-07-03,14:34:30,4615615,0.0024,-0.0200,-0.9536,1.1900,-0.4900,0.1400
2026-07-03,14:34:30,4615715,0.0049,-0.0195,-0.9545,1.2600,-0.4900,0.1400
2026-07-03,14:34:30,4615815,0.0
073,-0.0190,-0.9570,1.1900,-0.6300,0.1400
2026-07-03,14:34:30,4615915,0.0044,-0.0210,-0.9579,1.2600,-0.4900,0.2100
2026-07-03,14:34:30,4616015,0.0039,-0.0195,-0.9540,1.2600,-0.7700,0.0700
2026-07-03,14:34:30,4616115,0.0034,-0.0200,-0.9560,1.
2600,-0.4900,0.1400
2026-07-03,14:34:30,4616215,0.0073,-0.0229,-0.9575,1.3300,-0.4200,0.2100
2026-07-03,14:34:30,4616315,0.0044,-0.0185,-0.9545,1.1900,-0.4900,0.1400
2026-07-03,14:34:30,4616415,0.0034,-0.0224,-0.9560,1.2600,-0.4200,0.0700
2
026-07-03,14:34:31,4616515,0.0054,-0.0171,-0.9545,1.1900,-0.6300,0.1400
2026-07-03,14:34:31,4616615,0.0054,-0.0215,-0.9560,1.2600,-0.5600,0.1400
2026-07-03,14:34:31,4616715,0.0044,-0.0195,-0.9560,1.2600,-0.4200,0.1400
2026-07-03,14:34:31,461
6815,0.0034,-0.0205,-0.9550,1.2600,-0.4900,0.2100
2026-07-03,14:34:31,4616915,0.0049,-0.0215,-0.9540,1.2600,-0.7000,0.2100
2026-07-03,14:34:31,4617015,0.0063,-0.0195,-0.9531,1.2600,-0.5600,0.2100
2026-07-03,14:34:31,4617115,0.0049,-0.0210,-0
.9560,1.2600,-0.7000,0.2100
2026-07-03,14:34:31,4617215,0.0044,-0.0200,-0.9521,1.1900,-0.6300,0.0700
2026-07-03,14:34:31,4617315,0.0054,-0.0176,-0.9560,1.1900,-0.6300,0.2100
2026-07-03,14:34:31,4617415,0.0010,-0.0171,-0.9506,1.1900,-0.7000,0
.1400
2026-07-03,14:34:32,4617515,0.0005,-0.0195,-0.9526,1.1900,-0.7700,0.1400
2026-07-03,14:34:32,4617615,0.0063,-0.0220,-0.9531,1.1900,-0.5600,0.2100
2026-07-03,14:34:32,4617715,0.0024,-0.0210,-0.9526,1.1900,-0.6300,0.2100
2026-07-03,14:3
4:32,4617815,0.0093,-0.0190,-0.9570,1.2600,-0.2800,0.1400
2026-07-03,14:34:32,4617915,0.0102,-0.0176,-0.9609,1.2600,-0.4200,0.2800
2026-07-03,14:34:32,4618015,0.0054,-0.0166,-0.9545,1.3300,-0.4900,0.1400
2026-07-03,14:34:32,4618115,0.0068,-0
.0220,-0.9545,1.1900,-0.5600,0.0700
2026-07-03,14:34:32,4618215,0.0029,-0.0210,-0.9511,1.2600,-0.4900,0.2100
2026-07-03,14:34:32,4618315,0.0063,-0.0220,-0.9570,1.1900,-0.4900,0.2800
2026-07-03,14:34:32,4618415,0.0049,-0.0200,-0.9550,1.1900,-
0.5600,0.1400
2026-07-03,14:34:33,4618515,0.0049,-0.0205,-0.9570,1.2600,-0.4900,0.2100
2026-07-03,14:34:33,4618615,0.0039,-0.0205,-0.9550,1.2600,-0.5600,0.2100
2026-07-03,14:34:33,4618715,0.0078,-0.0171,-0.9516,1.2600,-0.4900,0.2100
2026-07
-03,14:34:33,4618815,0.0083,-0.0195,-0.9555,1.1900,-0.4900,0.2100
2026-07-03,14:34:33,4618915,0.0044,-0.0210,-0.9555,1.2600,-0.4900,0.2100
2026-07-03,14:34:33,4619015,0.0068,-0.0185,-0.9565,1.1900,-0.5600,0.1400
2026-07-03,14:34:33,4619115,0
.0049,-0.0200,-0.9555,1.1900,-0.4900,0.1400
2026-07-03,14:34:33,4619215,0.0073,-0.0215,-0.9575,1.2600,-0.6300,0.1400
2026-07-03,14:34:33,4619315,0.0034,-0.0220,-0.9584,1.1900,-0.4900,0.1400
2026-07-03,14:34:33,4619415,0.0044,-0.0185,-0.9560,
1.2600,-0.4900,0.1400
2026-07-03,14:34:34,4619515,0.0078,-0.0190,-0.9579,1.1900,-0.5600,0.2100
2026-07-03,14:34:34,4619615,0.0044,-0.0205,-0.9560,1.1900,-0.4900,0.0700
2026-07-03,14:34:34,4619715,0.0034,-0.0200,-0.9555,1.1900,-0.5600,0.1400
2026-07-03,14:34:34,4619815,0.0059,-0.0195,-0.9545,1.2600,-0.5600,0.1400
2026-07-03,14:34:34,4619915,0.0034,-0.0210,-0.9540,1.2600,-0.7000,0.2100
2026-07-03,14:34:34,4620015,0.0049,-0.0195,-0.9560,1.3300,-0.4200,0.2100
2026-07-03,14:34:34,4
620119,0.0020,-0.0220,-0.9565,1.2600,-0.5600,0.2100
2026-07-03,14:34:34,4620215,0.0044,-0.0215,-0.9575,1.2600,-0.4900,0.1400
2026-07-03,14:34:34,4620315,0.0059,-0.0200,-0.9550,1.1900,-0.7000,0.1400
2026-07-03,14:34:34,4620415,0.0044,-0.0220,
-0.9550,1.2600,-0.5600,0.1400
2026-07-03,14:34:35,4620515,0.0059,-0.0185,-0.9579,1.3300,-0.5600,0.2100
2026-07-03,14:34:35,4620615,0.0054,-0.0210,-0.9540,1.1900,-0.5600,0.1400
2026-07-03,14:34:35,4620715,0.0063,-0.0215,-0.9570,1.2600,-0.6300
,0.1400
2026-07-03,14:34:35,4620815,0.0039,-0.0215,-0.9565,1.1900,-0.5600,0.2100
2026-07-03,14:34:35,4620915,0.0083,-0.0176,-0.9545,1.2600,-0.4900,0.1400
2026-07-03,14:34:35,4621015,0.0044,-0.0200,-0.9550,1.1900,-0.4900,0.1400
2026-07-03,14
:34:35,4621115,0.0059,-0.0190,-0.9545,1.2600,-0.6300,0.1400
2026-07-03,14:34:35,4621220,0.0034,-0.0205,-0.9550,1.1900,-0.5600,0.0700
2026-07-03,14:34:35,4621315,0.0068,-0.0205,-0.9570,1.1900,-0.5600,0.1400
2026-07-03,14:34:35,4621415,0.0068,
-0.0200,-0.9536,1.1900,-0.5600,0.1400
2026-07-03,14:34:36,4621515,0.0063,-0.0220,-0.9545,1.1900,-0.4900,0.1400
2026-07-03,14:34:36,4621615,0.0068,-0.0200,-0.9589,1.1900,-0.6300,0.0700
2026-07-03,14:34:36,4621715,0.0029,-0.0185,-0.9555,1.2600
,-0.5600,0.2100
2026-07-03,14:34:36,4621815,0.0063,-0.0185,-0.9565,1.2600,-0.5600,0.1400
2026-07-03,14:34:36,4621919,0.0059,-0.0205,-0.9545,1.2600,-0.5600,0.2800
2026-07-03,14:34:36,4622015,0.0078,-0.0200,-0.9545,1.1900,-0.6300,0.1400
2026-
07-03,14:34:36,4622115,0.0054,-0.0200,-0.9550,1.1900,-0.6300,0.1400
2026-07-03,14:34:36,4622215,0.0044,-0.0220,-0.9570,1.2600,-0.7000,0.2100
2026-07-03,14:34:36,4622315,0.0044,-0.0224,-0.9550,1.1200,-0.6300,0.2100
2026-07-03,14:34:36,4622415
,0.0059,-0.0210,-0.9540,1.2600,-0.5600,0.1400
2026-07-03,14:34:37,4622515,0.0054,-0.0229,-0.9579,1.1200,-0.5600,0.2100
2026-07-03,14:34:37,4622621,0.0049,-0.0220,-0.9531,1.2600,-0.4200,0.1400
2026-07-03,14:34:37,4622715,0.0068,-0.0215,-0.953
1,1.1900,-0.4200,0.1400
2026-07-03,14:34:37,4622815,0.0044,-0.0220,-0.9555,1.1200,-0.5600,0.1400
2026-07-03,14:34:37,4622915,0.0044,-0.0195,-0.9545,1.1900,-0.4900,0.1400
2026-07-03,14:34:37,4623015,0.0063,-0.0200,-0.9560,1.1900,-0.6300,0.210
0
2026-07-03,14:34:37,4623115,0.0073,-0.0200,-0.9560,1.1900,-0.4200,0.1400
2026-07-03,14:34:37,4623215,0.0044,-0.0200,-0.9565,1.1200,-0.5600,0.1400
2026-07-03,14:34:37,4623315,0.0059,-0.0190,-0.9526,1.2600,-0.5600,0.1400
2026-07-03,14:34:37
,4623415,0.0044,-0.0210,-0.9560,1.3300,-0.4900,0.1400
2026-07-03,14:34:38,4623515,0.0054,-0.0195,-0.9555,1.1900,-0.5600,0.1400
2026-07-03,14:34:38,4623615,0.0029,-0.0200,-0.9575,1.1900,-0.5600,0.0700
2026-07-03,14:34:38,4623715,0.0059,-0.019
5,-0.9560,1.1900,-0.4200,0.2100
2026-07-03,14:34:38,4623815,0.0063,-0.0210,-0.9570,1.3300,-0.5600,0.2100
2026-07-03,14:34:38,4623915,0.0034,-0.0215,-0.9555,1.2600,-0.6300,0.1400
2026-07-03,14:34:38,4624015,0.0054,-0.0195,-0.9584,1.1900,-0.56
00,0.1400
2026-07-03,14:34:38,4624115,0.0054,-0.0200,-0.9575,1.3300,-0.6300,0.1400
2026-07-03,14:34:38,4624215,0.0063,-0.0200,-0.9536,1.2600,-0.6300,0.1400
2026-07-03,14:34:38,4624315,0.0059,-0.0200,-0.9531,1.2600,-0.5600,0.1400
2026-07-03,
14:34:38,4624415,0.0034,-0.0200,-0.9565,1.1900,-0.5600,0.2800
2026-07-03,14:34:39,4624515,0.0059,-0.0185,-0.9531,1.3300,-0.5600,0.2100
2026-07-03,14:34:39,4624615,0.0059,-0.0205,-0.9550,1.1900,-0.7000,0.1400
2026-07-03,14:34:39,4624715,0.003
9,-0.0210,-0.9555,1.1900,-0.7000,0.1400
2026-07-03,14:34:39,4624815,0.0039,-0.0215,-0.9545,1.2600,-0.4900,0.1400
2026-07-03,14:34:39,4624915,0.0049,-0.0200,-0.9555,1.1900,-0.4200,0.2100
2026-07-03,14:34:39,4625015,0.0073,-0.0220,-0.9545,1.19
00,-0.5600,0.1400
2026-07-03,14:34:39,4625119,0.0049,-0.0205,-0.9555,1.1900,-0.4200,0.1400
2026-07-03,14:34:39,4625215,0.0054,-0.0200,-0.9560,1.1900,-0.4900,0.1400
2026-07-03,14:34:39,4625315,0.0073,-0.0210,-0.9555,1.1900,-0.4900,0.1400
202
6-07-03,14:34:39,4625415,0.0054,-0.0205,-0.9550,1.2600,-0.6300,0.2100
2026-07-03,14:34:40,4625515,0.0054,-0.0210,-0.9575,1.2600,-0.4900,0.1400
2026-07-03,14:34:40,4625615,0.0068,-0.0229,-0.9575,1.1900,-0.5600,0.1400
2026-07-03,14:34:40,46257
15,0.0063,-0.0224,-0.9550,1.1900,-0.5600,0.2100
2026-07-03,14:34:40,4625815,0.0034,-0.0200,-0.9560,1.1900,-0.4900,0.1400
2026-07-03,14:34:40,4625915,0.0039,-0.0210,-0.9550,1.2600,-0.4200,0.1400
2026-07-03,14:34:40,4626015,0.0068,-0.0220,-0.9
555,1.3300,-0.6300,0.2100
2026-07-03,14:34:40,4626115,0.0044,-0.0205,-0.9540,1.1900,-0.5600,0.1400
2026-07-03,14:34:40,4626215,0.0078,-0.0200,-0.9570,1.1900,-0.5600,0.0700
2026-07-03,14:34:40,4626315,0.0029,-0.0205,-0.9531,1.1900,-0.5600,0.1
400
2026-07-03,14:34:40,4626415,0.0063,-0.0215,-0.9570,1.1900,-0.4900,0.1400
2026-07-03,14:34:41,4626515,0.0049,-0.0200,-0.9540,1.2600,-0.4900,0.1400
2026-07-03,14:34:41,4626615,0.0054,-0.0200,-0.9550,1.3300,-0.5600,0.1400
2026-07-03,14:34:
41,4626715,0.0044,-0.0185,-0.9560,1.1900,-0.5600,0.2100
2026-07-03,14:34:41,4626815,0.0049,-0.0195,-0.9550,1.2600,-0.4900,0.1400
2026-07-03,14:34:41,4626915,0.0044,-0.0215,-0.9555,1.1900,-0.5600,0.2100
2026-07-03,14:34:41,4627015,0.0059,-0.0
215,-0.9555,1.3300,-0.4900,0.2100
2026-07-03,14:34:41,4627115,0.0063,-0.0210,-0.9565,1.2600,-0.4900,0.2800
2026-07-03,14:34:41,4627215,0.0034,-0.0195,-0.9570,1.2600,-0.4200,0.1400
2026-07-03,14:34:41,4627315,0.0073,-0.0195,-0.9570,1.1900,-0.
4900,0.1400
2026-07-03,14:34:41,4627415,0.0044,-0.0215,-0.9565,1.2600,-0.4900,0.2100
2026-07-03,14:34:42,4627515,0.0054,-0.0205,-0.9536,1.1900,-0.5600,0.1400
2026-07-03,14:34:42,4627615,0.0068,-0.0210,-0.9536,1.2600,-0.4900,0.1400
2026-07-0
3,14:34:42,4627715,0.0054,-0.0215,-0.9555,1.2600,-0.5600,0.2100
2026-07-03,14:34:42,4627815,0.0024,-0.0224,-0.9550,1.1900,-0.5600,0.1400
2026-07-03,14:34:42,4627915,0.0049,-0.0215,-0.9550,1.1900,-0.7000,0.0700
2026-07-03,14:34:42,4628015,0.0
024,-0.0190,-0.9550,1.1900,-0.5600,0.0700
2026-07-03,14:34:42,4628115,0.0054,-0.0215,-0.9579,1.3300,-0.4200,0.2100
2026-07-03,14:34:42,4628215,0.0034,-0.0205,-0.9536,1.1200,-0.6300,0.1400
2026-07-03,14:34:42,4628315,0.0078,-0.0205,-0.9545,1.
2600,-0.4900,0.2100
2026-07-03,14:34:42,4628415,0.0049,-0.0220,-0.9560,1.2600,-0.4900,0.2100
2026-07-03,14:34:43,4628515,0.0039,-0.0205,-0.9584,1.1200,-0.7000,0.2100
2026-07-03,14:34:43,4628615,0.0044,-0.0224,-0.9560,1.1900,-0.5600,0.1400
2
026-07-03,14:34:43,4628715,0.0059,-0.0234,-0.9575,1.2600,-0.5600,0.1400
2026-07-03,14:34:43,4628815,0.0073,-0.0200,-0.9526,1.3300,-0.4200,0.1400
2026-07-03,14:34:43,4628915,0.0049,-0.0205,-0.9560,1.1900,-0.7000,0.1400
2026-07-03,14:34:43,462
9015,0.0044,-0.0185,-0.9565,1.2600,-0.5600,0.1400
2026-07-03,14:34:43,4629115,0.0059,-0.0200,-0.9536,1.2600,-0.6300,0.1400
2026-07-03,14:34:43,4629215,0.0059,-0.0205,-0.9540,1.1900,-0.6300,0.2800
2026-07-03,14:34:43,4629315,0.0029,-0.0190,-0
.9560,1.2600,-0.4900,0.1400
2026-07-03,14:34:43,4629415,0.0068,-0.0205,-0.9565,1.2600,-0.6300,0.2100
2026-07-03,14:34:44,4629520,0.0059,-0.0190,-0.9550,1.1900,-0.5600,0.0700
2026-07-03,14:34:44,4629615,0.0044,-0.0215,-0.9560,1.1900,-0.6300,0
.0000
2026-07-03,14:34:44,4629715,0.0063,-0.0224,-0.9550,1.2600,-0.5600,0.2100
2026-07-03,14:34:44,4629815,0.0073,-0.0200,-0.9550,1.1200,-0.5600,0.1400
2026-07-03,14:34:44,4629915,0.0034,-0.0190,-0.9531,1.1900,-0.5600,0.0700
2026-07-03,14:3
4:44,4630015,0.0073,-0.0195,-0.9526,1.2600,-0.7000,0.1400
2026-07-03,14:34:44,4630119,0.0078,-0.0239,-0.9570,1.1900,-0.5600,0.1400
2026-07-03,14:34:44,4630221,0.0059,-0.0205,-0.9555,1.1900,-0.5600,0.1400
2026-07-03,14:34:44,4630315,0.0059,-0
.0195,-0.9565,1.2600,-0.5600,0.2100
2026-07-03,14:34:44,4630415,0.0054,-0.0205,-0.9565,1.1900,-0.7000,0.0700
2026-07-03,14:34:45,4630515,0.0044,-0.0195,-0.9545,1.2600,-0.4900,0.0700
2026-07-03,14:34:45,4630615,0.0054,-0.0210,-0.9555,1.1900,-
0.5600,0.2100
2026-07-03,14:34:45,4630715,0.0044,-0.0224,-0.9565,1.1900,-0.5600,0.1400
2026-07-03,14:34:45,4630815,0.0059,-0.0215,-0.9555,1.3300,-0.4900,0.2100
2026-07-03,14:34:45,4630919,0.0044,-0.0195,-0.9560,1.1200,-0.5600,0.0700
2026-07
-03,14:34:45,4631015,0.0044,-0.0210,-0.9565,1.2600,-0.4900,0.2100
2026-07-03,14:34:45,4631115,0.0054,-0.0190,-0.9550,1.2600,-0.6300,0.1400
2026-07-03,14:34:45,4631215,0.0044,-0.0220,-0.9565,1.1900,-0.6300,0.1400
2026-07-03,14:34:45,4631315,0
.0015,-0.0224,-0.9555,1.3300,-0.7000,0.0700
2026-07-03,14:34:45,4631415,0.0054,-0.0215,-0.9550,1.2600,-0.7000,0.1400
2026-07-03,14:34:46,4631515,0.0098,-0.0215,-0.9550,1.1200,-0.7700,0.1400
2026-07-03,14:34:46,4631615,-0.0117,-0.0107,-0.9267
,0.9800,-0.8400,0.2800
2026-07-03,14:34:46,4631715,-0.0078,-0.0420,-0.9770,1.3300,-0.2800,0.0000
2026-07-03,14:34:46,4631815,-0.0142,-0.0146,-0.9457,1.1900,-0.7700,0.2800
2026-07-03,14:34:46,4631915,0.0063,-0.0244,-0.9599,1.2600,-0.7000,0.21
00
2026-07-03,14:34:46,4632015,0.0059,-0.0195,-0.9550,1.1900,-0.5600,0.2100
2026-07-03,14:34:46,4632115,0.0083,-0.0185,-0.9565,1.1900,-0.6300,0.0700
2026-07-03,14:34:46,4632215,0.0059,-0.0190,-0.9555,1.2600,-0.6300,0.1400
2026-07-03,14:34:4
6,4632315,0.0054,-0.0176,-0.9545,1.3300,-0.6300,0.1400
2026-07-03,14:34:46,4632415,0.0068,-0.0210,-0.9570,1.1900,-0.4900,0.1400
2026-07-03,14:34:47,4632515,0.0044,-0.0176,-0.9545,1.2600,-0.6300,0.0700
2026-07-03,14:34:47,4632615,0.0039,-0.01
90,-0.9560,1.2600,-0.5600,0.2100
2026-07-03,14:34:47,4632715,0.0049,-0.0200,-0.9526,1.2600,-0.5600,0.1400
2026-07-03,14:34:47,4632815,0.0044,-0.0195,-0.9570,1.2600,-0.4900,0.2100
2026-07-03,14:34:47,4632915,0.0044,-0.0190,-0.9545,1.1900,-0.4
900,0.1400
2026-07-03,14:34:47,4633015,0.0020,-0.0200,-0.9540,1.2600,-0.5600,0.2100
2026-07-03,14:34:47,4633115,0.0034,-0.0190,-0.9545,1.3300,-0.3500,0.0700
2026-07-03,14:34:47,4633215,0.0020,-0.0166,-0.9511,1.3300,-0.4200,0.0700
2026-07-03
,14:34:47,4633315,0.0093,-0.0205,-0.9579,1.2600,-0.5600,0.2100
2026-07-03,14:34:47,4633415,0.0063,-0.0185,-0.9560,1.1900,-0.4900,0.1400
2026-07-03,14:34:48,4633515,0.0054,-0.0229,-0.9545,1.2600,-0.6300,0.1400
2026-07-03,14:34:48,4633615,0.00
54,-0.0205,-0.9550,1.2600,-0.7000,0.1400
2026-07-03,14:34:48,4633715,0.0044,-0.0215,-0.9545,1.2600,-0.5600,0.0700
2026-07-03,14:34:48,4633815,0.0054,-0.0229,-0.9560,1.2600,-0.5600,0.2100
2026-07-03,14:34:48,4633915,0.0063,-0.0190,-0.9550,1.1
900,-0.4900,0.2100
2026-07-03,14:34:48,4634015,0.0059,-0.0185,-0.9560,1.2600,-0.4900,0.1400
2026-07-03,14:34:48,4634115,0.0039,-0.0205,-0.9565,1.1900,-0.5600,0.1400
2026-07-03,14:34:48,4634215,0.0063,-0.0210,-0.9540,1.2600,-0.6300,0.1400
20
26-07-03,14:34:48,4634315,0.0039,-0.0205,-0.9560,1.2600,-0.6300,0.1400
2026-07-03,14:34:48,4634415,0.0044,-0.0200,-0.9575,1.2600,-0.6300,0.1400
2026-07-03,14:34:49,4634515,0.0054,-0.0190,-0.9550,1.1900,-0.5600,0.0700
2026-07-03,14:34:49,4634
615,0.0054,-0.0195,-0.9575,1.1900,-0.6300,0.2100
2026-07-03,14:34:49,4634715,0.0044,-0.0210,-0.9570,1.2600,-0.5600,0.1400
2026-07-03,14:34:49,4634815,0.0049,-0.0190,-0.9555,1.1900,-0.6300,0.0700
2026-07-03,14:34:49,4634915,0.0059,-0.0205,-0.
9545,1.2600,-0.6300,0.2100
2026-07-03,14:34:49,4635015,0.0063,-0.0185,-0.9540,1.2600,-0.6300,0.2100
2026-07-03,14:34:49,4635119,0.0039,-0.0190,-0.9550,1.3300,-0.7700,0.1400
2026-07-03,14:34:49,4635215,0.0063,-0.0195,-0.9550,1.2600,-0.5600,0.
1400
2026-07-03,14:34:49,4635315,0.0034,-0.0205,-0.9575,1.2600,-0.6300,0.2100
2026-07-03,14:34:49,4635415,0.0059,-0.0205,-0.9555,1.2600,-0.6300,0.1400
2026-07-03,14:34:50,4635515,0.0049,-0.0185,-0.9560,1.1900,-0.6300,0.1400
2026-07-03,14:34
:50,4635615,0.0059,-0.0215,-0.9540,1.3300,-0.5600,0.2100
2026-07-03,14:34:50,4635715,0.0044,-0.0190,-0.9560,1.2600,-0.4900,0.1400
2026-07-03,14:34:50,4635815,0.0049,-0.0205,-0.9536,1.2600,-0.5600,0.2100
2026-07-03,14:34:50,4635915,0.0039,-0.
0195,-0.9550,1.1900,-0.5600,0.1400
2026-07-03,14:34:50,4636015,0.0044,-0.0220,-0.9575,1.2600,-0.5600,0.2100
2026-07-03,14:34:50,4636115,0.0039,-0.0224,-0.9550,1.2600,-0.5600,0.2100
2026-07-03,14:34:50,4636215,0.0059,-0.0195,-0.9540,1.2600,-0
.5600,0.1400
2026-07-03,14:34:50,4636315,0.0039,-0.0185,-0.9550,1.2600,-0.5600,0.1400
2026-07-03,14:34:50,4636415,0.0044,-0.0234,-0.9521,1.1900,-0.5600,0.1400
2026-07-03,14:34:51,4636515,0.0063,-0.0190,-0.9550,1.1900,-0.4200,0.2100
2026-07-
03,14:34:51,4636615,0.0063,-0.0190,-0.9575,1.1200,-0.4900,0.1400
2026-07-03,14:34:51,4636715,0.0063,-0.0185,-0.9550,1.2600,-0.5600,0.2100
2026-07-03,14:34:51,4636815,0.0059,-0.0200,-0.9565,1.1900,-0.4900,0.2100
2026-07-03,14:34:51,4636915,0.
0044,-0.0195,-0.9545,1.3300,-0.4900,0.1400
2026-07-03,14:34:51,4637015,0.0049,-0.0210,-0.9565,1.2600,-0.5600,0.2100
2026-07-03,14:34:51,4637115,0.0054,-0.0205,-0.9565,1.1900,-0.4900,0.1400
2026-07-03,14:34:51,4637215,0.0073,-0.0190,-0.9570,1
.3300,-0.4900,0.1400
2026-07-03,14:34:51,4637315,0.0063,-0.0190,-0.9531,1.1900,-0.5600,0.1400
2026-07-03,14:34:51,4637415,0.0054,-0.0205,-0.9565,1.2600,-0.4900,0.2100
2026-07-03,14:34:52,4637515,0.0063,-0.0205,-0.9540,1.1900,-0.6300,0.1400
2026-07-03,14:34:52,4637615,0.0044,-0.0200,-0.9545,1.2600,-0.4900,0.2100
2026-07-03,14:34:52,4637715,0.0059,-0.0205,-0.9550,1.3300,-0.7000,0.1400
2026-07-03,14:34:52,4637820,0.0073,-0.0190,-0.9540,1.2600,-0.5600,0.1400
2026-07-03,14:34:52,46
37915,0.0039,-0.0190,-0.9550,1.1200,-0.5600,0.0700
2026-07-03,14:34:52,4638015,0.0063,-0.0205,-0.9565,1.1900,-0.5600,0.2100
2026-07-03,14:34:52,4638115,0.0063,-0.0210,-0.9570,1.2600,-0.6300,0.2100
2026-07-03,14:34:52,4638215,0.0039,-0.0185,-
0.9560,1.1200,-0.5600,0.1400
2026-07-03,14:34:52,4638315,0.0054,-0.0210,-0.9540,1.2600,-0.4900,0.2100
2026-07-03,14:34:52,4638415,0.0049,-0.0215,-0.9545,1.2600,-0.4900,0.1400
2026-07-03,14:34:53,4638520,0.0063,-0.0200,-0.9565,1.2600,-0.5600,
0.1400
2026-07-03,14:34:53,4638615,0.0054,-0.0215,-0.9555,1.1900,-0.6300,0.2100
2026-07-03,14:34:53,4638715,0.0059,-0.0220,-0.9560,1.1900,-0.6300,0.2100
2026-07-03,14:34:53,4638815,0.0049,-0.0171,-0.9545,1.1900,-0.5600,0.1400
2026-07-03,14:
34:53,4638915,0.0078,-0.0200,-0.9560,1.2600,-0.5600,0.2100
2026-07-03,14:34:53,4639015,0.0054,-0.0205,-0.9565,1.2600,-0.5600,0.2100
2026-07-03,14:34:53,4639115,0.0063,-0.0195,-0.9536,1.1900,-0.5600,0.1400
2026-07-03,14:34:53,4639220,0.0063,-
0.0215,-0.9565,1.2600,-0.5600,0.1400
2026-07-03,14:34:53,4639315,0.0054,-0.0210,-0.9550,1.1900,-0.5600,0.2100
2026-07-03,14:34:53,4639415,0.0044,-0.0210,-0.9555,1.2600,-0.4900,0.2800
2026-07-03,14:34:54,4639515,0.0054,-0.0200,-0.9540,1.1900,
-0.4200,0.1400
2026-07-03,14:34:54,4639615,0.0059,-0.0210,-0.9565,1.2600,-0.4900,0.0700
2026-07-03,14:34:54,4639715,0.0044,-0.0200,-0.9540,1.1900,-0.5600,0.1400
2026-07-03,14:34:54,4639815,0.0063,-0.0210,-0.9545,1.2600,-0.5600,0.1400
2026-0
7-03,14:34:54,4639915,0.0054,-0.0215,-0.9545,1.2600,-0.5600,0.1400
2026-07-03,14:34:54,4640015,0.0068,-0.0205,-0.9550,1.2600,-0.6300,0.1400
2026-07-03,14:34:54,4640119,0.0054,-0.0195,-0.9550,1.2600,-0.7700,0.1400
2026-07-03,14:34:54,4640215,
0.0049,-0.0200,-0.9565,1.2600,-0.6300,0.1400
2026-07-03,14:34:54,4640315,0.0054,-0.0205,-0.9540,1.1900,-0.4900,0.1400
2026-07-03,14:34:54,4640415,0.0054,-0.0185,-0.9560,1.3300,-0.5600,0.1400
2026-07-03,14:34:55,4640515,0.0054,-0.0210,-0.9565
,1.3300,-0.5600,0.1400
2026-07-03,14:34:55,4640615,0.0068,-0.0195,-0.9570,1.2600,-0.7000,0.1400
2026-07-03,14:34:55,4640715,0.0039,-0.0190,-0.9550,1.1900,-0.7000,0.1400
2026-07-03,14:34:55,4640815,0.0054,-0.0200,-0.9545,1.1900,-0.5600,0.1400
2026-07-03,14:34:55,4640915,0.0059,-0.0181,-0.9589,1.2600,-0.4900,0.1400
2026-07-03,14:34:55,4641015,0.0044,-0.0195,-0.9555,1.2600,-0.5600,0.1400
2026-07-03,14:34:55,4641115,0.0044,-0.0181,-0.9565,1.2600,-0.5600,0.1400
2026-07-03,14:34:55,
4641215,0.0039,-0.0200,-0.9550,1.2600,-0.7000,0.0700
2026-07-03,14:34:55,4641315,0.0044,-0.0210,-0.9555,1.1900,-0.4900,0.1400
2026-07-03,14:34:55,4641415,0.0034,-0.0215,-0.9565,1.1900,-0.4200,0.1400
2026-07-03,14:34:56,4641515,0.0054,-0.0220
,-0.9540,1.2600,-0.4900,0.1400
2026-07-03,14:34:56,4641615,0.0063,-0.0224,-0.9550,1.2600,-0.7000,0.1400
2026-07-03,14:34:56,4641715,0.0059,-0.0215,-0.9550,1.2600,-0.5600,0.1400
2026-07-03,14:34:56,4641815,0.0054,-0.0205,-0.9540,1.1900,-0.560
0,0.1400
2026-07-03,14:34:56,4641915,0.0059,-0.0215,-0.9536,1.1200,-0.5600,0.2100
2026-07-03,14:34:56,4642015,0.0059,-0.0205,-0.9531,1.1900,-0.7000,0.0700
2026-07-03,14:34:56,4642115,0.0054,-0.0215,-0.9575,1.2600,-0.5600,0.2100
2026-07-03,1
4:34:56,4642215,0.0068,-0.0234,-0.9565,1.1200,-0.6300,0.1400
2026-07-03,14:34:56,4642315,0.0029,-0.0205,-0.9536,1.1900,-0.7000,0.0700
2026-07-03,14:34:56,4642415,0.0044,-0.0224,-0.9560,1.2600,-0.4900,0.1400
2026-07-03,14:34:57,4642515,0.0039
,-0.0215,-0.9560,1.1200,-0.6300,0.1400
2026-07-03,14:34:57,4642615,0.0059,-0.0210,-0.9545,1.2600,-0.5600,0.2100
2026-07-03,14:34:57,4642715,0.0054,-0.0205,-0.9545,1.2600,-0.3500,0.2100
2026-07-03,14:34:57,4642815,0.0059,-0.0195,-0.9560,1.190
0,-0.5600,0.1400
2026-07-03,14:34:57,4642915,0.0063,-0.0181,-0.9555,1.1900,-0.5600,0.2100
2026-07-03,14:34:57,4643015,0.0059,-0.0190,-0.9570,1.2600,-0.4900,0.1400
2026-07-03,14:34:57,4643115,0.0054,-0.0215,-0.9579,1.1200,-0.4900,0.2100
2026
-07-03,14:34:57,4643215,0.0059,-0.0215,-0.9570,1.1900,-0.5600,0.0700
2026-07-03,14:34:57,4643315,0.0039,-0.0215,-0.9540,1.3300,-0.5600,0.2100
2026-07-03,14:34:57,4643415,0.0083,-0.0200,-0.9565,1.2600,-0.5600,0.1400
2026-07-03,14:34:58,464351
5,0.0054,-0.0190,-0.9565,1.2600,-0.5600,0.1400
2026-07-03,14:34:58,4643615,0.0024,-0.0210,-0.9579,1.1900,-0.6300,0.1400
2026-07-03,14:34:58,4643715,0.0054,-0.0205,-0.9550,1.3300,-0.4900,0.1400
2026-07-03,14:34:58,4643815,0.0068,-0.0215,-0.95
60,1.2600,-0.7700,0.1400
2026-07-03,14:34:58,4643915,0.0049,-0.0195,-0.9555,1.2600,-0.5600,0.1400
2026-07-03,14:34:58,4644015,0.0049,-0.0200,-0.9555,1.1900,-0.5600,0.1400
2026-07-03,14:34:58,4644115,0.0049,-0.0234,-0.9555,1.1900,-0.5600,0.14
00
2026-07-03,14:34:58,4644215,0.0073,-0.0224,-0.9584,1.2600,-0.6300,0.2100
2026-07-03,14:34:58,4644315,0.0029,-0.0205,-0.9540,1.2600,-0.4900,0.2100
2026-07-03,14:34:58,4644415,0.0063,-0.0210,-0.9565,1.2600,-0.6300,0.1400
2026-07-03,14:34:5
9,4644515,0.0039,-0.0166,-0.9545,1.2600,-0.4900,0.0700
2026-07-03,14:34:59,4644615,0.0044,-0.0195,-0.9531,1.1900,-0.6300,0.1400
2026-07-03,14:34:59,4644715,0.0054,-0.0210,-0.9565,1.2600,-0.4200,0.1400
2026-07-03,14:34:59,4644815,0.0054,-0.01
76,-0.9560,1.1900,-0.4900,0.1400
2026-07-03,14:34:59,4644915,0.0054,-0.0181,-0.9545,1.2600,-0.6300,0.2100
2026-07-03,14:34:59,4645015,0.0054,-0.0195,-0.9565,1.2600,-0.5600,0.1400
2026-07-03,14:34:59,4645119,0.0039,-0.0210,-0.9570,1.2600,-0.4
900,0.1400
2026-07-03,14:34:59,4645215,0.0049,-0.0210,-0.9545,1.2600,-0.5600,0.2100
2026-07-03,14:34:59,4645315,0.0078,-0.0200,-0.9531,1.1900,-0.5600,0.1400
2026-07-03,14:34:59,4645415,0.0083,-0.0220,-0.9536,1.2600,-0.5600,0.1400
2026-07-03
,14:35:00,4645515,0.0073,-0.0195,-0.9565,1.2600,-0.6300,0.2100
2026-07-03,14:35:00,4645615,0.0044,-0.0200,-0.9540,1.1900,-0.5600,0.2800
2026-07-03,14:35:00,4645715,0.0059,-0.0200,-0.9570,1.1900,-0.4900,0.2100
2026-07-03,14:35:00,4645815,0.00
49,-0.0190,-0.9545,1.3300,-0.4900,0.0700
2026-07-03,14:35:00,4645915,0.0054,-0.0210,-0.9565,1.1900,-0.4900,0.0700
2026-07-03,14:35:00,4646015,0.0059,-0.0205,-0.9540,1.2600,-0.5600,0.2100
2026-07-03,14:35:00,4646120,0.0059,-0.0181,-0.9545,1.2
600,-0.6300,0.1400
2026-07-03,14:35:00,4646215,0.0039,-0.0195,-0.9555,1.2600,-0.7000,0.1400
2026-07-03,14:35:00,4646315,0.0063,-0.0210,-0.9579,1.2600,-0.5600,0.1400
2026-07-03,14:35:00,4646415,0.0049,-0.0210,-0.9575,1.1900,-0.5600,0.1400
20
26-07-03,14:35:01,4646515,0.0049,-0.0195,-0.9540,1.2600,-0.6300,0.2800
2026-07-03,14:35:01,4646615,0.0054,-0.0195,-0.9536,1.2600,-0.7000,0.1400
2026-07-03,14:35:01,4646715,0.0068,-0.0220,-0.9589,1.2600,-0.5600,0.2100
2026-07-03,14:35:01,4646
820,0.0039,-0.0190,-0.9550,1.1900,-0.4900,0.1400
2026-07-03,14:35:01,4646915,0.0068,-0.0215,-0.9555,1.2600,-0.4200,0.1400
2026-07-03,14:35:01,4647015,0.0049,-0.0195,-0.9536,1.2600,-0.7000,0.0700
2026-07-03,14:35:01,4647115,0.0054,-0.0185,-0.
9560,1.1900,-0.4900,0.2800
2026-07-03,14:35:01,4647215,0.0039,-0.0185,-0.9540,1.1900,-0.7000,0.1400
2026-07-03,14:35:01,4647315,0.0049,-0.0205,-0.9531,1.2600,-0.4900,0.2100
2026-07-03,14:35:01,4647415,0.0054,-0.0176,-0.9555,1.1900,-0.4900,0.
2100
2026-07-03,14:35:02,4647520,0.0054,-0.0210,-0.9570,1.2600,-0.5600,0.1400
2026-07-03,14:35:02,4647615,0.0073,-0.0215,-0.9575,1.2600,-0.6300,0.1400
2026-07-03,14:35:02,4647715,0.0063,-0.0200,-0.9545,1.1900,-0.4900,0.2100
2026-07-03,14:35
:02,4647815,0.0059,-0.0195,-0.9565,1.1900,-0.4900,0.1400
2026-07-03,14:35:02,4647915,0.0063,-0.0171,-0.9560,1.2600,-0.4900,0.1400
2026-07-03,14:35:02,4648015,0.0073,-0.0210,-0.9555,1.2600,-0.4900,0.2100
2026-07-03,14:35:02,4648115,0.0049,-0.
0220,-0.9555,1.1900,-0.7000,0.1400
2026-07-03,14:35:02,4648215,0.0049,-0.0205,-0.9555,1.1900,-0.5600,0.2100
2026-07-03,14:35:02,4648315,0.0044,-0.0205,-0.9560,1.3300,-0.5600,0.2100
2026-07-03,14:35:02,4648415,0.0049,-0.0185,-0.9575,1.2600,-0
.6300,0.1400
2026-07-03,14:35:03,4648515,0.0034,-0.0229,-0.9550,1.2600,-0.5600,0.0700
2026-07-03,14:35:03,4648615,0.0073,-0.0215,-0.9560,1.1900,-0.6300,0.1400
2026-07-03,14:35:03,4648715,0.0034,-0.0200,-0.9555,1.1900,-0.6300,0.2100
2026-07-
03,14:35:03,4648815,0.0059,-0.0200,-0.9531,1.1900,-0.5600,0.1400
2026-07-03,14:35:03,4648915,0.0059,-0.0215,-0.9550,1.1900,-0.5600,0.2100
2026-07-03,14:35:03,4649015,0.0029,-0.0220,-0.9570,1.1900,-0.5600,0.1400
2026-07-03,14:35:03,4649115,0.
0039,-0.0210,-0.9550,1.1200,-0.5600,0.1400
2026-07-03,14:35:03,4649215,0.0054,-0.0220,-0.9550,1.2600,-0.4900,0.1400
2026-07-03,14:35:03,4649315,0.0073,-0.0205,-0.9560,1.2600,-0.6300,0.2100
2026-07-03,14:35:03,4649415,0.0054,-0.0210,-0.9570,1
.1900,-0.7000,0.1400
2026-07-03,14:35:04,4649515,0.0034,-0.0200,-0.9575,1.1900,-0.5600,0.0700
2026-07-03,14:35:04,4649615,0.0044,-0.0190,-0.9555,1.1900,-0.5600,0.0700
2026-07-03,14:35:04,4649715,0.0059,-0.0195,-0.9536,1.2600,-0.4200,0.1400
2026-07-03,14:35:04,4649815,0.0059,-0.0210,-0.9545,1.1900,-0.5600,0.2100
2026-07-03,14:35:04,4649915,0.0059,-0.0205,-0.9565,1.1900,-0.4900,0.2100
2026-07-03,14:35:04,4650015,0.0054,-0.0205,-0.9540,1.2600,-0.6300,0.2100
2026-07-03,14:35:04,46
50120,0.0024,-0.0190,-0.9555,1.3300,-0.5600,0.2100
2026-07-03,14:35:04,4650215,0.0073,-0.0200,-0.9550,1.2600,-0.5600,0.2100
2026-07-03,14:35:04,4650315,0.0039,-0.0215,-0.9570,1.1900,-0.5600,0.1400
2026-07-03,14:35:04,4650415,0.0039,-0.0195,-
0.9545,1.2600,-0.4900,0.2800
2026-07-03,14:35:05,4650515,0.0049,-0.0185,-0.9565,1.1900,-0.5600,0.2100
2026-07-03,14:35:05,4650615,0.0054,-0.0195,-0.9555,1.3300,-0.4900,0.1400
2026-07-03,14:35:05,4650715,0.0010,-0.0181,-0.9545,1.1900,-0.6300,
0.1400
2026-07-03,14:35:05,4650815,0.0059,-0.0220,-0.9565,1.3300,-0.4200,0.2100
2026-07-03,14:35:05,4650915,0.0044,-0.0200,-0.9560,1.1900,-0.6300,0.1400
2026-07-03,14:35:05,4651015,0.0039,-0.0215,-0.9565,1.1200,-0.5600,0.1400
2026-07-03,14:
35:05,4651115,0.0059,-0.0195,-0.9540,1.1900,-0.5600,0.1400
2026-07-03,14:35:05,4651215,0.0063,-0.0215,-0.9575,1.2600,-0.6300,0.0700
2026-07-03,14:35:05,4651315,0.0054,-0.0195,-0.9550,1.2600,-0.4900,0.1400
2026-07-03,14:35:05,4651415,0.0034,-
0.0190,-0.9550,1.3300,-0.5600,0.1400
2026-07-03,14:35:06,4651515,0.0054,-0.0205,-0.9545,1.1200,-0.7000,0.1400
2026-07-03,14:35:06,4651615,0.0039,-0.0200,-0.9536,1.1900,-0.5600,0.1400
2026-07-03,14:35:06,4651715,0.0054,-0.0195,-0.9560,1.2600,
-0.5600,0.1400
2026-07-03,14:35:06,4651815,0.0044,-0.0220,-0.9550,1.1900,-0.6300,0.1400
2026-07-03,14:35:06,4651915,0.0049,-0.0205,-0.9536,1.2600,-0.7700,0.0700
2026-07-03,14:35:06,4652015,0.0039,-0.0205,-0.9565,1.1900,-0.6300,0.1400
2026-0
7-03,14:35:06,4652115,0.0059,-0.0205,-0.9536,1.2600,-0.7000,0.1400
2026-07-03,14:35:06,4652215,0.0054,-0.0220,-0.9560,1.1900,-0.6300,0.0700
2026-07-03,14:35:06,4652315,0.0059,-0.0215,-0.9536,1.3300,-0.7000,0.1400
2026-07-03,14:35:06,4652415,
0.0054,-0.0210,-0.9536,1.1900,-0.5600,0.2100
2026-07-03,14:35:07,4652515,0.0073,-0.0190,-0.9579,1.1900,-0.6300,0.2100
2026-07-03,14:35:07,4652615,0.0059,-0.0185,-0.9555,1.2600,-0.5600,0.1400
2026-07-03,14:35:07,4652715,0.0068,-0.0229,-0.9570
,1.1900,-0.6300,0.1400
2026-07-03,14:35:07,4652815,0.0049,-0.0215,-0.9555,1.2600,-0.6300,0.2100
2026-07-03,14:35:07,4652915,0.0063,-0.0205,-0.9565,1.2600,-0.5600,0.2100
2026-07-03,14:35:07,4653015,0.0049,-0.0200,-0.9560,1.1900,-0.5600,0.2100
2026-07-03,14:35:07,4653115,0.0039,-0.0215,-0.9579,1.2600,-0.6300,0.1400
2026-07-03,14:35:07,4653215,0.0068,-0.0200,-0.9550,1.2600,-0.7000,0.0700
2026-07-03,14:35:07,4653315,0.0054,-0.0215,-0.9555,1.1900,-0.4200,0.1400
2026-07-03,14:35:07,
4653415,0.0044,-0.0205,-0.9550,1.1900,-0.5600,0.1400
2026-07-03,14:35:08,4653515,0.0063,-0.0215,-0.9536,1.2600,-0.4900,0.1400
2026-07-03,14:35:08,4653615,0.0034,-0.0205,-0.9550,1.1900,-0.6300,0.2100
2026-07-03,14:35:08,4653715,0.0063,-0.0195
,-0.9550,1.2600,-0.4900,0.2100
2026-07-03,14:35:08,4653815,0.0063,-0.0215,-0.9540,1.1200,-0.4900,0.1400
2026-07-03,14:35:08,4653915,0.0063,-0.0215,-0.9560,1.2600,-0.6300,0.2100
2026-07-03,14:35:08,4654015,0.0044,-0.0205,-0.9540,1.1900,-0.420
0,0.2100
2026-07-03,14:35:08,4654115,0.0044,-0.0215,-0.9545,1.2600,-0.6300,0.1400
2026-07-03,14:35:08,4654215,0.0039,-0.0190,-0.9560,1.1900,-0.6300,0.1400
2026-07-03,14:35:08,4654315,0.0054,-0.0190,-0.9560,1.2600,-0.6300,0.0700
2026-07-03,1
4:35:08,4654419,0.0063,-0.0205,-0.9545,1.2600,-0.5600,0.2100
2026-07-03,14:35:09,4654515,0.0049,-0.0205,-0.9555,1.1900,-0.6300,0.1400
2026-07-03,14:35:09,4654615,0.0059,-0.0190,-0.9565,1.1900,-0.6300,0.0700
2026-07-03,14:35:09,4654715,0.0059
,-0.0195,-0.9545,1.2600,-0.4200,0.0700
2026-07-03,14:35:09,4654815,0.0049,-0.0205,-0.9579,1.1900,-0.5600,0.1400
2026-07-03,14:35:09,4654915,0.0049,-0.0185,-0.9540,1.2600,-0.4200,0.1400
2026-07-03,14:35:09,4655015,0.0088,-0.0176,-0.9540,1.120
0,-0.4900,0.2100
2026-07-03,14:35:09,4655121,0.0073,-0.0224,-0.9560,1.2600,-0.5600,0.2100
2026-07-03,14:35:09,4655215,0.0073,-0.0185,-0.9545,1.2600,-0.5600,0.1400
2026-07-03,14:35:09,4655315,0.0054,-0.0185,-0.9575,1.1900,-0.5600,0.1400
2026
-07-03,14:35:09,4655415,0.0049,-0.0190,-0.9540,1.2600,-0.6300,0.1400
2026-07-03,14:35:10,4655515,0.0054,-0.0190,-0.9570,1.2600,-0.5600,0.2100
2026-07-03,14:35:10,4655615,0.0034,-0.0220,-0.9575,1.1900,-0.4900,0.1400
2026-07-03,14:35:10,465571
5,0.0039,-0.0195,-0.9560,1.2600,-0.6300,0.1400
2026-07-03,14:35:10,4655821,0.0049,-0.0205,-0.9560,1.2600,-0.5600,0.1400
2026-07-03,14:35:10,4655915,0.0039,-0.0205,-0.9540,1.2600,-0.4200,0.2100
2026-07-03,14:35:10,4656015,0.0054,-0.0220,-0.95
45,1.1200,-0.5600,0.1400
2026-07-03,14:35:10,4656115,0.0044,-0.0205,-0.9545,1.1900,-0.6300,0.1400
2026-07-03,14:35:10,4656215,0.0054,-0.0224,-0.9599,1.1900,-0.5600,0.2100
2026-07-03,14:35:10,4656315,0.0024,-0.0215,-0.9531,1.2600,-0.7000,0.14
00
2026-07-03,14:35:10,4656415,0.0044,-0.0210,-0.9560,1.1900,-0.5600,0.2100
2026-07-03,14:35:11,4656520,0.0063,-0.0229,-0.9570,1.2600,-0.6300,0.1400
2026-07-03,14:35:11,4656615,0.0059,-0.0181,-0.9550,1.1900,-0.6300,0.1400
2026-07-03,14:35:1
1,4656715,0.0059,-0.0185,-0.9536,1.2600,-0.4900,0.2100
2026-07-03,14:35:11,4656815,0.0039,-0.0195,-0.9550,1.1900,-0.5600,0.1400
2026-07-03,14:35:11,4656915,0.0059,-0.0195,-0.9570,1.2600,-0.6300,0.1400
2026-07-03,14:35:11,4657015,0.0078,-0.02
29,-0.9570,1.1900,-0.6300,0.0700
2026-07-03,14:35:11,4657115,0.0054,-0.0200,-0.9560,1.2600,-0.7000,0.1400
2026-07-03,14:35:11,4657215,0.0034,-0.0215,-0.9555,1.1900,-0.5600,0.0700
2026-07-03,14:35:11,4657315,0.0073,-0.0200,-0.9565,1.1900,-0.6
300,0.1400
2026-07-03,14:35:11,4657415,0.0078,-0.0215,-0.9570,1.1900,-0.6300,0.1400
2026-07-03,14:35:12,4657515,0.0068,-0.0176,-0.9550,1.1900,-0.6300,0.1400
2026-07-03,14:35:12,4657615,0.0083,-0.0171,-0.9570,1.3300,-0.4200,0.1400
2026-07-03
,14:35:12,4657715,0.0059,-0.0195,-0.9550,1.1900,-0.6300,0.1400
2026-07-03,14:35:12,4657815,0.0063,-0.0195,-0.9540,1.2600,-0.5600,0.0700
2026-07-03,14:35:12,4657915,0.0054,-0.0195,-0.9570,1.1900,-0.4900,0.2100
2026-07-03,14:35:12,4658015,0.00
49,-0.0190,-0.9560,1.2600,-0.6300,0.0700
2026-07-03,14:35:12,4658115,0.0068,-0.0195,-0.9575,1.1200,-0.9800,0.2100
2026-07-03,14:35:12,4658215,0.0073,-0.0176,-0.9540,1.1200,-0.7000,0.0700
2026-07-03,14:35:12,4658315,0.0059,-0.0137,-0.9555,1.2
600,-0.4200,0.2100
2026-07-03,14:35:12,4658415,0.0059,-0.0200,-0.9555,1.1900,-0.7700,0.2100
2026-07-03,14:35:13,4658515,0.0063,-0.0181,-0.9540,1.2600,-0.4900,0.1400
2026-07-03,14:35:13,4658615,0.0044,-0.0210,-0.9589,1.2600,-0.4200,0.2100
20
26-07-03,14:35:13,4658715,-0.0020,0.0361,-0.9482,1.9600,-0.4900,0.0000
2026-07-03,14:35:13,4658815,0.0151,-0.0307,-0.9633,1.3300,-0.5600,0.1400
2026-07-03,14:35:13,4658915,0.0054,-0.0205,-0.9467,1.1900,-0.4900,0.0700
2026-07-03,14:35:13,4659
015,0.0059,-0.0229,-0.9570,1.1900,-0.4900,0.1400
2026-07-03,14:35:13,4659115,0.0054,-0.0205,-0.9550,1.1900,-0.6300,0.2800
2026-07-03,14:35:13,4659215,0.0054,-0.0210,-0.9516,1.2600,-0.4900,0.1400
2026-07-03,14:35:13,4659315,0.0059,-0.0220,-0.
9584,1.2600,-0.5600,0.1400
2026-07-03,14:35:13,4659415,0.0039,-0.0215,-0.9545,1.2600,-0.5600,0.0700
2026-07-03,14:35:14,4659515,0.0068,-0.0210,-0.9565,1.1900,-0.5600,0.1400
2026-07-03,14:35:14,4659615,0.0049,-0.0185,-0.9550,1.2600,-0.5600,0.
1400
2026-07-03,14:35:14,4659715,0.0049,-0.0215,-0.9540,1.2600,-0.6300,0.1400
2026-07-03,14:35:14,4659815,0.0039,-0.0224,-0.9570,1.1900,-0.5600,0.1400
2026-07-03,14:35:14,4659915,0.0049,-0.0215,-0.9575,1.2600,-0.7000,0.1400
2026-07-03,14:35
:14,4660015,0.0034,-0.0215,-0.9550,1.2600,-0.5600,0.1400
2026-07-03,14:35:14,4660119,0.0034,-0.0220,-0.9545,1.1900,-0.5600,0.1400
2026-07-03,14:35:14,4660215,0.0015,-0.0215,-0.9560,1.2600,-0.4900,0.1400
2026-07-03,14:35:14,4660315,0.0059,-0.
0205,-0.9550,1.2600,-0.4200,0.2100
2026-07-03,14:35:14,4660415,0.0054,-0.0205,-0.9560,1.2600,-0.6300,0.0700
2026-07-03,14:35:15,4660515,0.0034,-0.0190,-0.9521,1.1900,-0.6300,0.1400
2026-07-03,14:35:15,4660615,0.0054,-0.0210,-0.9560,1.2600,-0
.5600,0.1400
2026-07-03,14:35:15,4660715,0.0059,-0.0205,-0.9540,1.3300,-0.5600,0.2100
2026-07-03,14:35:15,4660815,0.0078,-0.0195,-0.9545,1.2600,-0.6300,0.2100
2026-07-03,14:35:15,4660915,0.0078,-0.0200,-0.9536,1.1900,-0.5600,0.2100
2026-07-
03,14:35:15,4661015,0.0063,-0.0220,-0.9570,1.1900,-0.5600,0.1400
2026-07-03,14:35:15,4661115,0.0044,-0.0224,-0.9575,1.2600,-0.6300,0.1400
2026-07-03,14:35:15,4661215,0.0039,-0.0185,-0.9536,1.1900,-0.6300,0.1400
2026-07-03,14:35:15,4661315,0.
0068,-0.0200,-0.9545,1.2600,-0.4200,0.1400
2026-07-03,14:35:15,4661415,0.0059,-0.0200,-0.9555,1.1900,-0.4900,0.1400
2026-07-03,14:35:16,4661515,0.0059,-0.0215,-0.9560,1.1900,-0.4900,0.2100
2026-07-03,14:35:16,4661615,0.0054,-0.0210,-0.9560,1
.1900,-0.4900,0.1400
2026-07-03,14:35:16,4661715,0.0034,-0.0181,-0.9540,1.1900,-0.4900,0.1400
2026-07-03,14:35:16,4661815,0.0049,-0.0229,-0.9570,1.1900,-0.4900,0.2800
2026-07-03,14:35:16,4661915,0.0039,-0.0215,-0.9545,1.3300,-0.4900,0.2100
2026-07-03,14:35:16,4662015,0.0049,-0.0200,-0.9526,1.2600,-0.4900,0.1400
2026-07-03,14:35:16,4662115,0.0044,-0.0190,-0.9545,1.1900,-0.4200,0.1400
2026-07-03,14:35:16,4662215,0.0039,-0.0229,-0.9565,1.1900,-0.5600,0.2100
2026-07-03,14:35:16,46
62315,0.0054,-0.0210,-0.9550,1.2600,-0.5600,0.0700
2026-07-03,14:35:16,4662415,0.0063,-0.0215,-0.9555,1.1900,-0.4200,0.2100
2026-07-03,14:35:17,4662515,0.0059,-0.0200,-0.9550,1.1900,-0.4900,0.1400
2026-07-03,14:35:17,4662615,0.0059,-0.0229,-
0.9575,1.1900,-0.4900,0.1400
2026-07-03,14:35:17,4662715,0.0039,-0.0205,-0.9560,1.2600,-0.4200,0.2100
2026-07-03,14:35:17,4662815,0.0073,-0.0220,-0.9545,1.3300,-0.5600,0.1400
2026-07-03,14:35:17,4662915,0.0049,-0.0210,-0.9526,1.1900,-0.5600,
0.1400
2026-07-03,14:35:17,4663015,0.0044,-0.0215,-0.9575,1.1900,-0.6300,0.0700
2026-07-03,14:35:17,4663115,0.0063,-0.0215,-0.9555,1.2600,-0.5600,0.2100
2026-07-03,14:35:17,4663215,0.0054,-0.0210,-0.9579,1.1900,-0.4900,0.2100
2026-07-03,14:
35:17,4663315,0.0024,-0.0142,-0.9501,1.1200,-0.6300,0.2100
2026-07-03,14:35:17,4663420,0.0015,-0.0278,-0.9536,1.1200,-0.7000,0.2100
2026-07-03,14:35:18,4663515,0.0117,-0.0220,-0.9540,1.2600,-0.4200,0.1400
2026-07-03,14:35:18,4663615,0.0068,-
0.0151,-0.9536,1.1900,-0.4900,0.1400
2026-07-03,14:35:18,4663715,-0.0020,0.0059,-0.9794,1.1200,-0.9100,0.2800
2026-07-03,14:35:18,4663815,0.0073,-0.0181,-0.9428,1.3300,-0.6300,0.2100
2026-07-03,14:35:18,4663915,0.0078,-0.0239,-0.9526,1.1200,
-0.4200,0.1400
2026-07-03,14:35:18,4664015,0.0044,-0.0215,-0.9550,1.2600,-0.5600,0.1400
2026-07-03,14:35:18,4664120,0.0044,-0.0205,-0.9531,1.1900,-0.5600,0.2100
2026-07-03,14:35:18,4664215,0.0029,-0.0205,-0.9545,1.2600,-0.5600,0.1400
2026-0
7-03,14:35:18,4664315,0.0049,-0.0220,-0.9545,1.2600,-0.6300,0.0700
2026-07-03,14:35:18,4664415,0.0054,-0.0200,-0.9550,1.1900,-0.5600,0.1400
2026-07-03,14:35:19,4664515,0.0034,-0.0195,-0.9550,1.1900,-0.6300,0.1400
2026-07-03,14:35:19,4664615,
0.0054,-0.0220,-0.9536,1.1900,-0.6300,0.1400
2026-07-03,14:35:19,4664715,0.0059,-0.0205,-0.9570,1.1900,-0.5600,0.1400
2026-07-03,14:35:19,4664821,0.0054,-0.0190,-0.9545,1.1900,-0.5600,0.0700
2026-07-03,14:35:19,4664915,0.0049,-0.0234,-0.9545
,1.2600,-0.5600,0.1400
2026-07-03,14:35:19,4665015,0.0044,-0.0249,-0.9540,1.3300,-0.5600,0.1400
2026-07-03,14:35:19,4665119,0.0020,-0.0200,-0.9560,1.2600,-0.6300,0.2800
2026-07-03,14:35:19,4665215,0.0039,-0.0195,-0.9550,1.2600,-0.6300,0.1400
2026-07-03,14:35:19,4665315,0.0049,-0.0200,-0.9555,1.2600,-0.5600,0.1400
2026-07-03,14:35:19,4665415,0.0049,-0.0234,-0.9555,1.3300,-0.4200,0.2100
2026-07-03,14:35:20,4665515,0.0068,-0.0205,-0.9555,1.2600,-0.4900,0.1400
2026-07-03,14:35:20,
4665615,0.0063,-0.0224,-0.9545,1.1900,-0.4900,0.2100
2026-07-03,14:35:20,4665715,0.0059,-0.0190,-0.9579,1.2600,-0.4900,0.1400
2026-07-03,14:35:20,4665815,0.0054,-0.0195,-0.9555,1.2600,-0.5600,0.1400
2026-07-03,14:35:20,4665915,0.0044,-0.0195
,-0.9550,1.1900,-0.4200,0.2100
2026-07-03,14:35:20,4666015,0.0039,-0.0190,-0.9589,1.2600,-0.5600,0.2100
2026-07-03,14:35:20,4666115,0.0049,-0.0215,-0.9555,1.2600,-0.4900,0.1400
2026-07-03,14:35:20,4666215,0.0049,-0.0190,-0.9550,1.2600,-0.560
0,0.0700
2026-07-03,14:35:20,4666315,0.0049,-0.0210,-0.9540,1.1900,-0.5600,0.1400
2026-07-03,14:35:20,4666415,0.0078,-0.0215,-0.9579,1.2600,-0.6300,0.1400
2026-07-03,14:35:21,4666515,0.0049,-0.0205,-0.9555,1.1900,-0.6300,0.1400
2026-07-03,1
4:35:21,4666615,0.0073,-0.0205,-0.9575,1.2600,-0.6300,0.1400
2026-07-03,14:35:21,4666715,0.0059,-0.0190,-0.9550,1.2600,-0.5600,0.2100
2026-07-03,14:35:21,4666815,0.0068,-0.0200,-0.9570,1.1900,-0.5600,0.1400
2026-07-03,14:35:21,4666915,0.0034
,-0.0215,-0.9555,1.3300,-0.4900,0.1400
2026-07-03,14:35:21,4667015,0.0068,-0.0190,-0.9555,1.1900,-0.5600,0.1400
2026-07-03,14:35:21,4667115,0.0063,-0.0195,-0.9545,1.2600,-0.4900,0.1400
2026-07-03,14:35:21,4667215,0.0054,-0.0210,-0.9550,1.260
0,-0.6300,0.2100
2026-07-03,14:35:21,4667315,0.0068,-0.0195,-0.9570,1.2600,-0.5600,0.1400
2026-07-03,14:35:21,4667415,0.0029,-0.0195,-0.9555,1.2600,-0.7000,0.1400
2026-07-03,14:35:22,4667515,0.0059,-0.0205,-0.9560,1.2600,-0.6300,0.1400
2026
-07-03,14:35:22,4667615,0.0059,-0.0181,-0.9560,1.1900,-0.5600,0.2100
2026-07-03,14:35:22,4667715,0.0054,-0.0205,-0.9565,1.2600,-0.4900,0.2100
2026-07-03,14:35:22,4667815,0.0054,-0.0200,-0.9550,1.2600,-0.6300,0.1400
2026-07-03,14:35:22,466791
5,0.0054,-0.0205,-0.9565,1.2600,-0.6300,0.0700
2026-07-03,14:35:22,4668015,0.0059,-0.0195,-0.9570,1.2600,-0.5600,0.1400
2026-07-03,14:35:22,4668115,0.0029,-0.0195,-0.9540,1.1900,-0.5600,0.1400
2026-07-03,14:35:22,4668215,0.0044,-0.0190,-0.95
50,1.2600,-0.6300,0.1400
2026-07-03,14:35:22,4668315,0.0054,-0.0210,-0.9565,1.2600,-0.5600,0.2100
2026-07-03,14:35:22,4668415,0.0073,-0.0210,-0.9565,1.2600,-0.6300,0.0700
2026-07-03,14:35:23,4668515,0.0059,-0.0210,-0.9560,1.2600,-0.6300,0.21
00
2026-07-03,14:35:23,4668615,0.0068,-0.0190,-0.9550,1.1900,-0.6300,0.0700
2026-07-03,14:35:23,4668715,0.0049,-0.0190,-0.9550,1.1900,-0.4900,0.1400
2026-07-03,14:35:23,4668815,0.0059,-0.0200,-0.9560,1.1900,-0.4900,0.1400
2026-07-03,14:35:2
3,4668915,0.0049,-0.0205,-0.9545,1.1900,-0.5600,0.2100
2026-07-03,14:35:23,4669015,0.0039,-0.0185,-0.9565,1.2600,-0.5600,0.1400
2026-07-03,14:35:23,4669115,0.0063,-0.0205,-0.9565,1.1900,-0.4200,0.2800
2026-07-03,14:35:23,4669215,0.0063,-0.02
05,-0.9550,1.2600,-0.4200,0.1400
2026-07-03,14:35:23,4669315,0.0049,-0.0190,-0.9565,1.3300,-0.5600,0.0700
2026-07-03,14:35:23,4669415,0.0068,-0.0185,-0.9550,1.1900,-0.4900,0.2100
2026-07-03,14:35:24,4669515,0.0063,-0.0205,-0.9565,1.1900,-0.5
600,0.1400
2026-07-03,14:35:24,4669615,0.0039,-0.0210,-0.9560,1.1900,-0.5600,0.2100
2026-07-03,14:35:24,4669715,0.0054,-0.0195,-0.9545,1.1900,-0.3500,0.2100
2026-07-03,14:35:24,4669815,0.0015,-0.0210,-0.9560,1.2600,-0.4900,0.2100
2026-07-03
,14:35:24,4669915,0.0059,-0.0210,-0.9536,1.1900,-0.5600,0.2100
2026-07-03,14:35:24,4670015,0.0049,-0.0195,-0.9555,1.2600,-0.4900,0.0700
2026-07-03,14:35:24,4670119,0.0054,-0.0210,-0.9555,1.2600,-0.7700,0.1400
2026-07-03,14:35:24,4670215,0.00
49,-0.0200,-0.9579,1.2600,-0.4900,0.1400
2026-07-03,14:35:24,4670315,0.0059,-0.0200,-0.9565,1.2600,-0.5600,0.1400
2026-07-03,14:35:24,4670415,0.0029,-0.0185,-0.9560,1.2600,-0.5600,0.1400
2026-07-03,14:35:25,4670515,0.0049,-0.0200,-0.9579,1.1
900,-0.6300,0.2100
2026-07-03,14:35:25,4670615,0.0039,-0.0176,-0.9560,1.2600,-0.5600,0.1400
2026-07-03,14:35:25,4670715,0.0044,-0.0190,-0.9565,1.1900,-0.5600,0.1400
2026-07-03,14:35:25,4670815,0.0059,-0.0210,-0.9550,1.1900,-0.4900,0.1400
20
26-07-03,14:35:25,4670915,0.0044,-0.0224,-0.9565,1.1900,-0.4900,0.1400
2026-07-03,14:35:25,4671015,0.0049,-0.0190,-0.9570,1.2600,-0.5600,0.1400
2026-07-03,14:35:25,4671115,0.0029,-0.0181,-0.9570,1.1900,-0.5600,0.1400
2026-07-03,14:35:25,4671
215,0.0049,-0.0200,-0.9560,1.1900,-0.4900,0.1400
2026-07-03,14:35:25,4671315,0.0044,-0.0176,-0.9526,1.2600,-0.5600,0.2100
2026-07-03,14:35:25,4671415,0.0059,-0.0229,-0.9560,1.1900,-0.4900,0.2100
2026-07-03,14:35:26,4671515,0.0059,-0.0200,-0.
9550,1.2600,-0.5600,0.2100
2026-07-03,14:35:26,4671615,0.0054,-0.0195,-0.9550,1.2600,-0.6300,0.1400
2026-07-03,14:35:26,4671720,0.0049,-0.0220,-0.9565,1.1900,-0.5600,0.1400
2026-07-03,14:35:26,4671815,0.0054,-0.0215,-0.9565,1.1200,-0.4900,0.
1400
2026-07-03,14:35:26,4671915,0.0054,-0.0205,-0.9575,1.2600,-0.4200,0.1400
2026-07-03,14:35:26,4672015,0.0034,-0.0200,-0.9570,1.1900,-0.4900,0.2100
2026-07-03,14:35:26,4672115,0.0063,-0.0195,-0.9555,1.1900,-0.5600,0.1400
2026-07-03,14:35
:26,4672215,0.0044,-0.0190,-0.9555,1.2600,-0.7000,0.1400
2026-07-03,14:35:26,4672315,0.0054,-0.0185,-0.9589,1.1900,-0.5600,0.0700
2026-07-03,14:35:26,4672419,0.0059,-0.0205,-0.9545,1.2600,-0.4900,0.2100
2026-07-03,14:35:27,4672515,0.0044,-0.
0190,-0.9565,1.1900,-0.5600,0.1400
2026-07-03,14:35:27,4672615,0.0029,-0.0190,-0.9555,1.1900,-0.5600,0.1400
2026-07-03,14:35:27,4672715,0.0054,-0.0185,-0.9555,1.3300,-0.5600,0.0700
2026-07-03,14:35:27,4672815,0.0059,-0.0190,-0.9550,1.1900,-0
.4900,0.2100
2026-07-03,14:35:27,4672915,0.0059,-0.0205,-0.9545,1.1900,-0.5600,0.1400
2026-07-03,14:35:27,4673015,0.0059,-0.0185,-0.9531,1.2600,-0.4200,0.1400
2026-07-03,14:35:27,4673120,0.0059,-0.0205,-0.9579,1.1900,-0.5600,0.1400
2026-07-
03,14:35:27,4673215,0.0059,-0.0220,-0.9516,1.2600,-0.6300,0.1400
2026-07-03,14:35:27,4673315,0.0029,-0.0200,-0.9555,1.1900,-0.4900,0.2100
2026-07-03,14:35:27,4673415,0.0059,-0.0224,-0.9555,1.2600,-0.4900,0.1400
2026-07-03,14:35:28,4673515,0.
0054,-0.0229,-0.9579,1.1200,-0.5600,0.2100
2026-07-03,14:35:28,4673615,0.0054,-0.0200,-0.9536,1.2600,-0.5600,0.2800
2026-07-03,14:35:28,4673715,0.0049,-0.0215,-0.9560,1.2600,-0.7000,0.1400
2026-07-03,14:35:28,4673815,0.0024,-0.0195,-0.9555,1
.1200,-0.5600,0.2800
2026-07-03,14:35:28,4673915,0.0059,-0.0200,-0.9570,1.2600,-0.5600,0.0700
2026-07-03,14:35:28,4674015,0.0078,-0.0205,-0.9555,1.1900,-0.5600,0.1400
2026-07-03,14:35:28,4674115,0.0039,-0.0200,-0.9531,1.1900,-0.5600,0.1400
2026-07-03,14:35:28,4674215,0.0015,-0.0185,-0.9570,1.1900,-0.6300,0.2100
2026-07-03,14:35:28,4674315,0.0054,-0.0220,-0.9575,1.2600,-0.4900,0.0700
2026-07-03,14:35:28,4674415,0.0063,-0.0200,-0.9565,1.1900,-0.5600,0.2100
2026-07-03,14:35:29,46
74515,0.0034,-0.0190,-0.9526,1.1900,-0.4900,0.1400
2026-07-03,14:35:29,4674615,0.0054,-0.0200,-0.9555,1.1900,-0.4900,0.2100
2026-07-03,14:35:29,4674715,0.0054,-0.0200,-0.9540,1.1200,-0.6300,0.1400
2026-07-03,14:35:29,4674815,0.0049,-0.0215,-
0.9570,1.1900,-0.4200,0.1400
2026-07-03,14:35:29,4674915,0.0039,-0.0195,-0.9536,1.2600,-0.5600,0.2100
2026-07-03,14:35:29,4675015,0.0054,-0.0220,-0.9560,1.2600,-0.5600,0.1400
2026-07-03,14:35:29,4675119,0.0054,-0.0185,-0.9540,1.3300,-0.4200,
0.1400
2026-07-03,14:35:29,4675215,0.0068,-0.0195,-0.9555,1.2600,-0.4900,0.2100
2026-07-03,14:35:29,4675315,0.0044,-0.0205,-0.9575,1.1200,-0.6300,0.0700
2026-07-03,14:35:29,4675415,0.0044,-0.0200,-0.9555,1.2600,-0.5600,0.1400
2026-07-03,14:
35:30,4675515,0.0049,-0.0224,-0.9555,1.2600,-0.5600,0.1400
2026-07-03,14:35:30,4675615,0.0054,-0.0220,-0.9570,1.2600,-0.5600,0.1400
2026-07-03,14:35:30,4675715,0.0034,-0.0195,-0.9570,1.3300,-0.5600,0.1400
2026-07-03,14:35:30,4675815,0.0049,-
0.0205,-0.9540,1.2600,-0.5600,0.1400
2026-07-03,14:35:30,4675915,0.0059,-0.0181,-0.9560,1.2600,-0.5600,0.2100
2026-07-03,14:35:30,4676015,0.0049,-0.0195,-0.9536,1.1900,-0.4200,0.1400
2026-07-03,14:35:30,4676115,0.0059,-0.0195,-0.9570,1.2600,
-0.4900,0.2100
2026-07-03,14:35:30,4676215,0.0059,-0.0205,-0.9560,1.1900,-0.5600,0.2100
2026-07-03,14:35:30,4676315,0.0073,-0.0195,-0.9550,1.2600,-0.5600,0.1400
2026-07-03,14:35:30,4676415,0.0068,-0.0205,-0.9579,1.1900,-0.4900,0.2100
2026-0
7-03,14:35:31,4676515,0.0063,-0.0210,-0.9545,1.2600,-0.5600,0.2100
2026-07-03,14:35:31,4676615,0.0083,-0.0220,-0.9545,1.3300,-0.5600,0.1400
2026-07-03,14:35:31,4676715,0.0054,-0.0185,-0.9545,1.2600,-0.5600,0.1400
2026-07-03,14:35:31,4676815,
0.0039,-0.0220,-0.9575,1.2600,-0.6300,0.1400
2026-07-03,14:35:31,4676915,0.0059,-0.0200,-0.9570,1.1900,-0.5600,0.1400
2026-07-03,14:35:31,4677015,0.0059,-0.0200,-0.9560,1.1900,-0.5600,0.2100
2026-07-03,14:35:31,4677115,0.0083,-0.0200,-0.9536
,1.2600,-0.7000,0.2100
2026-07-03,14:35:31,4677215,0.0078,-0.0200,-0.9555,1.1900,-0.4900,0.2100
2026-07-03,14:35:31,4677315,0.0068,-0.0185,-0.9560,1.2600,-0.5600,0.0700
2026-07-03,14:35:31,4677415,0.0059,-0.0185,-0.9545,1.2600,-0.5600,0.1400
2026-07-03,14:35:32,4677515,0.0054,-0.0176,-0.9570,1.2600,-0.5600,0.1400
2026-07-03,14:35:32,4677615,0.0049,-0.0220,-0.9565,1.2600,-0.5600,0.2100
2026-07-03,14:35:32,4677715,0.0059,-0.0205,-0.9531,1.1900,-0.5600,0.2100
2026-07-03,14:35:32,
4677815,0.0054,-0.0181,-0.9536,1.2600,-0.5600,0.2100
2026-07-03,14:35:32,4677915,0.0044,-0.0215,-0.9560,1.2600,-0.6300,0.2100
2026-07-03,14:35:32,4678015,0.0024,-0.0195,-0.9550,1.1900,-0.5600,0.1400
2026-07-03,14:35:32,4678115,0.0059,-0.0229
,-0.9536,1.2600,-0.5600,0.2100
2026-07-03,14:35:32,4678215,0.0044,-0.0176,-0.9560,1.1900,-0.6300,0.2100
2026-07-03,14:35:32,4678315,0.0054,-0.0200,-0.9536,1.1900,-0.5600,0.1400
2026-07-03,14:35:32,4678415,0.0063,-0.0215,-0.9560,1.2600,-0.560
0,0.1400
2026-07-03,14:35:33,4678515,0.0049,-0.0181,-0.9536,1.3300,-0.5600,0.1400
2026-07-03,14:35:33,4678615,0.0044,-0.0210,-0.9531,1.1900,-0.5600,0.0700
2026-07-03,14:35:33,4678715,0.0049,-0.0215,-0.9570,1.2600,-0.5600,0.2100
2026-07-03,1
4:35:33,4678815,0.0049,-0.0190,-0.9560,1.3300,-0.6300,0.1400
2026-07-03,14:35:33,4678915,0.0054,-0.0210,-0.9560,1.3300,-0.4900,0.1400
2026-07-03,14:35:33,4679015,0.0044,-0.0200,-0.9575,1.1900,-0.5600,0.2100
2026-07-03,14:35:33,4679115,0.0049
,-0.0200,-0.9570,1.2600,-0.4900,0.1400
2026-07-03,14:35:33,4679215,0.0054,-0.0200,-0.9555,1.1900,-0.5600,0.1400
2026-07-03,14:35:33,4679315,0.0063,-0.0181,-0.9531,1.1900,-0.4200,0.0700
2026-07-03,14:35:33,4679415,0.0039,-0.0195,-0.9560,1.260
0,-0.6300,0.1400
2026-07-03,14:35:34,4679515,0.0049,-0.0185,-0.9540,1.2600,-0.5600,0.2100
2026-07-03,14:35:34,4679615,0.0054,-0.0200,-0.9545,1.3300,-0.4900,0.1400
2026-07-03,14:35:34,4679715,0.0049,-0.0185,-0.9536,1.1900,-0.5600,0.1400
2026
-07-03,14:35:34,4679815,0.0039,-0.0210,-0.9550,1.2600,-0.5600,0.1400
2026-07-03,14:35:34,4679915,0.0063,-0.0205,-0.9584,1.1900,-0.5600,0.1400
2026-07-03,14:35:34,4680020,0.0039,-0.0190,-0.9540,1.1900,-0.4900,0.1400
2026-07-03,14:35:34,468011
9,0.0049,-0.0190,-0.9540,1.3300,-0.5600,0.2100
2026-07-03,14:35:34,4680215,0.0044,-0.0176,-0.9565,1.2600,-0.5600,0.1400
2026-07-03,14:35:34,4680315,0.0054,-0.0200,-0.9540,1.2600,-0.5600,0.1400
2026-07-03,14:35:34,4680415,0.0068,-0.0181,-0.95
60,1.1900,-0.4900,0.0700
2026-07-03,14:35:35,4680515,0.0034,-0.0190,-0.9565,1.1900,-0.5600,0.2100
2026-07-03,14:35:35,4680615,0.0054,-0.0200,-0.9570,1.2600,-0.5600,0.0700
2026-07-03,14:35:35,4680721,0.0024,-0.0185,-0.9526,1.2600,-0.4900,0.14
00
2026-07-03,14:35:35,4680815,0.0044,-0.0181,-0.9555,1.1900,-0.6300,0.2100
2026-07-03,14:35:35,4680915,0.0054,-0.0205,-0.9565,1.1900,-0.5600,0.1400
2026-07-03,14:35:35,4681015,0.0054,-0.0205,-0.9565,1.2600,-0.5600,0.1400
2026-07-03,14:35:3
5,4681115,0.0054,-0.0200,-0.9560,1.2600,-0.4900,0.2100
2026-07-03,14:35:35,4681215,0.0039,-0.0205,-0.9550,1.3300,-0.6300,0.1400
2026-07-03,14:35:35,4681315,0.0034,-0.0171,-0.9526,1.2600,-0.6300,0.1400
2026-07-03,14:35:35,4681420,0.0054,-0.02
05,-0.9550,1.1900,-0.4200,0.2100
2026-07-03,14:35:36,4681515,0.0049,-0.0185,-0.9555,1.1900,-0.4900,0.2100
2026-07-03,14:35:36,4681615,0.0059,-0.0181,-0.9555,1.2600,-0.5600,0.1400
2026-07-03,14:35:36,4681715,0.0073,-0.0195,-0.9560,1.2600,-0.6
300,0.1400
2026-07-03,14:35:36,4681815,0.0044,-0.0210,-0.9560,1.2600,-0.4900,0.2100
2026-07-03,14:35:36,4681915,0.0024,-0.0200,-0.9565,1.3300,-0.4200,0.1400
2026-07-03,14:35:36,4682015,0.0054,-0.0185,-0.9575,1.2600,-0.6300,0.1400
2026-07-03
,14:35:36,4682120,0.0073,-0.0176,-0.9560,1.2600,-0.5600,0.1400
2026-07-03,14:35:36,4682215,0.0049,-0.0195,-0.9565,1.1900,-0.5600,0.2100
2026-07-03,14:35:36,4682315,0.0063,-0.0195,-0.9545,1.1900,-0.5600,0.1400
2026-07-03,14:35:36,4682415,0.00
68,-0.0195,-0.9555,1.2600,-0.6300,0.2100
2026-07-03,14:35:37,4682515,0.0054,-0.0181,-0.9536,1.2600,-0.5600,0.2100
2026-07-03,14:35:37,4682615,0.0049,-0.0239,-0.9565,1.2600,-0.4900,0.0700
2026-07-03,14:35:37,4682715,0.0039,-0.0161,-0.9545,1.2
600,-0.4900,0.2100
2026-07-03,14:35:37,4682815,0.0063,-0.0200,-0.9560,1.2600,-0.4900,0.2100
2026-07-03,14:35:37,4682915,0.0068,-0.0210,-0.9545,1.2600,-0.6300,0.2100
2026-07-03,14:35:37,4683015,0.0039,-0.0181,-0.9560,1.2600,-0.4900,0.0700
20
26-07-03,14:35:37,4683115,0.0054,-0.0195,-0.9550,1.2600,-0.4900,0.1400
2026-07-03,14:35:37,4683215,0.0029,-0.0190,-0.9579,1.1900,-0.5600,0.2100
2026-07-03,14:35:37,4683315,0.0044,-0.0176,-0.9521,1.3300,-0.6300,0.2100
2026-07-03,14:35:37,4683
415,0.0039,-0.0224,-0.9550,1.2600,-0.6300,0.1400
2026-07-03,14:35:38,4683515,0.0059,-0.0190,-0.9550,1.2600,-0.4900,0.1400
2026-07-03,14:35:38,4683615,0.0044,-0.0215,-0.9550,1.2600,-0.5600,0.2100
2026-07-03,14:35:38,4683715,0.0068,-0.0200,-0.
9540,1.2600,-0.5600,0.1400
2026-07-03,14:35:38,4683815,0.0044,-0.0185,-0.9545,1.3300,-0.5600,0.1400
2026-07-03,14:35:38,4683915,0.0078,-0.0190,-0.9579,1.1900,-0.5600,0.1400
2026-07-03,14:35:38,4684015,0.0063,-0.0195,-0.9531,1.2600,-0.4900,0.
2100
2026-07-03,14:35:38,4684115,0.0068,-0.0210,-0.9550,1.2600,-0.6300,0.1400
2026-07-03,14:35:38,4684215,0.0039,-0.0210,-0.9579,1.2600,-0.5600,0.0700
2026-07-03,14:35:38,4684315,0.0049,-0.0224,-0.9565,1.2600,-0.6300,0.1400
2026-07-03,14:35
:38,4684415,0.0063,-0.0205,-0.9555,1.1900,-0.7700,0.0700
2026-07-03,14:35:39,4684515,0.0034,-0.0205,-0.9575,1.1900,-0.5600,0.1400
2026-07-03,14:35:39,4684615,0.0054,-0.0200,-0.9565,1.1900,-0.5600,0.0700
2026-07-03,14:35:39,4684715,0.0063,-0.
0210,-0.9570,1.2600,-0.4900,0.2100
2026-07-03,14:35:39,4684815,0.0039,-0.0200,-0.9570,1.1900,-0.4900,0.1400
2026-07-03,14:35:39,4684915,0.0049,-0.0181,-0.9550,1.1200,-0.5600,0.0700
2026-07-03,14:35:39,4685015,0.0039,-0.0195,-0.9560,1.2600,-0
.7000,0.1400
2026-07-03,14:35:39,4685119,0.0044,-0.0185,-0.9560,1.3300,-0.4900,0.2100
2026-07-03,14:35:39,4685215,0.0039,-0.0185,-0.9560,1.2600,-0.6300,0.1400
2026-07-03,14:35:39,4685315,0.0078,-0.0224,-0.9599,1.1200,-0.7700,0.1400
2026-07-
03,14:35:39,4685415,0.0010,-0.0200,-0.9536,1.1900,-0.7700,0.1400
2026-07-03,14:35:40,4685515,0.0083,-0.0171,-0.9516,1.2600,-0.4200,0.1400
2026-07-03,14:35:40,4685615,0.0112,-0.0195,-0.9584,1.1900,-0.5600,0.1400
2026-07-03,14:35:40,4685715,0.
0127,-0.0200,-0.9594,1.3300,-0.4200,0.1400
2026-07-03,14:35:40,4685815,0.0059,-0.0073,-0.9404,1.2600,-0.5600,0.2100
2026-07-03,14:35:40,4685915,0.0073,-0.0215,-0.9609,1.2600,-0.4200,0.1400
2026-07-03,14:35:40,4686015,0.0029,-0.0181,-0.9550,1
.3300,-0.5600,0.2100
2026-07-03,14:35:40,4686115,0.0029,-0.0215,-0.9579,1.3300,-0.5600,0.1400
2026-07-03,14:35:40,4686215,0.0039,-0.0215,-0.9565,1.1900,-0.5600,0.1400
2026-07-03,14:35:40,4686315,0.0044,-0.0200,-0.9570,1.2600,-0.7000,0.1400
2026-07-03,14:35:40,4686415,0.0020,-0.0244,-0.9604,1.1900,-0.8400,0.3500
2026-07-03,14:35:41,4686515,0.0122,-0.0059,-0.9550,1.4000,-0.4200,0.2100
2026-07-03,14:35:41,4686615,0.0503,-0.0098,-0.9594,1.1900,-0.5600,0.1400
2026-07-03,14:35:41,46
86715,0.0146,-0.0137,-0.9536,1.2600,-0.3500,0.0700
2026-07-03,14:35:41,4686815,-0.0059,-0.0224,-0.9555,1.1900,-0.6300,0.2100
2026-07-03,14:35:41,4686915,-0.0088,-0.0273,-0.9570,1.3300,-0.7000,0.2100
2026-07-03,14:35:41,4687015,-0.0039,-0.027
3,-0.9565,1.3300,-0.5600,0.1400
2026-07-03,14:35:41,4687115,0.0039,-0.0205,-0.9560,1.2600,-0.6300,0.2100
2026-07-03,14:35:41,4687215,0.0063,-0.0190,-0.9536,1.2600,-0.6300,0.1400
2026-07-03,14:35:41,4687315,0.0073,-0.0093,-0.9501,1.1900,-0.63
00,0.0700
2026-07-03,14:35:41,4687415,0.0054,-0.0200,-0.9506,1.1200,-0.5600,0.2100
2026-07-03,14:35:42,4687515,0.0083,-0.0181,-0.9536,1.2600,-0.5600,0.2100
2026-07-03,14:35:42,4687615,0.0195,-0.0386,-0.9579,1.4000,-0.8400,0.0700
2026-07-03,
14:35:42,4687715,0.0049,-0.0185,-0.9482,0.9800,-0.6300,0.1400
2026-07-03,14:35:42,4687815,0.0015,-0.0171,-0.9526,1.1900,-0.4900,0.2800
2026-07-03,14:35:42,4687915,0.0068,-0.0210,-0.9570,1.2600,-0.5600,0.2800
2026-07-03,14:35:42,4688015,0.005
9,-0.0205,-0.9560,1.1900,-0.5600,0.2100
2026-07-03,14:35:42,4688115,0.0024,-0.0244,-0.9550,1.2600,-0.4900,0.2100
2026-07-03,14:35:42,4688215,0.0073,-0.0215,-0.9545,1.2600,-0.6300,0.0700
2026-07-03,14:35:42,4688320,0.0044,-0.0200,-0.9570,1.12
00,-0.5600,0.1400
2026-07-03,14:35:42,4688415,0.0044,-0.0200,-0.9555,1.3300,-0.4900,0.1400
2026-07-03,14:35:43,4688515,0.0049,-0.0210,-0.9560,1.2600,-0.4900,0.2100
2026-07-03,14:35:43,4688615,0.0054,-0.0190,-0.9550,1.3300,-0.4900,0.2100
202
6-07-03,14:35:43,4688715,0.0034,-0.0181,-0.9555,1.2600,-0.4900,0.1400
2026-07-03,14:35:43,4688815,0.0049,-0.0210,-0.9550,1.1900,-0.6300,0.1400
2026-07-03,14:35:43,4688915,0.0049,-0.0200,-0.9560,1.1900,-0.5600,0.1400
2026-07-03,14:35:43,46890
20,0.0054,-0.0220,-0.9545,1.2600,-0.4900,0.1400
2026-07-03,14:35:43,4689115,0.0039,-0.0200,-0.9555,1.2600,-0.5600,0.1400
2026-07-03,14:35:43,4689215,0.0039,-0.0210,-0.9570,1.1900,-0.5600,0.1400
2026-07-03,14:35:43,4689315,0.0034,-0.0205,-0.9
536,1.1900,-0.4900,0.2800
2026-07-03,14:35:43,4689415,0.0054,-0.0205,-0.9550,1.2600,-0.4200,0.2100
2026-07-03,14:35:44,4689515,0.0049,-0.0210,-0.9550,1.1200,-0.4900,0.2100
2026-07-03,14:35:44,4689615,0.0059,-0.0205,-0.9565,1.1900,-0.4900,0.2
100
2026-07-03,14:35:44,4689720,0.0039,-0.0205,-0.9589,1.2600,-0.5600,0.1400
2026-07-03,14:35:44,4689815,0.0078,-0.0195,-0.9570,1.2600,-0.6300,0.1400
2026-07-03,14:35:44,4689915,0.0059,-0.0185,-0.9565,1.2600,-0.5600,0.1400
2026-07-03,14:35:
44,4690015,0.0063,-0.0200,-0.9560,1.2600,-0.5600,0.1400
2026-07-03,14:35:44,4690119,0.0049,-0.0224,-0.9560,1.3300,-0.5600,0.1400
2026-07-03,14:35:44,4690215,0.0049,-0.0195,-0.9555,1.3300,-0.5600,0.2100
2026-07-03,14:35:44,4690315,0.0049,-0.0
220,-0.9570,1.2600,-0.4900,0.1400
2026-07-03,14:35:44,4690419,0.0054,-0.0200,-0.9521,1.2600,-0.5600,0.2100
2026-07-03,14:35:45,4690515,0.0112,-0.0254,-0.9682,1.2600,-0.7700,0.1400
2026-07-03,14:35:45,4690615,0.0054,-0.0171,-0.9501,1.2600,-0.
7000,0.0700
2026-07-03,14:35:45,4690715,0.0034,-0.0210,-0.9370,1.0500,-0.4200,0.2100
2026-07-03,14:35:45,4690815,0.0063,-0.0244,-0.9692,1.2600,-0.5600,0.1400
2026-07-03,14:35:45,4690915,0.0034,-0.0190,-0.9540,1.2600,-0.4900,0.2100
2026-07-0
3,14:35:45,4691015,0.0029,-0.0195,-0.9467,1.2600,-0.4200,0.0700
2026-07-03,14:35:45,4691115,0.0044,-0.0200,-0.9550,1.1900,-0.6300,0.2100
2026-07-03,14:35:45,4691215,0.0039,-0.0195,-0.9555,1.2600,-0.6300,0.0000
2026-07-03,14:35:45,4691315,0.0
029,-0.0195,-0.9545,1.2600,-0.4900,0.1400
2026-07-03,14:35:45,4691415,0.0049,-0.0215,-0.9565,1.1200,-0.5600,0.1400
2026-07-03,14:35:46,4691515,0.0044,-0.0210,-0.9565,1.1900,-0.7000,0.2100
2026-07-03,14:35:46,4691615,0.0073,-0.0190,-0.9540,1.
3300,-0.4900,0.2100
2026-07-03,14:35:46,4691715,0.0034,-0.0210,-0.9555,1.2600,-0.6300,0.2100
2026-07-03,14:35:46,4691815,0.0034,-0.0190,-0.9545,1.1900,-0.7000,0.1400
2026-07-03,14:35:46,4691915,0.0029,-0.0200,-0.9560,1.1900,-0.4900,0.1400
2
026-07-03,14:35:46,4692015,0.0049,-0.0195,-0.9521,1.1900,-0.6300,0.1400
2026-07-03,14:35:46,4692115,0.0054,-0.0210,-0.9550,1.0500,-0.4900,0.2100
2026-07-03,14:35:46,4692215,0.0073,-0.0185,-0.9540,1.1900,-0.5600,0.1400
2026-07-03,14:35:46,469
2315,0.0063,-0.0185,-0.9565,1.1900,-0.6300,0.0700
2026-07-03,14:35:46,4692415,0.0039,-0.0181,-0.9521,1.2600,-0.6300,0.1400
2026-07-03,14:35:47,4692515,0.0039,-0.0190,-0.9545,1.2600,-0.5600,0.1400
2026-07-03,14:35:47,4692615,0.0068,-0.0200,-0
.9560,1.2600,-0.6300,0.1400
2026-07-03,14:35:47,4692715,0.0054,-0.0195,-0.9531,1.2600,-0.4900,0.1400
2026-07-03,14:35:47,4692815,0.0049,-0.0185,-0.9555,1.1900,-0.5600,0.2100
2026-07-03,14:35:47,4692915,0.0068,-0.0195,-0.9565,1.2600,-0.7000,0
.2100
2026-07-03,14:35:47,4693015,0.0068,-0.0200,-0.9550,1.1900,-0.4900,0.1400
2026-07-03,14:35:47,4693115,0.0054,-0.0200,-0.9521,1.1900,-0.5600,0.1400
2026-07-03,14:35:47,4693215,0.0073,-0.0190,-0.9550,1.2600,-0.7000,0.2100
2026-07-03,14:3
5:47,4693315,0.0083,-0.0166,-0.9516,1.2600,-0.6300,0.0700
2026-07-03,14:35:47,4693415,0.0054,-0.0195,-0.9604,1.1900,-0.7000,0.1400
2026-07-03,14:35:48,4693515,0.0073,-0.0298,-0.9438,1.1900,-0.9100,0.1400
2026-07-03,14:35:48,4693615,0.0020,-0
.0205,-0.9409,1.2600,-0.6300,0.1400
2026-07-03,14:35:48,4693715,0.0117,-0.0259,-0.9579,1.1900,-0.7000,0.1400
2026-07-03,14:35:48,4693815,0.0020,-0.0200,-0.9584,1.1900,-0.4900,0.2100
2026-07-03,14:35:48,4693915,0.0073,-0.0215,-0.9545,1.1900,-
0.4900,0.2100
2026-07-03,14:35:48,4694015,0.0078,-0.0293,-0.9648,1.1900,-0.7000,0.0700
2026-07-03,14:35:48,4694115,0.0015,-0.0185,-0.9565,1.1900,-0.5600,0.2100
2026-07-03,14:35:48,4694215,0.0044,-0.0185,-0.9579,1.1900,-0.4900,0.1400
2026-07
-03,14:35:48,4694315,0.0044,-0.0068,-0.9511,1.3300,-0.6300,0.2100
2026-07-03,14:35:48,4694415,0.0049,-0.0234,-0.9570,1.2600,-0.6300,0.2100
2026-07-03,14:35:49,4694515,0.0059,-0.0195,-0.9540,1.1900,-0.6300,0.2100
2026-07-03,14:35:49,4694615,0
.0078,-0.0185,-0.9555,1.2600,-0.5600,0.1400
2026-07-03,14:35:49,4694715,0.0073,-0.0190,-0.9584,1.1900,-0.6300,0.0700
2026-07-03,14:35:49,4694815,0.0015,-0.0181,-0.9716,1.2600,-0.4200,0.2100
2026-07-03,14:35:49,4694915,-0.0049,-0.0268,-0.9570
,1.1900,-0.6300,0.2100
2026-07-03,14:35:49,4695015,-0.0015,-0.0264,-0.9472,1.2600,-0.4900,0.1400
2026-07-03,14:35:49,4695119,0.0078,-0.0122,-0.9443,1.4000,-0.3500,0.1400
2026-07-03,14:35:49,4695215,0.0063,-0.0205,-0.9575,1.2600,-0.5600,0.140
0
2026-07-03,14:35:49,4695315,0.0044,-0.0259,-0.9589,1.1900,-0.5600,0.0700
2026-07-03,14:35:49,4695415,0.0024,-0.0210,-0.9501,1.0500,-0.7700,0.1400
2026-07-03,14:35:50,4695515,0.0029,-0.0234,-0.9526,1.2600,-0.6300,0.1400
2026-07-03,14:35:50
,4695615,0.0020,-0.0215,-0.9599,1.1900,-0.4900,0.2100
2026-07-03,14:35:50,4695715,0.0063,-0.0200,-0.9540,1.1900,-0.6300,0.1400
2026-07-03,14:35:50,4695815,0.0029,-0.0254,-0.9599,1.1900,-0.4900,0.0700
2026-07-03,14:35:50,4695915,0.0000,-0.020
5,-0.9555,1.1200,-0.4900,0.1400
2026-07-03,14:35:50,4696015,0.0034,-0.0205,-0.9550,1.3300,-0.4900,0.1400
2026-07-03,14:35:50,4696115,0.0000,-0.0176,-0.9521,1.3300,-0.5600,0.1400
2026-07-03,14:35:50,4696215,0.0073,-0.0327,-0.9536,1.3300,-0.63
00,0.1400
2026-07-03,14:35:50,4696315,0.0010,-0.0200,-0.9516,1.2600,-0.6300,0.1400
2026-07-03,14:35:50,4696415,0.0039,-0.0195,-0.9545,1.1900,-0.6300,0.1400
2026-07-03,14:35:51,4696515,0.0044,-0.0195,-0.9531,1.2600,-0.5600,0.1400
2026-07-03,
14:35:51,4696620,0.0039,-0.0190,-0.9550,1.1900,-0.4900,0.2100
2026-07-03,14:35:51,4696715,0.0063,-0.0229,-0.9560,1.1900,-0.6300,0.2100
2026-07-03,14:35:51,4696815,0.0063,-0.0185,-0.9536,1.1900,-0.7000,0.0700
2026-07-03,14:35:51,4696915,0.003
9,-0.0200,-0.9540,1.2600,-0.4900,0.0700
2026-07-03,14:35:51,4697015,0.0044,-0.0185,-0.9560,1.1900,-0.5600,0.1400
2026-07-03,14:35:51,4697115,0.0054,-0.0200,-0.9531,1.1900,-0.6300,0.1400
2026-07-03,14:35:51,4697215,0.0044,-0.0190,-0.9550,1.26
00,-0.4900,0.1400
2026-07-03,14:35:51,4697320,0.0054,-0.0200,-0.9560,1.2600,-0.5600,0.0700
2026-07-03,14:35:51,4697415,0.0039,-0.0185,-0.9540,1.3300,-0.5600,0.1400
2026-07-03,14:35:52,4697515,0.0063,-0.0181,-0.9560,1.1900,-0.4900,0.1400
202
6-07-03,14:35:52,4697615,0.0054,-0.0195,-0.9555,1.1900,-0.5600,0.2100
2026-07-03,14:35:52,4697715,0.0044,-0.0215,-0.9540,1.2600,-0.5600,0.1400
2026-07-03,14:35:52,4697815,0.0054,-0.0205,-0.9545,1.3300,-0.4900,0.2100
2026-07-03,14:35:52,46979
15,0.0083,-0.0205,-0.9560,1.1200,-0.6300,0.0700
2026-07-03,14:35:52,4698020,0.0044,-0.0185,-0.9536,1.1900,-0.5600,0.2100
2026-07-03,14:35:52,4698115,0.0034,-0.0215,-0.9560,1.1900,-0.5600,0.2100
2026-07-03,14:35:52,4698215,0.0049,-0.0200,-0.9
570,1.2600,-0.5600,0.2100
2026-07-03,14:35:52,4698315,0.0073,-0.0205,-0.9560,1.2600,-0.7000,0.0700
2026-07-03,14:35:52,4698415,0.0049,-0.0205,-0.9565,1.2600,-0.5600,0.1400
2026-07-03,14:35:53,4698515,0.0034,-0.0181,-0.9540,1.1900,-0.5600,0.0
700
2026-07-03,14:35:53,4698615,0.0059,-0.0195,-0.9560,1.2600,-0.4900,0.1400
2026-07-03,14:35:53,4698720,0.0039,-0.0210,-0.9550,1.2600,-0.5600,0.2100
2026-07-03,14:35:53,4698815,0.0063,-0.0195,-0.9540,1.2600,-0.6300,0.0700
2026-07-03,14:35:
53,4698915,0.0020,-0.0195,-0.9555,1.1900,-0.4900,0.1400
2026-07-03,14:35:53,4699015,0.0049,-0.0190,-0.9545,1.1900,-0.5600,0.2100
2026-07-03,14:35:53,4699115,0.0073,-0.0210,-0.9540,1.1200,-0.5600,0.1400
2026-07-03,14:35:53,4699215,0.0049,-0.0
156,-0.9531,1.2600,-0.4900,0.2100
2026-07-03,14:35:53,4699315,0.0034,-0.0166,-0.9545,1.2600,-0.3500,0.1400
2026-07-03,14:35:53,4699415,0.0073,-0.0185,-0.9540,1.2600,-0.5600,0.0700
2026-07-03,14:35:54,4699515,0.0088,-0.0195,-0.9570,1.1900,-0.
4900,0.1400
2026-07-03,14:35:54,4699615,0.0059,-0.0220,-0.9560,1.2600,-0.6300,0.1400
2026-07-03,14:35:54,4699715,0.0039,-0.0195,-0.9555,1.1200,-0.5600,0.2100
2026-07-03,14:35:54,4699815,0.0083,-0.0195,-0.9555,1.2600,-0.4900,0.1400
2026-07-0
3,14:35:54,4699915,0.0068,-0.0210,-0.9555,1.3300,-0.4900,0.0700
2026-07-03,14:35:54,4700015,0.0049,-0.0195,-0.9560,1.2600,-0.4900,0.0700
2026-07-03,14:35:54,4700119,0.0039,-0.0215,-0.9555,1.1900,-0.6300,0.0700
2026-07-03,14:35:54,4700215,0.0
039,-0.0210,-0.9560,1.2600,-0.5600,0.2100
2026-07-03,14:35:54,4700315,0.0063,-0.0205,-0.9555,1.2600,-0.6300,0.1400
2026-07-03,14:35:54,4700415,0.0010,-0.0195,-0.9550,1.1900,-0.5600,0.1400
2026-07-03,14:35:55,4700515,0.0073,-0.0181,-0.9570,1.
2600,-0.6300,0.1400
2026-07-03,14:35:55,4700615,0.0059,-0.0190,-0.9550,1.2600,-0.6300,0.1400
2026-07-03,14:35:55,4700715,0.0059,-0.0190,-0.9565,1.1900,-0.5600,0.0700
2026-07-03,14:35:55,4700815,0.0044,-0.0190,-0.9550,1.2600,-0.4900,0.1400
2
026-07-03,14:35:55,4700915,0.0015,-0.0234,-0.9560,1.1900,-0.7700,0.2800
2026-07-03,14:35:55,4701015,0.0020,-0.0210,-0.9521,1.2600,-0.5600,0.2100
2026-07-03,14:35:55,4701115,0.0010,-0.0215,-0.9550,1.2600,-0.4900,0.2100
2026-07-03,14:35:55,470
1215,0.0034,-0.0215,-0.9550,1.1900,-0.4900,0.1400
2026-07-03,14:35:55,4701315,0.0054,-0.0210,-0.9540,1.2600,-0.5600,0.1400
2026-07-03,14:35:55,4701415,0.0068,-0.0200,-0.9565,1.1900,-0.6300,0.1400
2026-07-03,14:35:56,4701515,0.0078,-0.0224,-0
.9570,1.2600,-0.5600,0.2100
2026-07-03,14:35:56,4701615,0.0044,-0.0205,-0.9521,1.2600,-0.6300,0.1400
2026-07-03,14:35:56,4701715,0.0059,-0.0171,-0.9540,1.3300,-0.5600,0.1400
2026-07-03,14:35:56,4701815,0.0063,-0.0185,-0.9545,1.2600,-0.4900,0
.2100
2026-07-03,14:35:56,4701915,0.0073,-0.0195,-0.9614,1.3300,-0.4900,0.2100
2026-07-03,14:35:56,4702015,0.0068,-0.0195,-0.9545,1.1900,-0.4200,0.2100
2026-07-03,14:35:56,4702115,0.0054,-0.0176,-0.9545,1.2600,-0.5600,0.2100
2026-07-03,14:3
5:56,4702215,0.0039,-0.0195,-0.9540,1.1900,-0.4900,0.1400
2026-07-03,14:35:56,4702315,0.0068,-0.0200,-0.9550,1.1900,-0.7000,0.1400
2026-07-03,14:35:56,4702415,0.0039,-0.0220,-0.9555,1.1900,-0.5600,0.1400
2026-07-03,14:35:57,4702515,0.0063,-0
.0205,-0.9550,1.2600,-0.4900,0.1400
2026-07-03,14:35:57,4702615,0.0049,-0.0239,-0.9531,1.1900,-0.5600,0.0700
2026-07-03,14:35:57,4702715,0.0054,-0.0195,-0.9540,1.2600,-0.5600,0.1400
2026-07-03,14:35:57,4702815,0.0059,-0.0234,-0.9658,1.1900,-
0.5600,0.2100
2026-07-03,14:35:57,4702915,0.0049,-0.0181,-0.9492,1.1900,-0.5600,0.1400
2026-07-03,14:35:57,4703015,0.0059,-0.0181,-0.9545,1.3300,-0.4900,0.0700
2026-07-03,14:35:57,4703115,0.0039,-0.0215,-0.9560,1.2600,-0.6300,0.1400
2026-07
-03,14:35:57,4703215,0.0029,-0.0215,-0.9653,1.4000,-0.4200,0.0700
2026-07-03,14:35:57,4703315,0.0000,-0.0234,-0.9579,1.2600,-0.5600,0.2100
2026-07-03,14:35:57,4703415,0.0059,-0.0190,-0.9531,1.2600,-0.5600,0.1400
2026-07-03,14:35:58,4703515,0
.0005,-0.0220,-0.9604,1.3300,-0.3500,0.0700
2026-07-03,14:35:58,4703615,0.0059,-0.0176,-0.9516,1.1200,-0.5600,0.1400
2026-07-03,14:35:58,4703715,0.0039,-0.0210,-0.9540,1.2600,-0.5600,0.1400
2026-07-03,14:35:58,4703815,0.0039,-0.0205,-0.9521,
1.2600,-0.5600,0.0700
2026-07-03,14:35:58,4703915,0.0020,-0.0215,-0.9560,1.1900,-0.6300,0.2100
2026-07-03,14:35:58,4704015,0.0029,-0.0210,-0.9545,1.2600,-0.5600,0.2100
2026-07-03,14:35:58,4704115,0.0068,-0.0200,-0.9579,1.4000,-0.5600,0.1400
2026-07-03,14:35:58,4704215,0.0029,-0.0224,-0.9584,1.2600,-0.4900,0.2100
2026-07-03,14:35:58,4704315,0.0054,-0.0166,-0.9506,1.1900,-0.4200,0.1400
2026-07-03,14:35:58,4704415,0.0029,-0.0190,-0.9501,1.2600,-0.5600,0.1400
2026-07-03,14:35:59,4
704515,0.0034,-0.0229,-0.9536,1.1900,-0.6300,0.2100
2026-07-03,14:35:59,4704615,0.0020,-0.0210,-0.9545,1.1900,-0.4900,0.1400
2026-07-03,14:35:59,4704715,0.0112,-0.0220,-0.9516,1.3300,-0.3500,0.0700
2026-07-03,14:35:59,4704815,0.0098,-0.0190,
-0.9570,1.2600,-0.6300,0.1400
2026-07-03,14:35:59,4704915,0.0054,-0.0200,-0.9536,1.2600,-0.5600,0.1400
2026-07-03,14:35:59,4705015,0.0034,-0.0200,-0.9609,1.2600,-0.2800,0.2100
2026-07-03,14:35:59,4705119,0.0005,-0.0244,-0.9584,1.2600,-0.4900
,0.1400
2026-07-03,14:35:59,4705215,0.0073,-0.0249,-0.9536,1.2600,-0.4200,0.1400
2026-07-03,14:35:59,4705315,0.0073,-0.0210,-0.9560,1.2600,-0.6300,0.2100
2026-07-03,14:35:59,4705415,0.0029,-0.0210,-0.9589,1.2600,-0.6300,0.2100
2026-07-03,14
:36:00,4705515,0.0044,-0.0171,-0.9545,1.2600,-0.6300,0.1400
2026-07-03,14:36:00,4705620,0.0039,-0.0229,-0.9633,1.2600,-0.5600,0.1400
2026-07-03,14:36:00,4705715,0.0068,-0.0215,-0.9579,1.1900,-0.5600,0.0700
2026-07-03,14:36:00,4705815,0.0073,
-0.0215,-0.9589,1.2600,-0.5600,0.2100
2026-07-03,14:36:00,4705915,0.0049,-0.0215,-0.9550,1.1900,-0.6300,0.1400
2026-07-03,14:36:00,4706015,0.0073,-0.0190,-0.9565,1.2600,-0.4900,0.2100
2026-07-03,14:36:00,4706115,0.0039,-0.0190,-0.9575,1.1900
,-0.6300,0.1400
2026-07-03,14:36:00,4706215,0.0054,-0.0215,-0.9550,1.2600,-0.4900,0.2100
2026-07-03,14:36:00,4706320,0.0054,-0.0220,-0.9555,1.3300,-0.4900,0.1400
2026-07-03,14:36:00,4706415,0.0024,-0.0224,-0.9565,1.2600,-0.6300,0.1400
2026-
07-03,14:36:01,4706515,0.0029,-0.0210,-0.9545,1.2600,-0.5600,0.2100
2026-07-03,14:36:01,4706615,0.0044,-0.0200,-0.9560,1.1900,-0.6300,0.1400
2026-07-03,14:36:01,4706715,0.0039,-0.0068,-0.9516,1.1900,-0.7000,0.1400
2026-07-03,14:36:01,4706815
,0.0098,-0.0205,-0.9579,1.2600,-0.5600,0.2800
2026-07-03,14:36:01,4706915,0.0073,-0.0185,-0.9540,1.1900,-0.5600,0.1400
2026-07-03,14:36:01,4707020,0.0078,-0.0195,-0.9570,1.2600,-0.7000,0.1400
2026-07-03,14:36:01,4707115,0.0063,-0.0229,-0.955
0,1.1200,-0.4900,0.2100
2026-07-03,14:36:01,4707215,0.0068,-0.0146,-0.9594,1.2600,-0.5600,0.1400
2026-07-03,14:36:01,4707315,0.0015,-0.0185,-0.9501,1.2600,-0.5600,0.2100
2026-07-03,14:36:01,4707415,0.0029,-0.0176,-0.9536,1.2600,-0.4900,0.140
0
2026-07-03,14:36:02,4707515,0.0044,-0.0176,-0.9570,1.1900,-0.5600,0.2100
2026-07-03,14:36:02,4707615,0.0054,-0.0220,-0.9545,1.2600,-0.6300,0.1400
2026-07-03,14:36:02,4707715,0.0059,-0.0200,-0.9565,1.2600,-0.7000,0.1400
2026-07-03,14:36:02
,4707815,0.0093,-0.0132,-0.9550,1.3300,-0.5600,0.0700
2026-07-03,14:36:02,4707915,0.0078,-0.0176,-0.9516,1.2600,-0.4900,0.2100
2026-07-03,14:36:02,4708015,0.0049,-0.0185,-0.9550,1.1900,-0.5600,0.2100
2026-07-03,14:36:02,4708115,0.0039,-0.018
1,-0.9545,1.1900,-0.4200,0.2100
2026-07-03,14:36:02,4708215,0.0083,-0.0215,-0.9550,1.3300,-0.4200,0.1400
2026-07-03,14:36:02,4708315,0.0078,-0.0181,-0.9521,1.2600,-0.5600,0.2100
2026-07-03,14:36:02,4708415,0.0059,-0.0185,-0.9365,1.1200,-0.49
00,0.2100
2026-07-03,14:36:03,4708515,0.0083,-0.0205,-0.9614,1.2600,-0.4900,0.2100
2026-07-03,14:36:03,4708615,0.0054,-0.0200,-0.9579,1.1900,-0.6300,0.1400
2026-07-03,14:36:03,4708715,0.0059,-0.0176,-0.9570,1.1900,-0.5600,0.2100
2026-07-03,
14:36:03,4708815,0.0054,-0.0293,-0.9594,1.3300,-0.5600,0.0700
2026-07-03,14:36:03,4708915,0.0020,-0.0142,-0.9550,1.1200,-0.4200,0.1400
2026-07-03,14:36:03,4709015,-0.0005,-0.0200,-0.9579,1.1900,-0.4900,0.1400
2026-07-03,14:36:03,4709115,0.00
34,-0.0210,-0.9565,1.2600,-0.5600,0.1400
2026-07-03,14:36:03,4709215,-0.0039,-0.0156,-0.9448,1.2600,-0.4900,0.2100
2026-07-03,14:36:03,4709315,-0.0015,-0.0200,-0.9526,1.1200,-0.3500,0.2800
2026-07-03,14:36:03,4709415,0.0000,-0.0220,-0.9594,1
.1900,-0.5600,0.2100
2026-07-03,14:36:04,4709515,0.0029,-0.0224,-0.9516,1.2600,-0.5600,0.0700
2026-07-03,14:36:04,4709615,0.0015,-0.0234,-0.9584,1.1900,-0.4900,0.1400
2026-07-03,14:36:04,4709715,0.0029,-0.0210,-0.9545,1.2600,-0.5600,0.1400
2026-07-03,14:36:04,4709815,0.0068,-0.0200,-0.9526,1.2600,-0.4200,0.1400
2026-07-03,14:36:04,4709915,0.0010,-0.0249,-0.9423,1.1200,-0.7700,0.2100
2026-07-03,14:36:04,4710015,0.0000,-0.0239,-0.9599,1.2600,-0.6300,0.2100
2026-07-03,14:36:04,47
10119,-0.0044,-0.0205,-0.9662,1.4000,-0.4900,0.2100
2026-07-03,14:36:04,4710215,-0.0034,-0.0224,-0.9536,1.3300,-0.7000,0.2100
2026-07-03,14:36:04,4710315,0.0015,-0.0200,-0.9531,1.2600,-0.5600,0.1400
2026-07-03,14:36:04,4710415,0.0000,-0.0190
,-0.9545,1.1900,-0.7000,0.2100
2026-07-03,14:36:05,4710515,0.0054,-0.0190,-0.9565,1.1900,-0.5600,0.1400
2026-07-03,14:36:05,4710615,0.0063,-0.0200,-0.9536,1.2600,-0.4200,0.1400
2026-07-03,14:36:05,4710715,0.0039,-0.0210,-0.9677,1.3300,-0.490
0,0.2100
2026-07-03,14:36:05,4710815,0.0015,-0.0200,-0.9531,1.2600,-0.4900,0.2100
2026-07-03,14:36:05,4710915,0.0024,-0.0185,-0.9550,1.1900,-0.6300,0.0700
2026-07-03,14:36:05,4711015,0.0010,-0.0215,-0.9579,1.2600,-0.7000,0.1400
2026-07-03,1
4:36:05,4711115,0.0010,-0.0161,-0.9545,1.1200,-0.7000,0.2100
2026-07-03,14:36:05,4711215,0.0020,-0.0190,-0.9638,1.3300,-0.5600,0.1400
2026-07-03,14:36:05,4711315,-0.0029,-0.0229,-0.9448,1.2600,-0.4200,0.2100
2026-07-03,14:36:05,4711415,0.006
8,-0.0239,-0.9579,1.1900,-0.5600,0.0700
2026-07-03,14:36:06,4711515,-0.0010,-0.0249,-0.9487,1.3300,-0.4900,0.1400
2026-07-03,14:36:06,4711615,-0.0015,-0.0249,-0.9589,1.1200,-0.4200,0.1400
2026-07-03,14:36:06,4711715,0.0000,-0.0195,-0.9516,1.
1900,-0.5600,0.1400
2026-07-03,14:36:06,4711815,0.0142,-0.0249,-0.9384,1.3300,-0.2100,0.0700
2026-07-03,14:36:06,4711915,0.0049,-0.0239,-0.9579,1.1200,-0.4900,0.1400
2026-07-03,14:36:06,4712015,0.0020,-0.0181,-0.9496,1.1900,-0.5600,0.2100
2
026-07-03,14:36:06,4712115,0.0063,-0.0283,-0.9589,1.2600,-0.4900,0.1400
2026-07-03,14:36:06,4712215,0.0054,-0.0185,-0.9565,1.1900,-0.5600,0.1400
2026-07-03,14:36:06,4712315,0.0049,-0.0156,-0.9482,1.1200,-0.7000,0.1400
2026-07-03,14:36:06,471
2415,0.0049,-0.0161,-0.9594,1.4000,-0.4900,0.1400
2026-07-03,14:36:07,4712515,0.0049,-0.0220,-0.9555,1.2600,-0.5600,0.1400
2026-07-03,14:36:07,4712615,0.0068,-0.0205,-0.9506,1.2600,-0.5600,0.1400
2026-07-03,14:36:07,4712715,0.0059,-0.0176,-0
.9589,1.2600,-0.5600,0.1400
2026-07-03,14:36:07,4712815,0.0102,-0.0195,-0.9565,1.1900,-0.6300,0.2100
2026-07-03,14:36:07,4712915,0.0093,-0.0117,-0.9433,1.1900,-0.6300,0.2100
2026-07-03,14:36:07,4713015,0.0102,-0.0181,-0.9536,1.2600,-0.4200,0
.2100
2026-07-03,14:36:07,4713115,0.0049,-0.0181,-0.9555,1.1200,-0.4900,0.1400
2026-07-03,14:36:07,4713220,0.0102,-0.0137,-0.9482,1.1200,-0.7000,0.2100
2026-07-03,14:36:07,4713315,0.0093,-0.0229,-0.9570,1.2600,-0.5600,0.2100
2026-07-03,14:3
6:07,4713415,0.0098,-0.0215,-0.9565,1.2600,-0.6300,0.1400
2026-07-03,14:36:08,4713515,0.0063,-0.0205,-0.9492,1.1200,-0.4200,0.1400
2026-07-03,14:36:08,4713615,0.0112,-0.0229,-0.9545,1.1900,-0.3500,0.1400
2026-07-03,14:36:08,4713715,0.0093,-0
.0171,-0.9545,1.3300,-0.3500,0.1400
2026-07-03,14:36:08,4713815,0.0098,-0.0190,-0.9579,1.4000,-0.5600,0.0700
2026-07-03,14:36:08,4713919,0.0073,-0.0181,-0.9531,1.2600,-0.6300,0.0700
2026-07-03,14:36:08,4714015,0.0078,-0.0205,-0.9609,1.2600,-
0.4200,0.1400
2026-07-03,14:36:08,4714115,0.0093,-0.0210,-0.9560,1.1900,-0.5600,0.1400
2026-07-03,14:36:08,4714215,0.0078,-0.0195,-0.9599,1.2600,-0.5600,0.1400
2026-07-03,14:36:08,4714315,0.0020,-0.0195,-0.9555,1.1900,-0.5600,0.1400
2026-07
-03,14:36:08,4714415,0.0098,-0.0195,-0.9555,1.2600,-0.4900,0.2100
2026-07-03,14:36:09,4714515,0.0000,-0.0176,-0.9633,1.1200,-0.5600,0.1400
2026-07-03,14:36:09,4714621,0.0044,-0.0176,-0.9618,1.1900,-0.4900,0.2100
2026-07-03,14:36:09,4714715,0
.0044,-0.0278,-0.9575,1.2600,-0.5600,0.2100
2026-07-03,14:36:09,4714815,0.0010,-0.0220,-0.9536,1.3300,-0.4200,0.1400
2026-07-03,14:36:09,4714915,0.0015,-0.0185,-0.9555,1.2600,-0.3500,0.2100
2026-07-03,14:36:09,4715015,0.0015,-0.0176,-0.9545,
1.3300,-0.4900,0.2100
2026-07-03,14:36:09,4715119,0.0029,-0.0215,-0.9589,1.1900,-0.5600,0.2100
2026-07-03,14:36:09,4715215,0.0068,-0.0210,-0.9550,1.3300,-0.4900,0.1400
2026-07-03,14:36:09,4715315,0.0029,-0.0181,-0.9570,1.1900,-0.6300,0.1400
2026-07-03,14:36:09,4715415,0.0044,-0.0220,-0.9550,1.1900,-0.6300,0.1400
2026-07-03,14:36:10,4715515,0.0049,-0.0185,-0.9550,1.1900,-0.5600,0.1400
2026-07-03,14:36:10,4715615,0.0054,-0.0205,-0.9560,1.2600,-0.4900,0.1400
2026-07-03,14:36:10,4
715715,0.0029,-0.0185,-0.9540,1.2600,-0.6300,0.2100
2026-07-03,14:36:10,4715815,0.0044,-0.0200,-0.9579,1.1900,-0.7000,0.0700
2026-07-03,14:36:10,4715915,0.0054,-0.0210,-0.9550,1.1900,-0.4900,0.1400
2026-07-03,14:36:10,4716015,0.0059,-0.0200,
-0.9560,1.3300,-0.5600,0.2100
2026-07-03,14:36:10,4716115,0.0059,-0.0205,-0.9570,1.1900,-0.4900,0.1400
2026-07-03,14:36:10,4716215,0.0054,-0.0185,-0.9560,1.2600,-0.5600,0.1400
2026-07-03,14:36:10,4716315,0.0044,-0.0210,-0.9560,1.2600,-0.4200
,0.1400
2026-07-03,14:36:10,4716415,0.0059,-0.0200,-0.9550,1.2600,-0.4900,0.2100
2026-07-03,14:36:11,4716515,0.0044,-0.0215,-0.9550,1.1900,-0.4900,0.2100
2026-07-03,14:36:11,4716615,0.0068,-0.0185,-0.9565,1.2600,-0.5600,0.1400
2026-07-03,14
:36:11,4716715,0.0054,-0.0205,-0.9555,1.1900,-0.4900,0.2800
2026-07-03,14:36:11,4716815,0.0059,-0.0215,-0.9545,1.2600,-0.6300,0.1400
2026-07-03,14:36:11,4716915,0.0034,-0.0205,-0.9570,1.1900,-0.5600,0.1400
2026-07-03,14:36:11,4717015,0.0039,
-0.0205,-0.9550,1.2600,-0.4200,0.0700
2026-07-03,14:36:11,4717115,0.0034,-0.0200,-0.9545,1.1900,-0.5600,0.0700
2026-07-03,14:36:11,4717215,0.0049,-0.0181,-0.9550,1.2600,-0.4900,0.1400
2026-07-03,14:36:11,4717315,0.0049,-0.0205,-0.9565,1.2600
,-0.4200,0.2100
2026-07-03,14:36:11,4717415,0.0049,-0.0185,-0.9565,1.2600,-0.5600,0.1400
2026-07-03,14:36:12,4717515,0.0029,-0.0181,-0.9540,1.1200,-0.5600,0.1400
2026-07-03,14:36:12,4717615,0.0049,-0.0195,-0.9550,1.2600,-0.5600,0.1400
2026-
07-03,14:36:12,4717715,0.0034,-0.0210,-0.9545,1.2600,-0.5600,0.2800
2026-07-03,14:36:12,4717815,0.0039,-0.0205,-0.9550,1.2600,-0.7700,0.1400
2026-07-03,14:36:12,4717915,0.0059,-0.0190,-0.9531,1.1900,-0.6300,0.2100
2026-07-03,14:36:12,4718015
,0.0044,-0.0156,-0.9555,1.1900,-0.5600,0.1400
2026-07-03,14:36:12,4718115,0.0039,-0.0195,-0.9575,1.2600,-0.5600,0.1400
2026-07-03,14:36:12,4718215,0.0039,-0.0205,-0.9560,1.2600,-0.5600,0.2100
2026-07-03,14:36:12,4718315,0.0063,-0.0205,-0.956
5,1.3300,-0.4900,0.2100
2026-07-03,14:36:12,4718415,0.0054,-0.0190,-0.9540,1.1900,-0.5600,0.1400
2026-07-03,14:36:13,4718515,0.0049,-0.0190,-0.9536,1.1200,-0.5600,0.2100
2026-07-03,14:36:13,4718615,0.0044,-0.0190,-0.9570,1.2600,-0.7000,0.140
0
2026-07-03,14:36:13,4718715,0.0049,-0.0181,-0.9560,1.1900,-0.6300,0.1400
2026-07-03,14:36:13,4718815,0.0063,-0.0200,-0.9570,1.1200,-0.5600,0.1400
2026-07-03,14:36:13,4718915,0.0044,-0.0190,-0.9545,1.2600,-0.5600,0.2100
2026-07-03,14:36:13
,4719015,0.0054,-0.0215,-0.9550,1.2600,-0.5600,0.1400
2026-07-03,14:36:13,4719115,0.0049,-0.0205,-0.9565,1.2600,-0.6300,0.0700
2026-07-03,14:36:13,4719215,0.0054,-0.0166,-0.9550,1.2600,-0.5600,0.1400
2026-07-03,14:36:13,4719315,0.0049,-0.020
5,-0.9560,1.2600,-0.4900,0.1400
2026-07-03,14:36:13,4719415,0.0063,-0.0200,-0.9555,1.2600,-0.6300,0.1400
2026-07-03,14:36:14,4719515,0.0054,-0.0195,-0.9545,1.3300,-0.6300,0.1400
2026-07-03,14:36:14,4719615,0.0059,-0.0210,-0.9545,1.1900,-0.77
00,0.0700
2026-07-03,14:36:14,4719715,0.0049,-0.0181,-0.9540,1.2600,-0.5600,0.1400
2026-07-03,14:36:14,4719815,0.0044,-0.0195,-0.9540,1.2600,-0.6300,0.1400
2026-07-03,14:36:14,4719915,0.0029,-0.0205,-0.9545,1.1900,-0.5600,0.2100
2026-07-03,
14:36:14,4720015,0.0044,-0.0195,-0.9540,1.2600,-0.5600,0.1400
2026-07-03,14:36:14,4720119,0.0049,-0.0210,-0.9560,1.1200,-0.5600,0.1400
2026-07-03,14:36:14,4720215,0.0039,-0.0200,-0.9545,1.1900,-0.6300,0.0700
2026-07-03,14:36:14,4720315,0.004
4,-0.0200,-0.9560,1.2600,-0.4900,0.2100
2026-07-03,14:36:14,4720415,0.0059,-0.0205,-0.9555,1.1200,-0.4900,0.2100
2026-07-03,14:36:15,4720515,0.0029,-0.0185,-0.9540,1.1900,-0.4900,0.2100
2026-07-03,14:36:15,4720615,0.0059,-0.0210,-0.9550,1.26
00,-0.6300,0.1400
2026-07-03,14:36:15,4720715,0.0044,-0.0205,-0.9550,1.1900,-0.4900,0.1400
2026-07-03,14:36:15,4720815,0.0029,-0.0200,-0.9570,1.1900,-0.4900,0.0700
2026-07-03,14:36:15,4720915,0.0039,-0.0200,-0.9560,1.1200,-0.6300,0.2100
202
6-07-03,14:36:15,4721015,0.0034,-0.0176,-0.9565,1.2600,-0.4900,0.1400
2026-07-03,14:36:15,4721115,0.0024,-0.0215,-0.9550,1.1900,-0.5600,0.2100
2026-07-03,14:36:15,4721215,0.0063,-0.0205,-0.9555,1.1900,-0.5600,0.1400
2026-07-03,14:36:15,47213
15,0.0049,-0.0224,-0.9570,1.1900,-0.5600,0.2100
2026-07-03,14:36:15,4721415,0.0063,-0.0190,-0.9521,1.2600,-0.5600,0.1400
2026-07-03,14:36:16,4721520,0.0049,-0.0205,-0.9545,1.2600,-0.6300,0.0700
2026-07-03,14:36:16,4721615,0.0039,-0.0181,-0.9
555,1.1900,-0.5600,0.2100
2026-07-03,14:36:16,4721715,0.0044,-0.0190,-0.9550,1.2600,-0.4900,0.1400
2026-07-03,14:36:16,4721815,0.0049,-0.0195,-0.9536,1.1900,-0.5600,0.1400
2026-07-03,14:36:16,4721915,0.0054,-0.0195,-0.9540,1.2600,-0.5600,0.2
100
2026-07-03,14:36:16,4722015,0.0049,-0.0195,-0.9560,1.1900,-0.4900,0.1400
2026-07-03,14:36:16,4722115,0.0073,-0.0205,-0.9555,1.1200,-0.5600,0.1400
2026-07-03,14:36:16,4722220,0.0063,-0.0205,-0.9550,1.2600,-0.5600,0.2100
2026-07-03,14:36:
16,4722315,0.0054,-0.0215,-0.9560,1.1900,-0.6300,0.1400
2026-07-03,14:36:16,4722415,0.0054,-0.0200,-0.9540,1.3300,-0.6300,0.1400
2026-07-03,14:36:17,4722515,0.0054,-0.0215,-0.9565,1.2600,-0.6300,0.0700
2026-07-03,14:36:17,4722615,0.0088,-0.0
195,-0.9545,1.1900,-0.6300,0.2100
2026-07-03,14:36:17,4722715,0.0029,-0.0205,-0.9589,1.2600,-0.5600,0.1400
2026-07-03,14:36:17,4722815,0.0049,-0.0200,-0.9565,1.1900,-0.6300,0.1400
2026-07-03,14:36:17,4722920,0.0039,-0.0190,-0.9536,1.2600,-0.
4200,0.2100
2026-07-03,14:36:17,4723015,0.0083,-0.0210,-0.9560,1.1900,-0.6300,0.2100
2026-07-03,14:36:17,4723115,0.0073,-0.0185,-0.9565,1.1900,-0.6300,0.2100
2026-07-03,14:36:17,4723215,0.0078,-0.0185,-0.9560,1.2600,-0.4900,0.2800
2026-07-0
3,14:36:17,4723315,0.0063,-0.0200,-0.9536,1.1900,-0.7000,0.1400
2026-07-03,14:36:17,4723415,0.0054,-0.0200,-0.9545,1.1900,-0.6300,0.1400
2026-07-03,14:36:18,4723515,0.0049,-0.0205,-0.9565,1.1900,-0.4900,0.2100
2026-07-03,14:36:18,4723615,0.0
059,-0.0205,-0.9550,1.2600,-0.5600,0.0700
2026-07-03,14:36:18,4723715,0.0073,-0.0195,-0.9575,1.3300,-0.5600,0.1400
2026-07-03,14:36:18,4723815,0.0034,-0.0190,-0.9555,1.2600,-0.4200,0.2100
2026-07-03,14:36:18,4723915,0.0059,-0.0195,-0.9540,1.
3300,-0.6300,0.1400
2026-07-03,14:36:18,4724015,0.0059,-0.0215,-0.9560,1.1900,-0.4900,0.2100
2026-07-03,14:36:18,4724115,0.0059,-0.0229,-0.9560,1.3300,-0.6300,0.1400
2026-07-03,14:36:18,4724215,0.0059,-0.0195,-0.9521,1.2600,-0.4200,0.1400
2
026-07-03,14:36:18,4724315,0.0044,-0.0156,-0.9506,1.2600,-0.6300,0.2100
2026-07-03,14:36:18,4724415,0.0063,-0.0200,-0.9589,1.3300,-0.4200,0.0700
2026-07-03,14:36:19,4724515,0.0024,-0.0220,-0.9526,1.2600,-0.6300,0.2100
2026-07-03,14:36:19,472
4615,0.0044,-0.0220,-0.9545,1.1900,-0.6300,0.1400
2026-07-03,14:36:19,4724715,0.0049,-0.0229,-0.9550,1.1900,-0.5600,0.2100
2026-07-03,14:36:19,4724815,0.0054,-0.0210,-0.9584,1.1900,-0.3500,0.0700
2026-07-03,14:36:19,4724915,0.0029,-0.0171,-0
.9579,1.2600,-0.4900,0.1400
2026-07-03,14:36:19,4725015,0.0044,-0.0210,-0.9594,1.1900,-0.5600,0.1400
2026-07-03,14:36:19,4725119,0.0039,-0.0234,-0.9545,1.2600,-0.4900,0.1400
2026-07-03,14:36:19,4725215,0.0044,-0.0200,-0.9575,1.1200,-0.5600,0
.2100
2026-07-03,14:36:19,4725315,0.0063,-0.0224,-0.9555,1.1900,-0.9100,0.0700
2026-07-03,14:36:19,4725415,0.0024,-0.0171,-0.9506,1.1200,-0.6300,0.2100
2026-07-03,14:36:20,4725515,0.1244,-0.0312,-0.9623,1.1200,-0.4900,0.2100
2026-07-03,14:3
6:20,4725615,-0.0073,-0.0083,-0.9560,1.3300,-0.4900,0.2100
2026-07-03,14:36:20,4725715,0.0029,-0.0268,-0.9589,1.2600,-0.4900,0.0700
2026-07-03,14:36:20,4725815,0.0015,-0.0239,-0.9540,1.2600,-0.5600,0.1400
2026-07-03,14:36:20,4725915,0.0029,-
0.0190,-0.9560,1.2600,-0.4900,0.0700
2026-07-03,14:36:20,4726015,0.0049,-0.0185,-0.9565,1.1900,-0.4900,0.1400
2026-07-03,14:36:20,4726115,0.0068,-0.0190,-0.9565,1.2600,-0.4900,0.1400
2026-07-03,14:36:20,4726215,0.0059,-0.0205,-0.9565,1.1900,
-0.6300,0.1400
2026-07-03,14:36:20,4726315,0.0039,-0.0190,-0.9550,1.3300,-0.4900,0.2100
2026-07-03,14:36:20,4726415,0.0044,-0.0215,-0.9540,1.2600,-0.4900,0.2100
2026-07-03,14:36:21,4726515,0.0029,-0.0215,-0.9536,1.1900,-0.5600,0.1400
2026-0
7-03,14:36:21,4726615,0.0049,-0.0181,-0.9555,1.3300,-0.4200,0.2100
2026-07-03,14:36:21,4726715,0.0039,-0.0220,-0.9550,1.1900,-0.6300,0.1400
2026-07-03,14:36:21,4726815,0.0054,-0.0205,-0.9526,1.2600,-0.7000,0.1400
2026-07-03,14:36:21,4726915,
0.0054,-0.0200,-0.9599,1.2600,-0.4900,0.1400
2026-07-03,14:36:21,4727015,0.0049,-0.0200,-0.9555,1.1900,-0.7000,0.1400
2026-07-03,14:36:21,4727115,0.0059,-0.0200,-0.9584,1.2600,-0.5600,0.1400
2026-07-03,14:36:21,4727215,0.0063,-0.0210,-0.9575
,1.1900,-0.5600,0.2100
2026-07-03,14:36:21,4727315,0.0049,-0.0176,-0.9550,1.2600,-0.5600,0.2100
2026-07-03,14:36:21,4727415,0.0044,-0.0176,-0.9555,1.2600,-0.5600,0.1400
2026-07-03,14:36:22,4727515,0.0073,-0.0210,-0.9560,1.1900,-0.4900,0.1400
2026-07-03,14:36:22,4727615,0.0039,-0.0185,-0.9545,1.2600,-0.5600,0.2100
2026-07-03,14:36:22,4727715,0.0044,-0.0205,-0.9575,1.1900,-0.5600,0.0700
2026-07-03,14:36:22,4727815,0.0044,-0.0195,-0.9570,1.1900,-0.5600,0.1400
2026-07-03,14:36:22,
4727915,0.0054,-0.0185,-0.9545,1.2600,-0.7000,0.1400
2026-07-03,14:36:22,4728015,0.0039,-0.0185,-0.9555,1.1900,-0.4900,0.1400
2026-07-03,14:36:22,4728115,0.0039,-0.0200,-0.9550,1.2600,-0.5600,0.2100
2026-07-03,14:36:22,4728215,0.0063,-0.0181
,-0.9565,1.1900,-0.6300,0.0700
2026-07-03,14:36:22,4728315,0.0029,-0.0200,-0.9584,1.1900,-0.5600,0.1400
2026-07-03,14:36:22,4728415,0.0039,-0.0195,-0.9550,1.2600,-0.5600,0.2100
2026-07-03,14:36:23,4728515,0.0054,-0.0210,-0.9545,1.2600,-0.560
0,0.0700
2026-07-03,14:36:23,4728615,0.0054,-0.0205,-0.9555,1.2600,-0.4200,0.1400
2026-07-03,14:36:23,4728715,0.0059,-0.0205,-0.9575,1.1900,-0.4900,0.2100
2026-07-03,14:36:23,4728815,0.0049,-0.0185,-0.9545,1.1900,-0.5600,0.2100
2026-07-03,1
4:36:23,4728915,0.0068,-0.0176,-0.9550,1.1900,-0.5600,0.1400
2026-07-03,14:36:23,4729015,0.0068,-0.0185,-0.9579,1.3300,-0.4900,0.2100
2026-07-03,14:36:23,4729115,0.0059,-0.0215,-0.9579,1.2600,-0.5600,0.1400
2026-07-03,14:36:23,4729215,0.0078
,-0.0205,-0.9594,1.2600,-0.5600,0.2100
2026-07-03,14:36:23,4729315,0.0068,-0.0195,-0.9560,1.1900,-0.5600,0.1400
2026-07-03,14:36:23,4729415,0.0020,-0.0215,-0.9565,1.1900,-0.7000,0.1400
2026-07-03,14:36:24,4729515,0.0049,-0.0200,-0.9555,1.330
0,-0.6300,0.2100
2026-07-03,14:36:24,4729615,0.0039,-0.0200,-0.9550,1.1200,-0.7000,0.2800
2026-07-03,14:36:24,4729715,0.0029,-0.0185,-0.9531,1.1200,-0.5600,0.1400
2026-07-03,14:36:24,4729821,0.0005,-0.0185,-0.9579,1.3300,-0.5600,0.2100
2026
-07-03,14:36:24,4729915,0.0044,-0.0190,-0.9467,1.2600,-0.4200,0.2100
2026-07-03,14:36:24,4730015,0.0093,-0.0264,-0.9677,1.2600,-0.6300,0.2100
2026-07-03,14:36:24,4730119,0.0039,-0.0166,-0.9575,1.4000,-0.2100,0.1400
2026-07-03,14:36:24,473021
5,0.0146,-0.0195,-0.9584,1.2600,-0.5600,0.1400
2026-07-03,14:36:24,4730315,0.0063,-0.0205,-0.9511,1.2600,-0.4900,0.2100
2026-07-03,14:36:24,4730415,0.0044,-0.0146,-0.9531,1.1900,-0.4900,0.1400
2026-07-03,14:36:25,4730520,0.0073,-0.0185,-0.95
65,1.2600,-0.5600,0.2100
2026-07-03,14:36:25,4730615,0.0063,-0.0181,-0.9560,1.2600,-0.4900,0.2100
2026-07-03,14:36:25,4730715,0.0039,-0.0195,-0.9555,1.1900,-0.4900,0.1400
2026-07-03,14:36:25,4730815,0.0029,-0.0210,-0.9545,1.2600,-0.5600,0.14
00
2026-07-03,14:36:25,4730915,0.0044,-0.0176,-0.9536,1.1900,-0.4900,0.1400
2026-07-03,14:36:25,4731015,0.0039,-0.0195,-0.9526,1.1900,-0.4200,0.1400
2026-07-03,14:36:25,4731115,0.0044,-0.0205,-0.9555,1.2600,-0.4200,0.2100
2026-07-03,14:36:2
5,4731220,0.0083,-0.0185,-0.9565,1.2600,-0.4900,0.1400
2026-07-03,14:36:25,4731315,0.0049,-0.0229,-0.9531,1.2600,-0.4900,0.2100
2026-07-03,14:36:25,4731415,0.0068,-0.0210,-0.9550,1.1900,-0.5600,0.1400
2026-07-03,14:36:26,4731515,0.0044,-0.01
76,-0.9550,1.1900,-0.6300,0.1400
2026-07-03,14:36:26,4731615,0.0059,-0.0200,-0.9579,1.2600,-0.4200,0.1400
2026-07-03,14:36:26,4731715,0.0034,-0.0200,-0.9560,1.2600,-0.4900,0.1400
2026-07-03,14:36:26,4731815,0.0059,-0.0195,-0.9570,1.2600,-0.4
900,0.2100
2026-07-03,14:36:26,4731915,0.0044,-0.0215,-0.9550,1.2600,-0.6300,0.1400
2026-07-03,14:36:26,4732015,0.0044,-0.0195,-0.9555,1.1900,-0.4900,0.1400
2026-07-03,14:36:26,4732115,0.0034,-0.0215,-0.9545,1.1900,-0.5600,0.1400
2026-07-03
,14:36:26,4732215,0.0010,-0.0220,-0.9526,1.3300,-0.4900,0.1400
2026-07-03,14:36:26,4732315,0.0054,-0.0171,-0.9531,1.1900,-0.6300,0.2100
2026-07-03,14:36:26,4732415,0.0034,-0.0195,-0.9560,1.2600,-0.6300,0.0700
2026-07-03,14:36:27,4732515,0.00
49,-0.0215,-0.9545,1.2600,-0.4900,0.2100
2026-07-03,14:36:27,4732615,0.0039,-0.0200,-0.9570,1.2600,-0.4900,0.1400
2026-07-03,14:36:27,4732715,0.0054,-0.0185,-0.9560,1.2600,-0.4900,0.0700
2026-07-03,14:36:27,4732815,0.0054,-0.0185,-0.9565,1.1
900,-0.6300,0.0700
2026-07-03,14:36:27,4732915,0.0049,-0.0195,-0.9560,1.1900,-0.3500,0.1400
2026-07-03,14:36:27,4733015,0.0054,-0.0181,-0.9550,1.2600,-0.4900,0.2100
2026-07-03,14:36:27,4733115,0.0063,-0.0220,-0.9565,1.2600,-0.5600,0.0700
20
26-07-03,14:36:27,4733215,0.0044,-0.0176,-0.9550,1.2600,-0.5600,0.1400
2026-07-03,14:36:27,4733315,0.0059,-0.0195,-0.9565,1.1900,-0.5600,0.0700
2026-07-03,14:36:27,4733415,0.0073,-0.0200,-0.9570,1.3300,-0.6300,0.0700
2026-07-03,14:36:28,4733
515,0.0044,-0.0195,-0.9536,1.2600,-0.5600,0.2100
2026-07-03,14:36:28,4733615,0.0054,-0.0185,-0.9560,1.2600,-0.5600,0.2100
2026-07-03,14:36:28,4733715,0.0078,-0.0161,-0.9511,1.2600,-0.6300,0.2100
2026-07-03,14:36:28,4733815,0.0054,-0.0142,-0.
9555,1.2600,-0.5600,0.2100
2026-07-03,14:36:28,4733915,0.0015,-0.0224,-0.9653,1.1200,-0.8400,0.2100
2026-07-03,14:36:28,4734015,-0.0010,-0.0220,-0.9511,1.2600,-0.5600,0.1400
2026-07-03,14:36:28,4734115,0.0000,-0.0249,-0.9560,1.1900,-0.7000,0
.0700
2026-07-03,14:36:28,4734215,0.0000,-0.0176,-0.9560,1.3300,-0.4900,0.1400
2026-07-03,14:36:28,4734315,0.0044,-0.0220,-0.9531,1.1900,-0.5600,0.1400
2026-07-03,14:36:28,4734415,0.0024,-0.0215,-0.9536,1.4000,-0.4900,0.1400
2026-07-03,14:3
6:29,4734515,0.0034,-0.0176,-0.9521,1.2600,-0.4200,0.1400
2026-07-03,14:36:29,4734615,0.0063,-0.0176,-0.9531,1.1900,-0.6300,0.1400
2026-07-03,14:36:29,4734715,0.0063,-0.0190,-0.9570,1.1900,-0.5600,0.1400
2026-07-03,14:36:29,4734815,0.0073,-0
.0205,-0.9579,1.2600,-0.4200,0.1400
2026-07-03,14:36:29,4734915,0.0059,-0.0176,-0.9565,1.2600,-0.4200,0.2100
2026-07-03,14:36:29,4735015,0.0044,-0.0195,-0.9643,1.3300,-0.4200,0.2100
2026-07-03,14:36:29,4735119,0.0029,-0.0176,-0.9599,1.2600,-
0.6300,0.1400
2026-07-03,14:36:29,4735215,0.0029,-0.0171,-0.9555,1.2600,-0.4900,0.1400
2026-07-03,14:36:29,4735315,0.0044,-0.0210,-0.9545,1.2600,-0.5600,0.1400
2026-07-03,14:36:29,4735415,0.0020,-0.0220,-0.9545,1.2600,-0.7000,0.1400
2026-07
-03,14:36:30,4735515,0.0034,-0.0224,-0.9511,1.2600,-0.5600,0.2100
2026-07-03,14:36:30,4735615,0.0034,-0.0195,-0.9550,1.2600,-0.4900,0.2100
2026-07-03,14:36:30,4735715,0.0020,-0.0210,-0.9545,1.2600,-0.4900,0.2100
2026-07-03,14:36:30,4735815,0
.0029,-0.0239,-0.9584,1.2600,-0.4900,0.1400
2026-07-03,14:36:30,4735915,0.0029,-0.0224,-0.9526,1.2600,-0.4900,0.0700
2026-07-03,14:36:30,4736015,0.0029,-0.0190,-0.9560,1.3300,-0.4900,0.0700
2026-07-03,14:36:30,4736115,0.0063,-0.0195,-0.9560,
1.3300,-0.4200,0.2100
2026-07-03,14:36:30,4736215,0.0059,-0.0200,-0.9565,1.2600,-0.6300,0.2100
2026-07-03,14:36:30,4736315,0.0054,-0.0190,-0.9570,1.2600,-0.6300,0.0700
2026-07-03,14:36:30,4736415,0.0044,-0.0205,-0.9555,1.1900,-0.5600,0.1400
2026-07-03,14:36:31,4736515,0.0083,-0.0205,-0.9545,1.1900,-0.5600,0.2100
2026-07-03,14:36:31,4736615,0.0039,-0.0224,-0.9521,1.1900,-0.5600,0.2100
2026-07-03,14:36:31,4736715,0.0034,-0.0215,-0.9575,1.2600,-0.6300,0.1400
2026-07-03,14:36:31,4
736815,0.0024,-0.0195,-0.9570,1.2600,-0.5600,0.1400
2026-07-03,14:36:31,4736915,0.0073,-0.0171,-0.9550,1.1900,-0.5600,0.2100
2026-07-03,14:36:31,4737015,0.0049,-0.0176,-0.9536,1.2600,-0.4900,0.1400
2026-07-03,14:36:31,4737115,0.0063,-0.0264,
-0.9560,1.1900,-0.7000,0.1400
2026-07-03,14:36:31,4737215,0.0137,-0.0166,-0.9506,1.1900,-0.5600,0.1400
2026-07-03,14:36:31,4737315,0.0059,-0.0181,-0.9594,1.2600,-0.4900,0.2100
2026-07-03,14:36:31,4737415,0.0059,-0.0190,-0.9560,1.2600,-0.4900
,0.2100
2026-07-03,14:36:32,4737515,0.0049,-0.0176,-0.9565,1.2600,-0.5600,0.1400
2026-07-03,14:36:32,4737615,0.0044,-0.0195,-0.9560,1.1900,-0.5600,0.2100
2026-07-03,14:36:32,4737715,0.0068,-0.0185,-0.9570,1.2600,-0.5600,0.0700
2026-07-03,14
:36:32,4737815,0.0024,-0.0215,-0.9594,1.1900,-0.5600,0.0700
2026-07-03,14:36:32,4737915,0.0054,-0.0283,-0.9594,1.1200,-0.5600,0.1400
2026-07-03,14:36:32,4738015,-0.0024,-0.0161,-0.9516,1.1900,-0.5600,0.2100
2026-07-03,14:36:32,4738120,0.0059
,-0.0195,-0.9511,1.1900,-0.6300,0.2100
2026-07-03,14:36:32,4738215,0.0063,-0.0190,-0.9550,1.3300,-0.6300,0.0700
2026-07-03,14:36:32,4738315,0.0083,-0.0264,-0.9584,1.3300,-0.5600,0.2100
2026-07-03,14:36:32,4738415,0.0054,-0.0176,-0.9545,1.190
0,-0.4900,0.2100
2026-07-03,14:36:33,4738515,0.0039,-0.0215,-0.9545,1.2600,-0.5600,0.1400
2026-07-03,14:36:33,4738615,0.0068,-0.0205,-0.9550,1.2600,-0.5600,0.1400
2026-07-03,14:36:33,4738715,0.0044,-0.0176,-0.9540,1.2600,-0.5600,0.0700
2026
-07-03,14:36:33,4738820,0.0044,-0.0195,-0.9536,1.2600,-0.6300,0.2100
2026-07-03,14:36:33,4738915,0.0059,-0.0205,-0.9555,1.2600,-0.6300,0.1400
2026-07-03,14:36:33,4739015,0.0024,-0.0195,-0.9536,1.1900,-0.5600,0.1400
2026-07-03,14:36:33,473911
5,0.0068,-0.0185,-0.9506,1.1900,-0.7000,0.2100
2026-07-03,14:36:33,4739215,0.0039,-0.0200,-0.9609,1.1900,-0.7000,0.1400
2026-07-03,14:36:33,4739315,0.0083,-0.0220,-0.9599,1.2600,-0.5600,0.2100
2026-07-03,14:36:33,4739415,0.0078,-0.0176,-0.95
26,1.3300,-0.5600,0.1400
2026-07-03,14:36:34,4739520,0.0049,-0.0268,-0.9550,1.1900,-0.5600,0.1400
2026-07-03,14:36:34,4739615,-0.0010,-0.0181,-0.9545,1.3300,-0.4900,0.1400
2026-07-03,14:36:34,4739715,0.0034,-0.0210,-0.9555,1.1900,-0.4900,0.2
100
2026-07-03,14:36:34,4739815,0.0073,-0.0181,-0.9496,1.1200,-0.4900,0.2100
2026-07-03,14:36:34,4739915,0.0078,-0.0200,-0.9540,1.2600,-0.6300,0.1400
2026-07-03,14:36:34,4740015,0.0063,-0.0220,-0.9550,1.1200,-0.8400,0.1400
2026-07-03,14:36:
34,4740119,0.0049,-0.0185,-0.9604,1.2600,-0.7700,0.0700
2026-07-03,14:36:34,4740215,0.0005,-0.0185,-0.9565,1.1200,-0.5600,0.1400
2026-07-03,14:36:34,4740315,0.0054,-0.0195,-0.9443,1.1900,-0.4900,0.1400
2026-07-03,14:36:34,4740415,0.0059,-0.0
210,-0.9545,1.4000,-0.5600,0.1400
2026-07-03,14:36:35,4740515,0.0044,-0.0190,-0.9511,1.1200,-0.5600,0.0700
2026-07-03,14:36:35,4740615,0.0054,-0.0200,-0.9536,1.2600,-0.6300,0.2100
2026-07-03,14:36:35,4740715,0.0059,-0.0190,-0.9614,1.2600,-0.
4900,0.2100
2026-07-03,14:36:35,4740815,0.0078,-0.0210,-0.9550,1.1900,-0.6300,0.2100
2026-07-03,14:36:35,4740915,0.0078,-0.0176,-0.9570,1.2600,-0.6300,0.1400
2026-07-03,14:36:35,4741015,0.0039,-0.0181,-0.9531,1.1900,-0.6300,0.2100
2026-07-0
3,14:36:35,4741115,0.0059,-0.0205,-0.9540,1.2600,-0.5600,0.2100
2026-07-03,14:36:35,4741215,0.0049,-0.0195,-0.9531,1.2600,-0.7000,0.0700
2026-07-03,14:36:35,4741315,0.0078,-0.0205,-0.9482,1.1900,-0.4900,0.2100
2026-07-03,14:36:35,4741415,0.0
078,-0.0185,-0.9536,1.3300,-0.5600,0.2800
2026-07-03,14:36:36,4741515,0.0093,-0.0190,-0.9526,1.1900,-0.4900,0.2100
2026-07-03,14:36:36,4741615,0.0063,-0.0205,-0.9521,1.2600,-0.4200,0.1400
2026-07-03,14:36:36,4741715,0.0054,-0.0210,-0.9565,1.
1900,-0.6300,0.2100
2026-07-03,14:36:36,4741815,0.0059,-0.0195,-0.9545,1.1200,-0.6300,0.1400
2026-07-03,14:36:36,4741915,0.0024,-0.0205,-0.9584,1.3300,-0.5600,0.1400
2026-07-03,14:36:36,4742015,0.0029,-0.0220,-0.9579,1.2600,-0.5600,0.0700
2
026-07-03,14:36:36,4742115,0.0034,-0.0205,-0.9540,1.3300,-0.5600,0.1400
2026-07-03,14:36:36,4742215,0.0020,-0.0161,-0.9540,1.3300,-0.4200,0.1400
2026-07-03,14:36:36,4742315,0.0005,-0.0268,-0.9570,1.1900,-0.6300,0.2100
2026-07-03,14:36:36,474
2415,0.0122,-0.0171,-0.9560,1.2600,-0.6300,0.1400
2026-07-03,14:36:37,4742515,0.0063,-0.0185,-0.9545,1.2600,-0.4900,0.2100
2026-07-03,14:36:37,4742615,0.0063,-0.0220,-0.9531,1.1900,-0.6300,0.1400
2026-07-03,14:36:37,4742715,0.0059,-0.0200,-0
.9550,1.2600,-0.5600,0.2100
2026-07-03,14:36:37,4742815,0.0044,-0.0215,-0.9589,1.1900,-0.5600,0.2100
2026-07-03,14:36:37,4742915,0.0044,-0.0205,-0.9565,1.2600,-0.6300,0.1400
2026-07-03,14:36:37,4743015,0.0083,-0.0200,-0.9545,1.2600,-0.5600,0
.1400
2026-07-03,14:36:37,4743115,0.0039,-0.0190,-0.9560,1.1900,-0.5600,0.1400
2026-07-03,14:36:37,4743215,0.0034,-0.0210,-0.9550,1.2600,-0.4900,0.2100
2026-07-03,14:36:37,4743315,0.0068,-0.0210,-0.9545,1.2600,-0.3500,0.1400
2026-07-03,14:3
6:37,4743415,0.0044,-0.0176,-0.9511,1.3300,-0.4900,0.2100
2026-07-03,14:36:38,4743515,0.0068,-0.0210,-0.9531,1.2600,-0.4900,0.2100
2026-07-03,14:36:38,4743615,0.0049,-0.0195,-0.9545,1.2600,-0.4900,0.1400
2026-07-03,14:36:38,4743715,0.0029,-0
.0190,-0.9560,1.1200,-0.4900,0.2100
2026-07-03,14:36:38,4743815,0.0073,-0.0210,-0.9575,1.1200,-0.5600,0.1400
2026-07-03,14:36:38,4743915,0.0054,-0.0210,-0.9599,1.3300,-0.5600,0.2100
2026-07-03,14:36:38,4744015,0.0034,-0.0195,-0.9545,1.1900,-
0.5600,0.2100
2026-07-03,14:36:38,4744115,0.0039,-0.0200,-0.9555,1.1900,-0.5600,0.1400
2026-07-03,14:36:38,4744215,0.0049,-0.0200,-0.9560,1.2600,-0.5600,0.1400
2026-07-03,14:36:38,4744315,0.0049,-0.0195,-0.9560,1.1900,-0.5600,0.1400
2026-07
-03,14:36:38,4744415,0.0063,-0.0190,-0.9545,1.1900,-0.5600,0.0700
2026-07-03,14:36:39,4744515,0.0054,-0.0176,-0.9536,1.1900,-0.4200,0.1400
2026-07-03,14:36:39,4744615,0.0049,-0.0190,-0.9545,1.1900,-0.4900,0.1400
2026-07-03,14:36:39,4744715,0
.0063,-0.0205,-0.9579,1.2600,-0.5600,0.2100
2026-07-03,14:36:39,4744815,0.0039,-0.0210,-0.9560,1.1900,-0.4200,0.2100
2026-07-03,14:36:39,4744915,0.0059,-0.0210,-0.9575,1.2600,-0.4900,0.1400
2026-07-03,14:36:39,4745015,0.0059,-0.0181,-0.9540,
1.1900,-0.4900,0.1400
2026-07-03,14:36:39,4745119,0.0054,-0.0205,-0.9531,1.2600,-0.6300,0.1400
2026-07-03,14:36:39,4745215,0.0039,-0.0190,-0.9589,1.2600,-0.5600,0.1400
2026-07-03,14:36:39,4745315,0.0039,-0.0224,-0.9550,1.1900,-0.4900,0.2100
2026-07-03,14:36:39,4745415,0.0044,-0.0200,-0.9560,1.2600,-0.4900,0.1400
2026-07-03,14:36:40,4745515,0.0063,-0.0190,-0.9555,1.1900,-0.5600,0.2100
2026-07-03,14:36:40,4745615,0.0044,-0.0190,-0.9540,1.1900,-0.6300,0.0700
2026-07-03,14:36:40,4
745715,0.0034,-0.0205,-0.9555,1.1200,-0.4200,0.1400
2026-07-03,14:36:40,4745815,0.0044,-0.0205,-0.9550,1.2600,-0.5600,0.0700
2026-07-03,14:36:40,4745915,0.0068,-0.0195,-0.9560,1.2600,-0.6300,0.1400
2026-07-03,14:36:40,4746015,0.0054,-0.0195,
-0.9545,1.1900,-0.5600,0.1400
2026-07-03,14:36:40,4746115,0.0068,-0.0195,-0.9560,1.1900,-0.5600,0.2100
2026-07-03,14:36:40,4746215,0.0039,-0.0205,-0.9570,1.1900,-0.5600,0.1400
2026-07-03,14:36:40,4746315,0.0029,-0.0215,-0.9579,1.1900,-0.7700
,0.1400
2026-07-03,14:36:40,4746419,0.0029,-0.0200,-0.9540,1.1900,-0.7000,0.2100
2026-07-03,14:36:41,4746515,0.0005,-0.0205,-0.9545,1.1900,-0.6300,0.1400
2026-07-03,14:36:41,4746615,0.0020,-0.0176,-0.9521,1.2600,-0.4200,0.0700
2026-07-03,14
:36:41,4746715,0.0059,-0.0137,-0.9531,1.2600,-0.5600,0.1400
2026-07-03,14:36:41,4746815,0.0234,-0.0361,-1.0365,1.3300,-0.7700,-0.2100
2026-07-03,14:36:41,4746915,0.0049,-0.0200,-0.9560,1.1900,-0.7700,0.0700
2026-07-03,14:36:41,4747015,0.0029
,-0.0215,-0.9555,1.1900,-0.4200,0.1400
2026-07-03,14:36:41,4747120,0.0020,-0.0234,-0.9623,1.1900,-0.4900,0.2100
2026-07-03,14:36:41,4747215,0.0024,-0.0146,-0.9501,1.1200,-0.6300,0.1400
2026-07-03,14:36:41,4747315,0.0034,-0.0234,-0.9643,1.190
0,-0.6300,0.2100
2026-07-03,14:36:41,4747415,0.0029,-0.0200,-0.9579,1.1200,-0.7000,0.1400
2026-07-03,14:36:42,4747515,0.0015,-0.0166,-0.9555,1.1900,-0.7700,0.2100
2026-07-03,14:36:42,4747615,0.0000,-0.0259,-0.9633,1.1900,-0.5600,0.0700
2026
-07-03,14:36:42,4747715,-0.0068,-0.0088,-0.9472,1.2600,-0.7000,0.1400
2026-07-03,14:36:42,4747820,-0.0020,-0.0181,-0.9570,1.2600,-0.4200,0.1400
2026-07-03,14:36:42,4747915,-0.0029,-0.0259,-0.9570,1.1200,-0.7700,0.2100
2026-07-03,14:36:42,474
8015,0.0098,-0.0176,-0.9496,1.3300,-0.4200,0.1400
2026-07-03,14:36:42,4748115,0.0224,-0.0137,-0.9550,1.2600,-0.7000,0.2100
2026-07-03,14:36:42,4748215,0.0093,-0.0161,-0.9565,1.2600,-0.4900,0.1400
2026-07-03,14:36:42,4748315,-0.0083,-0.0234,-
0.9531,1.1900,-0.4200,0.2100
2026-07-03,14:36:42,4748415,0.0024,-0.0283,-0.9560,1.1200,-0.4900,0.2100
2026-07-03,14:36:43,4748515,-0.0205,-0.0386,-0.9653,1.3300,-0.2100,0.2100
2026-07-03,14:36:43,4748615,-0.0054,-0.0151,-0.9204,1.1900,-0.630
0,0.2800
2026-07-03,14:36:43,4748715,-0.0039,-0.0337,-0.9604,1.2600,-0.2100,0.1400
2026-07-03,14:36:43,4748815,0.0015,-0.0229,-0.9575,1.1900,-0.4900,0.0700
2026-07-03,14:36:43,4748915,0.0156,-0.0122,-0.9545,1.2600,-0.3500,0.2100
2026-07-03,
14:36:43,4749015,0.0039,-0.0312,-0.9658,1.1900,-0.5600,0.2800
2026-07-03,14:36:43,4749115,0.0093,0.0102,-0.9575,1.1900,-0.4200,-0.2800
2026-07-03,14:36:43,4749215,0.0024,-0.0298,-0.9804,1.1900,-0.6300,0.0000
2026-07-03,14:36:43,4749315,-0.00
68,-0.0127,-0.9457,1.1900,-0.9100,0.3500
2026-07-03,14:36:43,4749415,0.0127,-0.0200,-0.9492,1.1900,-0.4900,0.2100
2026-07-03,14:36:44,4749515,0.0151,-0.0195,-0.9633,1.1900,-0.6300,0.0700
2026-07-03,14:36:44,4749615,0.0078,-0.0176,-0.9545,1.2
600,-0.5600,0.0700
2026-07-03,14:36:44,4749715,0.0010,-0.0224,-0.9550,1.1900,-0.7000,0.1400
2026-07-03,14:36:44,4749815,0.0020,-0.0181,-0.9536,1.1900,-0.7700,0.2800
2026-07-03,14:36:44,4749915,0.0005,-0.0161,-0.9487,1.1900,-0.4200,0.1400
20
26-07-03,14:36:44,4750015,0.0259,-0.0073,-0.9545,1.3300,-0.4900,0.2800
2026-07-03,14:36:44,4750119,0.0127,-0.0137,-0.9506,1.2600,-0.0700,-0.1400
2026-07-03,14:36:44,4750215,0.0029,-0.0317,-0.9799,1.0500,-0.4900,-0.1400
2026-07-03,14:36:44,47
50315,-0.0132,-0.0054,-0.9443,1.2600,-0.6300,0.2100
2026-07-03,14:36:44,4750415,0.0137,-0.0210,-0.9618,1.2600,-0.5600,0.2100
2026-07-03,14:36:45,4750515,0.0098,-0.0176,-0.9531,1.2600,-0.4900,0.0700
2026-07-03,14:36:45,4750615,0.0049,-0.0195,
-0.9531,1.1900,-0.5600,0.1400
2026-07-03,14:36:45,4750715,0.0034,-0.0224,-0.9575,1.2600,-0.5600,0.2100
2026-07-03,14:36:45,4750815,0.0020,-0.0200,-0.9555,1.1900,-0.4900,0.1400
2026-07-03,14:36:45,4750915,0.0063,-0.0210,-0.9570,1.1900,-0.5600
,0.1400
2026-07-03,14:36:45,4751015,0.0044,-0.0224,-0.9521,1.3300,-0.4900,0.0700
2026-07-03,14:36:45,4751115,0.0073,-0.0190,-0.9550,1.1900,-0.5600,0.2100
2026-07-03,14:36:45,4751215,0.0112,-0.0112,-0.9389,1.2600,-0.2800,0.1400
2026-07-03,14
:36:45,4751315,0.0088,-0.0215,-0.9604,1.1900,-0.6300,0.1400
2026-07-03,14:36:45,4751415,0.0059,-0.0166,-0.9540,1.1200,-0.6300,0.1400
2026-07-03,14:36:46,4751515,0.0073,-0.0195,-0.9565,1.3300,-0.5600,0.2100
2026-07-03,14:36:46,4751615,0.0059,
-0.0205,-0.9575,1.2600,-0.6300,0.1400
2026-07-03,14:36:46,4751715,0.0020,-0.0190,-0.9531,1.3300,-0.5600,0.2100
2026-07-03,14:36:46,4751815,0.0054,-0.0229,-0.9565,1.1900,-0.6300,0.1400
2026-07-03,14:36:46,4751915,0.0044,-0.0190,-0.9545,1.1900
,-0.5600,0.1400
2026-07-03,14:36:46,4752015,0.0078,-0.0210,-0.9560,1.2600,-0.5600,0.1400
2026-07-03,14:36:46,4752115,0.0059,-0.0195,-0.9545,1.1900,-0.5600,0.1400
2026-07-03,14:36:46,4752215,0.0063,-0.0185,-0.9550,1.2600,-0.4900,0.0700
2026-
07-03,14:36:46,4752315,0.0034,-0.0220,-0.9575,1.2600,-0.4900,0.2100
2026-07-03,14:36:46,4752415,0.0034,-0.0185,-0.9531,1.1900,-0.4900,0.1400
2026-07-03,14:36:47,4752515,0.0059,-0.0220,-0.9560,1.2600,-0.4900,0.1400
2026-07-03,14:36:47,4752615
,0.0054,-0.0185,-0.9550,1.1900,-0.4900,0.1400
2026-07-03,14:36:47,4752715,0.0044,-0.0190,-0.9526,1.2600,-0.4900,0.2100
2026-07-03,14:36:47,4752815,-0.0010,-0.0181,-0.9565,1.1900,-0.5600,0.1400
2026-07-03,14:36:47,4752915,0.0034,-0.0215,-0.95
16,1.1900,-0.5600,0.2100
2026-07-03,14:36:47,4753015,0.0010,-0.0215,-0.9521,1.1200,-0.5600,0.1400
2026-07-03,14:36:47,4753115,0.0093,-0.0195,-0.9594,1.1900,-0.4900,0.2100
2026-07-03,14:36:47,4753215,0.0054,-0.0073,-0.9550,1.3300,-0.5600,0.14
00
2026-07-03,14:36:47,4753320,0.0073,-0.0181,-0.9555,1.1900,-0.6300,0.0700
2026-07-03,14:36:47,4753415,0.0049,-0.0215,-0.9555,1.1900,-0.4900,0.1400
2026-07-03,14:36:48,4753515,0.0044,-0.0224,-0.9570,1.2600,-0.4200,0.2100
2026-07-03,14:36:4
8,4753615,0.0029,-0.0190,-0.9575,1.2600,-0.5600,0.1400
2026-07-03,14:36:48,4753715,0.0054,-0.0185,-0.9540,1.2600,-0.5600,0.1400
2026-07-03,14:36:48,4753815,0.0049,-0.0200,-0.9536,1.1900,-0.6300,0.1400
2026-07-03,14:36:48,4753915,0.0039,-0.02
00,-0.9565,1.2600,-0.6300,0.2100
2026-07-03,14:36:48,4754020,0.0039,-0.0205,-0.9545,1.2600,-0.6300,0.1400
2026-07-03,14:36:48,4754115,0.0034,-0.0239,-0.9531,1.1900,-0.6300,0.0700
2026-07-03,14:36:48,4754215,0.0078,-0.0200,-0.9536,1.1900,-0.4
900,0.2100
2026-07-03,14:36:48,4754315,0.0068,-0.0190,-0.9575,1.2600,-0.5600,0.1400
2026-07-03,14:36:48,4754415,0.0054,-0.0200,-0.9584,1.1900,-0.6300,0.1400
2026-07-03,14:36:49,4754515,0.0044,-0.0195,-0.9555,1.2600,-0.6300,0.1400
2026-07-03
,14:36:49,4754615,0.0044,-0.0176,-0.9526,1.2600,-0.4900,0.0700
2026-07-03,14:36:49,4754720,0.0068,-0.0210,-0.9545,1.1900,-0.4900,0.2100
2026-07-03,14:36:49,4754815,0.0059,-0.0200,-0.9550,1.2600,-0.5600,0.2100
2026-07-03,14:36:49,4754915,0.00
54,-0.0181,-0.9565,1.2600,-0.5600,0.1400
2026-07-03,14:36:49,4755015,0.0068,-0.0181,-0.9545,1.2600,-0.4900,0.1400
2026-07-03,14:36:49,4755119,0.0078,-0.0195,-0.9531,1.1900,-0.5600,0.2100
2026-07-03,14:36:49,4755215,0.0044,-0.0190,-0.9550,1.1
900,-0.6300,0.1400
2026-07-03,14:36:49,4755315,0.0054,-0.0195,-0.9536,1.1900,-0.6300,0.1400
2026-07-03,14:36:49,4755419,0.0024,-0.0185,-0.9540,1.1200,-0.4900,0.1400
2026-07-03,14:36:50,4755515,0.0068,-0.0220,-0.9575,1.3300,-0.4900,0.2100
20
26-07-03,14:36:50,4755615,0.0034,-0.0224,-0.9550,1.1900,-0.5600,0.1400
2026-07-03,14:36:50,4755715,0.0015,-0.0205,-0.9526,1.1900,-0.5600,0.0700
2026-07-03,14:36:50,4755815,0.0039,-0.0220,-0.9550,1.1900,-0.5600,0.1400
2026-07-03,14:36:50,4755
915,0.0054,-0.0176,-0.9457,1.1200,-0.6300,0.2100
2026-07-03,14:36:50,4756015,0.0068,-0.0185,-0.9575,1.1900,-0.5600,0.1400
2026-07-03,14:36:50,4756115,0.0020,-0.0122,-0.9492,1.2600,-0.5600,0.1400
2026-07-03,14:36:50,4756215,0.0039,-0.0220,-0.
9555,1.2600,-0.6300,0.0700
2026-07-03,14:36:50,4756315,0.0034,-0.0210,-0.9555,1.2600,-0.4900,0.1400
2026-07-03,14:36:50,4756415,0.0034,-0.0181,-0.9487,1.2600,-0.6300,0.0700
2026-07-03,14:36:51,4756515,0.0068,-0.0190,-0.9599,1.2600,-0.5600,0.
2100
2026-07-03,14:36:51,4756615,0.0063,-0.0151,-0.9550,1.2600,-0.5600,0.1400
2026-07-03,14:36:51,4756715,0.0098,-0.0176,-0.9594,1.1900,-0.6300,0.1400
2026-07-03,14:36:51,4756815,0.0093,-0.0215,-0.9589,1.2600,-0.5600,0.1400
2026-07-03,14:36
:51,4756915,0.0112,-0.0176,-0.9565,1.1900,-0.6300,0.1400
2026-07-03,14:36:51,4757015,0.0088,-0.0166,-0.9575,1.1900,-0.5600,0.2100
2026-07-03,14:36:51,4757115,0.0078,-0.0205,-0.9545,1.2600,-0.6300,0.1400
2026-07-03,14:36:51,4757215,0.0020,-0.
0224,-0.9531,1.2600,-0.4900,0.0700
2026-07-03,14:36:51,4757315,-0.0015,-0.0161,-0.9565,1.4700,-0.4900,0.1400
2026-07-03,14:36:51,4757415,0.0000,-0.0254,-0.9550,1.2600,-0.4200,0.2100
2026-07-03,14:36:52,4757515,0.0005,-0.0239,-0.9565,1.1200,-
0.5600,0.1400
2026-07-03,14:36:52,4757615,0.0093,-0.0195,-0.9462,1.4000,-0.5600,0.1400
2026-07-03,14:36:52,4757715,0.0049,-0.0205,-0.9531,1.1900,-0.4900,0.1400
2026-07-03,14:36:52,4757815,0.0024,-0.0195,-0.9545,1.1900,-0.5600,0.1400
2026-07
-03,14:36:52,4757915,0.0078,-0.0229,-0.9506,1.2600,-0.6300,0.2100
2026-07-03,14:36:52,4758015,0.0093,-0.0234,-0.9594,1.4000,-0.2800,0.2100
2026-07-03,14:36:52,4758115,0.0132,-0.0146,-0.9531,1.1900,-0.4200,0.1400
2026-07-03,14:36:52,4758215,0
.0107,-0.0171,-0.9584,1.1900,-0.4900,0.0700
2026-07-03,14:36:52,4758315,0.0161,-0.0205,-0.9472,1.3300,-0.3500,0.1400
2026-07-03,14:36:52,4758415,0.0068,-0.0200,-0.9560,1.1900,-0.3500,0.1400
2026-07-03,14:36:53,4758515,0.0039,-0.0195,-0.9526,
1.3300,-0.4900,0.1400
2026-07-03,14:36:53,4758615,0.0049,-0.0185,-0.9579,1.1900,-0.5600,0.2100
2026-07-03,14:36:53,4758715,0.0068,-0.0195,-0.9555,1.2600,-0.6300,0.1400
2026-07-03,14:36:53,4758815,0.0078,-0.0190,-0.9536,1.2600,-0.5600,0.2100
2026-07-03,14:36:53,4758915,0.0083,-0.0205,-0.9589,1.2600,-0.4900,0.0700
2026-07-03,14:36:53,4759015,0.0024,-0.0185,-0.9521,1.2600,-0.6300,0.2100
2026-07-03,14:36:53,4759115,0.0049,-0.0200,-0.9570,1.2600,-0.5600,0.1400
2026-07-03,14:36:53,4
759215,0.0020,-0.0200,-0.9555,1.1200,-0.6300,0.1400
2026-07-03,14:36:53,4759315,0.0063,-0.0195,-0.9526,1.2600,-0.5600,0.1400
2026-07-03,14:36:53,4759415,0.0054,-0.0195,-0.9545,1.1900,-0.5600,0.1400
2026-07-03,14:36:54,4759515,0.0059,-0.0210,
-0.9560,1.2600,-0.5600,0.1400
2026-07-03,14:36:54,4759615,0.0020,-0.0190,-0.9560,1.2600,-0.5600,0.0700
2026-07-03,14:36:54,4759715,0.0078,-0.0210,-0.9560,1.1900,-0.5600,0.1400
2026-07-03,14:36:54,4759815,0.0049,-0.0210,-0.9560,1.2600,-0.5600
,0.0700
2026-07-03,14:36:54,4759915,0.0049,-0.0210,-0.9555,1.3300,-0.5600,0.1400
2026-07-03,14:36:54,4760015,0.0059,-0.0190,-0.9540,1.1900,-0.4200,0.1400
2026-07-03,14:36:54,4760119,0.0059,-0.0190,-0.9545,1.2600,-0.4900,0.1400
2026-07-03,14
:36:54,4760215,0.0078,-0.0190,-0.9536,1.2600,-0.4900,0.1400
2026-07-03,14:36:54,4760315,0.0063,-0.0205,-0.9579,1.1900,-0.5600,0.2100
2026-07-03,14:36:54,4760415,0.0068,-0.0195,-0.9579,1.2600,-0.6300,0.0700
2026-07-03,14:36:55,4760515,0.0059,
-0.0200,-0.9579,1.2600,-0.5600,0.1400
2026-07-03,14:36:55,4760615,0.0024,-0.0215,-0.9521,1.2600,-0.6300,0.0700
2026-07-03,14:36:55,4760715,0.0024,-0.0195,-0.9506,1.2600,-0.2100,0.1400
2026-07-03,14:36:55,4760815,0.0102,-0.0278,-0.9496,1.4000
,-0.2800,0.1400
2026-07-03,14:36:55,4760915,0.0039,-0.0176,-0.9526,1.1900,-0.4200,0.1400
2026-07-03,14:36:55,4761015,0.0073,-0.0181,-0.9565,1.2600,-0.5600,0.2100
2026-07-03,14:36:55,4761115,0.0063,-0.0195,-0.9550,1.1900,-0.5600,0.1400
2026-
07-03,14:36:55,4761215,0.0039,-0.0205,-0.9545,1.2600,-0.4900,0.1400
2026-07-03,14:36:55,4761315,0.0088,-0.0190,-0.9579,1.1200,-0.6300,0.1400
2026-07-03,14:36:55,4761415,0.0039,-0.0205,-0.9560,1.2600,-0.6300,0.1400
2026-07-03,14:36:56,4761515
,0.0102,-0.0259,-0.9658,1.1900,-0.7000,0.1400
2026-07-03,14:36:56,4761615,0.0073,-0.0210,-0.9575,1.1900,-0.6300,0.0700
2026-07-03,14:36:56,4761715,0.0068,-0.0181,-0.9526,1.1900,-0.6300,0.0700
2026-07-03,14:36:56,4761815,0.0049,-0.0215,-0.957
5,1.2600,-0.4900,0.2100
2026-07-03,14:36:56,4761915,0.0044,-0.0185,-0.9560,1.2600,-0.6300,0.2100
2026-07-03,14:36:56,4762015,0.0039,-0.0185,-0.9560,1.1900,-0.5600,0.2100
2026-07-03,14:36:56,4762115,0.0044,-0.0200,-0.9570,1.2600,-0.5600,0.210
0
2026-07-03,14:36:56,4762215,0.0059,-0.0185,-0.9545,1.1900,-0.4900,0.1400
2026-07-03,14:36:56,4762320,0.0044,-0.0176,-0.9565,1.2600,-0.5600,0.1400
2026-07-03,14:36:56,4762415,0.0044,-0.0195,-0.9579,1.2600,-0.6300,0.2100
2026-07-03,14:36:57
,4762515,0.0044,-0.0185,-0.9555,1.2600,-0.4900,0.1400
2026-07-03,14:36:57,4762615,0.0029,-0.0215,-0.9570,1.2600,-0.5600,0.1400
2026-07-03,14:36:57,4762715,0.0059,-0.0205,-0.9560,1.2600,-0.4900,0.1400
2026-07-03,14:36:57,4762815,0.0068,-0.017
1,-0.9526,1.3300,-0.5600,0.2100
2026-07-03,14:36:57,4762915,0.0059,-0.0195,-0.9555,1.2600,-0.4900,0.1400
2026-07-03,14:36:57,4763020,0.0088,-0.0205,-0.9550,1.2600,-0.4900,0.0700
2026-07-03,14:36:57,4763115,0.0102,-0.0176,-0.9536,1.2600,-0.56
00,0.2100
2026-07-03,14:36:57,4763215,0.0063,-0.0195,-0.9536,1.1900,-0.5600,0.0700
2026-07-03,14:36:57,4763315,0.0049,-0.0195,-0.9579,1.2600,-0.6300,0.1400
2026-07-03,14:36:57,4763415,0.0049,-0.0205,-0.9555,1.1900,-0.4200,0.2100
2026-07-03,
14:36:58,4763515,0.0044,-0.0181,-0.9584,1.2600,-0.5600,0.1400
2026-07-03,14:36:58,4763615,0.0029,-0.0224,-0.9594,1.2600,-0.6300,0.2100
2026-07-03,14:36:58,4763720,0.0063,-0.0102,-0.9477,1.3300,-0.5600,0.2100
2026-07-03,14:36:58,4763815,0.007
3,-0.0190,-0.9506,1.1900,-0.5600,0.0700
2026-07-03,14:36:58,4763915,0.0068,-0.0185,-0.9560,1.2600,-0.7000,0.1400
2026-07-03,14:36:58,4764015,0.0039,-0.0195,-0.9521,1.1200,-0.7000,0.0700
2026-07-03,14:36:58,4764115,0.0034,-0.0234,-0.9531,1.19
00,-0.4900,0.2100
2026-07-03,14:36:58,4764215,0.0049,-0.0156,-0.9492,1.2600,-0.6300,0.1400
2026-07-03,14:36:58,4764315,0.0059,-0.0249,-0.9599,1.3300,-0.7000,0.1400
2026-07-03,14:36:58,4764415,0.0078,-0.0215,-0.9550,1.1900,-0.5600,0.1400
202
6-07-03,14:36:59,4764515,0.0010,-0.0215,-0.9540,1.2600,-0.4900,0.1400
2026-07-03,14:36:59,4764615,0.0044,-0.0122,-0.9565,1.2600,-0.7700,0.2100
2026-07-03,14:36:59,4764715,0.0078,-0.0185,-0.9448,1.3300,-0.6300,0.2100
2026-07-03,14:36:59,47648
15,0.0107,-0.0224,-0.9643,1.1200,-0.5600,0.1400
2026-07-03,14:36:59,4764915,-0.0034,-0.0195,-0.9560,1.4000,-0.6300,0.1400
2026-07-03,14:36:59,4765015,-0.0005,-0.0200,-0.9545,1.3300,-0.6300,0.2800
2026-07-03,14:36:59,4765119,0.0102,-0.0142,-0
.9448,1.1900,-0.4900,0.2100
2026-07-03,14:36:59,4765215,0.0083,-0.0200,-0.9555,1.3300,-0.5600,0.0700
2026-07-03,14:36:59,4765315,-0.0024,-0.0161,-0.9589,1.2600,-0.2100,0.1400
2026-07-03,14:36:59,4765415,0.0044,-0.0181,-0.9614,1.3300,-0.4200,
0.2800
2026-07-03,14:37:00,4765515,0.0054,-0.0215,-0.9560,1.1200,-0.6300,0.2800
2026-07-03,14:37:00,4765615,0.0054,-0.0229,-0.9579,1.1900,-0.5600,0.1400
2026-07-03,14:37:00,4765715,0.0034,-0.0268,-0.9604,1.2600,-0.6300,0.2100
2026-07-03,14:
37:00,4765815,0.0063,-0.0215,-0.9492,1.2600,-0.6300,0.2100
2026-07-03,14:37:00,4765915,0.0068,-0.0185,-0.9496,1.1200,-0.4200,0.2100
2026-07-03,14:37:00,4766015,0.0102,-0.0239,-0.9521,1.1200,-0.5600,0.1400
2026-07-03,14:37:00,4766115,0.0034,-
0.0137,-0.9667,1.3300,-0.4200,0.0700
2026-07-03,14:37:00,4766215,0.0049,-0.0229,-0.9609,1.1900,-0.4900,0.2100
2026-07-03,14:37:00,4766315,0.0020,-0.0234,-0.9653,1.2600,-0.4900,0.1400
2026-07-03,14:37:00,4766415,0.0034,-0.0176,-0.9545,1.2600,
-0.6300,0.2100
2026-07-03,14:37:01,4766515,0.0054,-0.0195,-0.9492,1.2600,-0.5600,0.1400
2026-07-03,14:37:01,4766615,0.0083,-0.0200,-0.9584,1.2600,-0.5600,0.2100
2026-07-03,14:37:01,4766715,0.0049,-0.0142,-0.9506,1.2600,-0.7000,0.2100
2026-0
7-03,14:37:01,4766815,0.0024,-0.0190,-0.9638,1.2600,-0.4900,0.2100
2026-07-03,14:37:01,4766915,0.0010,-0.0205,-0.9594,1.1900,-0.6300,0.1400
2026-07-03,14:37:01,4767015,0.0063,-0.0190,-0.9531,1.3300,-0.5600,0.2100
2026-07-03,14:37:01,4767115,
0.0073,-0.0195,-0.9565,1.1900,-0.5600,0.1400
2026-07-03,14:37:01,4767215,0.0068,-0.0210,-0.9521,1.1900,-0.4900,0.1400
2026-07-03,14:37:01,4767315,-0.0010,-0.0215,-0.9550,1.2600,-0.5600,0.1400
2026-07-03,14:37:01,4767415,0.0078,-0.0234,-0.960
4,1.1900,-0.7000,0.1400
2026-07-03,14:37:02,4767515,0.0010,-0.0181,-0.9575,1.2600,-0.5600,0.1400
2026-07-03,14:37:02,4767615,0.0005,-0.0117,-0.9496,1.2600,-0.6300,0.2100
2026-07-03,14:37:02,4767715,0.0063,-0.0200,-0.9618,1.1900,-0.7000,0.000
0
2026-07-03,14:37:02,4767815,0.0024,-0.0205,-0.9565,1.2600,-0.7000,0.1400
2026-07-03,14:37:02,4767915,0.0044,-0.0205,-0.9540,1.2600,-0.5600,0.2100
2026-07-03,14:37:02,4768015,0.0049,-0.0190,-0.9536,1.2600,-0.5600,0.1400
2026-07-03,14:37:02
,4768115,0.0039,-0.0220,-0.9433,1.1200,-0.2800,0.2100
2026-07-03,14:37:02,4768215,0.0059,-0.0210,-0.9565,1.2600,-0.4900,0.1400
2026-07-03,14:37:02,4768315,0.0093,-0.0210,-0.9570,1.1900,-0.7000,0.1400
2026-07-03,14:37:02,4768415,0.0049,-0.021
0,-0.9531,1.2600,-0.5600,0.1400
2026-07-03,14:37:03,4768515,0.0044,-0.0185,-0.9536,1.1900,-0.6300,0.1400
2026-07-03,14:37:03,4768615,0.0039,-0.0190,-0.9565,1.1900,-0.4900,0.1400
2026-07-03,14:37:03,4768715,0.0039,-0.0210,-0.9594,1.0500,-0.56
00,0.1400
2026-07-03,14:37:03,4768815,0.0063,-0.0156,-0.9555,1.1900,-0.5600,0.1400
2026-07-03,14:37:03,4768915,0.0063,-0.0200,-0.9609,1.3300,-0.5600,0.1400
2026-07-03,14:37:03,4769015,0.0073,-0.0190,-0.9550,1.2600,-0.7000,0.2100
2026-07-03,
14:37:03,4769115,0.0073,-0.0166,-0.9540,1.2600,-0.4900,0.2800
2026-07-03,14:37:03,4769215,0.0049,-0.0161,-0.9638,1.2600,-0.4900,0.2100
2026-07-03,14:37:03,4769315,0.0088,-0.0220,-0.9579,1.1200,-0.4900,0.2100
2026-07-03,14:37:03,4769415,0.008
3,-0.0220,-0.9594,1.2600,-0.4200,0.2100
2026-07-03,14:37:04,4769515,0.0039,-0.0195,-0.9482,1.3300,-0.5600,0.2100
2026-07-03,14:37:04,4769615,0.0034,-0.0166,-0.9618,1.1200,-0.4200,0.1400
2026-07-03,14:37:04,4769715,0.0039,-0.0161,-0.9589,1.26
00,-0.7000,0.2100
2026-07-03,14:37:04,4769815,0.0083,-0.0215,-0.9560,1.1900,-0.5600,0.1400
2026-07-03,14:37:04,4769919,0.0068,-0.0195,-0.9570,1.3300,-0.5600,0.1400
2026-07-03,14:37:04,4770015,0.0054,-0.0210,-0.9545,1.1900,-0.4900,0.1400
202
6-07-03,14:37:04,4770119,0.0054,-0.0215,-0.9545,1.2600,-0.5600,0.1400
2026-07-03,14:37:04,4770215,0.0068,-0.0190,-0.9565,1.1200,-0.6300,0.2100
2026-07-03,14:37:04,4770315,0.0029,-0.0190,-0.9550,1.1900,-0.5600,0.2100
2026-07-03,14:37:04,47704
15,0.0107,-0.0483,-0.9628,1.1900,-0.7700,0.2100
2026-07-03,14:37:05,4770515,0.0259,-0.0005,-0.9423,1.1200,-0.4900,0.2100
2026-07-03,14:37:05,4770621,0.0176,-0.0210,-0.9618,1.3300,-0.3500,0.1400
2026-07-03,14:37:05,4770715,0.0020,-0.0210,-0.9
560,1.1900,-0.5600,0.1400
2026-07-03,14:37:05,4770815,0.0024,-0.0215,-0.9536,1.2600,-0.5600,0.1400
2026-07-03,14:37:05,4770915,0.0044,-0.0224,-0.9526,1.1900,-0.5600,0.1400
2026-07-03,14:37:05,4771015,0.0054,-0.0190,-0.9560,1.1900,-0.5600,0.1
400
2026-07-03,14:37:05,4771115,0.0054,-0.0142,-0.9506,1.1200,-0.4900,0.2100
2026-07-03,14:37:05,4771215,0.0024,-0.0215,-0.9560,1.3300,-0.4900,0.0700
2026-07-03,14:37:05,4771320,0.0044,-0.0195,-0.9531,1.2600,-0.6300,0.1400
2026-07-03,14:37:
05,4771415,0.0068,-0.0210,-0.9594,1.2600,-0.7700,0.1400
2026-07-03,14:37:06,4771515,0.0083,-0.0122,-0.9531,1.1200,-0.9800,0.0700
2026-07-03,14:37:06,4771615,0.0151,-0.0195,-0.9414,1.2600,-0.5600,0.2100
2026-07-03,14:37:06,4771715,-0.0093,-0.
0102,-0.9384,1.1900,-0.4200,0.2800
2026-07-03,14:37:06,4771815,-0.0083,-0.0273,-0.9706,1.5400,-0.2100,0.1400
2026-07-03,14:37:06,4771915,-0.0083,-0.0171,-0.9443,1.2600,-0.6300,0.1400
2026-07-03,14:37:06,4772015,0.0049,-0.0215,-0.9555,1.2600,
-0.4200,0.1400
2026-07-03,14:37:06,4772115,0.0078,-0.0181,-0.9560,1.1900,-0.4200,0.1400
2026-07-03,14:37:06,4772215,0.0073,-0.0200,-0.9555,1.1900,-0.6300,0.2100
2026-07-03,14:37:06,4772315,0.0083,-0.0190,-0.9550,1.2600,-0.6300,0.0700
2026-0
7-03,14:37:06,4772415,0.0054,-0.0171,-0.9506,1.1900,-0.4900,0.2800
2026-07-03,14:37:07,4772515,0.0073,-0.0190,-0.9570,1.1900,-0.5600,0.1400
2026-07-03,14:37:07,4772615,0.0020,-0.0215,-0.9526,1.3300,-0.4900,0.1400
2026-07-03,14:37:07,4772715,
0.0029,-0.0224,-0.9594,1.1900,-0.4900,0.0700
2026-07-03,14:37:07,4772815,0.0044,-0.0190,-0.9545,1.2600,-0.6300,0.2100
2026-07-03,14:37:07,4772915,0.0063,-0.0200,-0.9560,1.2600,-0.5600,0.1400
2026-07-03,14:37:07,4773015,0.0049,-0.0195,-0.9575
,1.2600,-0.5600,0.1400
2026-07-03,14:37:07,4773115,0.0049,-0.0190,-0.9555,1.2600,-0.4200,0.2100
2026-07-03,14:37:07,4773215,0.0039,-0.0195,-0.9570,1.2600,-0.6300,0.2100
2026-07-03,14:37:07,4773315,0.0063,-0.0190,-0.9526,1.2600,-0.4200,0.0700
2026-07-03,14:37:07,4773415,0.0078,-0.0205,-0.9560,1.3300,-0.4900,0.2100
2026-07-03,14:37:08,4773515,0.0063,-0.0195,-0.9516,1.2600,-0.5600,0.1400
2026-07-03,14:37:08,4773615,0.0059,-0.0176,-0.9506,1.2600,-0.5600,0.1400
2026-07-03,14:37:08,
4773715,0.0044,-0.0176,-0.9560,1.1900,-0.4900,0.1400
2026-07-03,14:37:08,4773815,0.0054,-0.0200,-0.9555,1.2600,-0.6300,0.1400
2026-07-03,14:37:08,4773915,0.0034,-0.0171,-0.9545,1.2600,-0.5600,0.2100
2026-07-03,14:37:08,4774015,0.0059,-0.0220
,-0.9545,1.1200,-0.7000,0.0700
2026-07-03,14:37:08,4774115,0.0049,-0.0205,-0.9545,1.1900,-0.5600,0.1400
2026-07-03,14:37:08,4774215,0.0063,-0.0215,-0.9575,1.1900,-0.6300,0.0700
2026-07-03,14:37:08,4774315,0.0059,-0.0210,-0.9545,1.1900,-0.560
0,0.1400
2026-07-03,14:37:08,4774415,0.0044,-0.0205,-0.9545,1.2600,-0.6300,0.1400
2026-07-03,14:37:09,4774515,0.0049,-0.0220,-0.9565,1.2600,-0.5600,0.1400
2026-07-03,14:37:09,4774615,0.0078,-0.0210,-0.9545,1.2600,-0.6300,0.1400
2026-07-03,1
4:37:09,4774715,0.0054,-0.0190,-0.9575,1.1200,-0.5600,0.1400
2026-07-03,14:37:09,4774815,0.0068,-0.0195,-0.9555,1.1900,-0.6300,0.1400
2026-07-03,14:37:09,4774915,0.0078,-0.0200,-0.9589,1.3300,-0.5600,0.1400
2026-07-03,14:37:09,4775015,0.0044
,-0.0200,-0.9531,1.1900,-0.5600,0.2100
2026-07-03,14:37:09,4775119,0.0059,-0.0185,-0.9575,1.3300,-0.6300,0.1400
2026-07-03,14:37:09,4775215,0.0044,-0.0210,-0.9536,1.1900,-0.5600,0.1400
2026-07-03,14:37:09,4775315,0.0054,-0.0210,-0.9565,1.190
0,-0.5600,0.1400
2026-07-03,14:37:09,4775415,0.0059,-0.0220,-0.9575,1.2600,-0.4900,0.2100
2026-07-03,14:37:10,4775515,0.0054,-0.0210,-0.9545,1.1900,-0.6300,0.2100
2026-07-03,14:37:10,4775615,0.0054,-0.0205,-0.9536,1.2600,-0.4900,0.0700
2026
-07-03,14:37:10,4775715,0.0059,-0.0210,-0.9550,1.2600,-0.5600,0.2100
2026-07-03,14:37:10,4775815,0.0044,-0.0220,-0.9575,1.2600,-0.5600,0.1400
2026-07-03,14:37:10,4775915,0.0054,-0.0200,-0.9550,1.2600,-0.5600,0.2100
2026-07-03,14:37:10,477601
5,0.0034,-0.0200,-0.9536,1.1900,-0.7000,0.1400
2026-07-03,14:37:10,4776115,0.0054,-0.0195,-0.9516,1.1900,-0.6300,0.1400
2026-07-03,14:37:10,4776215,0.0049,-0.0195,-0.9550,1.2600,-0.4900,0.1400
2026-07-03,14:37:10,4776315,0.0063,-0.0200,-0.95
70,1.1900,-0.5600,0.1400
2026-07-03,14:37:10,4776415,0.0054,-0.0210,-0.9560,1.2600,-0.5600,0.2100
2026-07-03,14:37:11,4776515,0.0039,-0.0195,-0.9540,1.1900,-0.6300,0.0700
2026-07-03,14:37:11,4776615,0.0093,-0.0205,-0.9555,1.2600,-0.5600,0.21
00
2026-07-03,14:37:11,4776715,0.0063,-0.0195,-0.9550,1.1900,-0.6300,0.1400
2026-07-03,14:37:11,4776815,0.0044,-0.0190,-0.9550,1.1900,-0.5600,0.1400
2026-07-03,14:37:11,4776915,0.0029,-0.0151,-0.9511,1.3300,-0.4900,0.1400
2026-07-03,14:37:1
1,4777015,0.0044,-0.0190,-0.9570,1.2600,-0.6300,0.2100
2026-07-03,14:37:11,4777115,0.0039,-0.0200,-0.9516,1.1900,-0.7000,0.1400
2026-07-03,14:37:11,4777215,0.0054,-0.0195,-0.9540,1.2600,-0.4900,0.0700
2026-07-03,14:37:11,4777315,0.0044,-0.02
10,-0.9536,1.2600,-0.5600,0.1400
2026-07-03,14:37:11,4777415,0.0044,-0.0229,-0.9531,1.1900,-0.4900,0.1400
2026-07-03,14:37:12,4777515,0.0059,-0.0200,-0.9545,1.1900,-0.5600,0.2100
2026-07-03,14:37:12,4777615,0.0044,-0.0195,-0.9570,1.2600,-0.6
300,0.2100
2026-07-03,14:37:12,4777715,0.0054,-0.0200,-0.9545,1.1200,-0.6300,0.1400
2026-07-03,14:37:12,4777815,0.0049,-0.0195,-0.9560,1.3300,-0.7000,0.1400
2026-07-03,14:37:12,4777915,0.0049,-0.0181,-0.9560,1.1900,-0.6300,0.1400
2026-07-03
,14:37:12,4778015,0.0044,-0.0215,-0.9584,1.1900,-0.5600,0.0700
2026-07-03,14:37:12,4778115,0.0029,-0.0190,-0.9565,1.1900,-0.4900,0.1400
2026-07-03,14:37:12,4778220,0.0068,-0.0205,-0.9565,1.1900,-0.5600,0.2100
2026-07-03,14:37:12,4778315,0.00
59,-0.0210,-0.9545,1.1900,-0.4900,0.1400
2026-07-03,14:37:12,4778415,0.0044,-0.0220,-0.9545,1.3300,-0.3500,0.1400
2026-07-03,14:37:13,4778515,0.0044,-0.0195,-0.9555,1.2600,-0.4200,0.2100
2026-07-03,14:37:13,4778615,0.0049,-0.0181,-0.9555,1.1
900,-0.5600,0.2100
2026-07-03,14:37:13,4778715,0.0044,-0.0215,-0.9536,1.2600,-0.5600,0.1400
2026-07-03,14:37:13,4778815,0.0068,-0.0210,-0.9550,1.1200,-0.6300,0.2100
2026-07-03,14:37:13,4778919,0.0054,-0.0171,-0.9521,1.0500,-0.9100,0.1400
20
26-07-03,14:37:13,4779015,0.0054,-0.0254,-0.9575,1.1900,-0.5600,0.1400
2026-07-03,14:37:13,4779115,0.0029,-0.0283,-0.9628,1.1900,-0.6300,0.1400
2026-07-03,14:37:13,4779215,0.0015,-0.0171,-0.9545,1.3300,-0.4200,0.1400
2026-07-03,14:37:13,4779
315,0.0551,-0.1030,-1.1356,2.3800,-2.0300,-0.2100
2026-07-03,14:37:13,4779415,-0.0083,-0.0010,-0.8764,1.1900,-0.4200,0.1400
2026-07-03,14:37:14,4779515,0.0044,-0.0400,-0.9794,1.1200,-0.2100,0.1400
2026-07-03,14:37:14,4779620,-0.0044,-0.0151,
-0.9540,1.2600,-0.4900,0.2100
2026-07-03,14:37:14,4779715,0.0020,-0.0210,-0.9575,1.2600,-0.4900,0.2800
2026-07-03,14:37:14,4779815,0.0073,-0.0210,-0.9521,1.1900,-0.6300,0.2100
2026-07-03,14:37:14,4779915,0.0039,-0.0200,-0.9531,1.1900,-0.5600
,0.1400
2026-07-03,14:37:14,4780015,0.0015,-0.0259,-0.9404,1.1200,-0.4200,0.2800
2026-07-03,14:37:14,4780119,0.0039,-0.0254,-0.9492,1.2600,-0.5600,0.1400
2026-07-03,14:37:14,4780215,0.0068,-0.0195,-0.9536,1.1900,-0.5600,0.2100
2026-07-03,14
:37:14,4780315,0.0102,-0.0151,-0.9487,1.1900,-0.7000,0.2100
2026-07-03,14:37:14,4780415,0.0073,-0.0205,-0.9575,1.1900,-0.7700,0.0700
2026-07-03,14:37:15,4780515,0.0083,-0.0156,-0.9506,1.4000,-0.5600,0.2100
2026-07-03,14:37:15,4780615,0.0093,
-0.0229,-0.9570,1.2600,-0.5600,0.2100
2026-07-03,14:37:15,4780715,0.0112,-0.0264,-0.9555,1.1200,-0.4900,0.1400
2026-07-03,14:37:15,4780815,0.0059,-0.0205,-0.9565,1.1900,-0.4900,0.2100
2026-07-03,14:37:15,4780915,0.0044,-0.0215,-0.9550,1.3300
,-0.5600,0.1400
2026-07-03,14:37:15,4781015,-0.0015,-0.0273,-0.9604,1.1900,-0.6300,0.2100
2026-07-03,14:37:15,4781115,0.0093,-0.0122,-0.9511,1.2600,-0.5600,0.2100
2026-07-03,14:37:15,4781215,0.0059,-0.0190,-0.9540,1.1900,-0.4900,0.1400
2026
-07-03,14:37:15,4781315,0.0049,-0.0185,-0.9496,1.2600,-0.7000,0.0700
2026-07-03,14:37:15,4781415,0.0068,-0.0215,-0.9540,1.2600,-0.4200,0.2100
2026-07-03,14:37:16,4781515,0.0078,-0.0176,-0.9545,1.1900,-0.4900,0.1400
2026-07-03,14:37:16,478161
5,0.0054,-0.0181,-0.9511,1.1900,-0.2800,0.1400
2026-07-03,14:37:16,4781715,0.0054,-0.0210,-0.9531,1.2600,-0.6300,0.1400
2026-07-03,14:37:16,4781815,0.0063,-0.0239,-0.9540,1.2600,-0.7700,0.0700
2026-07-03,14:37:16,4781915,0.0034,-0.0229,-0.95
55,1.1900,-0.4900,0.0700
2026-07-03,14:37:16,4782015,0.0088,-0.0181,-0.9560,1.2600,-0.4200,0.1400
2026-07-03,14:37:16,4782115,0.0049,-0.0185,-0.9570,1.1200,-0.5600,0.1400
2026-07-03,14:37:16,4782215,0.0059,-0.0210,-0.9555,1.2600,-0.5600,0.14
00
2026-07-03,14:37:16,4782315,0.0054,-0.0195,-0.9536,1.2600,-0.5600,0.1400
2026-07-03,14:37:16,4782415,0.0054,-0.0215,-0.9579,1.1900,-0.7700,0.1400
2026-07-03,14:37:17,4782515,0.0049,-0.0166,-0.9414,1.1200,-0.7700,0.1400
2026-07-03,14:37:1
7,4782615,0.0078,-0.0171,-0.9540,1.3300,-0.5600,0.2100
2026-07-03,14:37:17,4782715,0.0044,-0.0200,-0.9555,1.2600,-0.5600,0.2100
2026-07-03,14:37:17,4782815,0.0063,-0.0200,-0.9565,1.2600,-0.5600,0.2100
2026-07-03,14:37:17,4782915,0.0054,-0.02
20,-0.9565,1.1900,-0.5600,0.2100
2026-07-03,14:37:17,4783015,0.0034,-0.0205,-0.9550,1.3300,-0.4900,0.1400
2026-07-03,14:37:17,4783115,0.0059,-0.0200,-0.9550,1.3300,-0.5600,0.2100
2026-07-03,14:37:17,4783215,0.0049,-0.0195,-0.9526,1.1900,-0.5
600,0.2100
2026-07-03,14:37:17,4783315,0.0063,-0.0176,-0.9540,1.2600,-0.4900,0.1400
2026-07-03,14:37:17,4783415,0.0063,-0.0185,-0.9545,1.1200,-0.6300,0.0700
2026-07-03,14:37:18,4783515,0.0039,-0.0161,-0.9540,1.1200,-0.6300,0.1400
2026-07-03
,14:37:18,4783615,0.0054,-0.0200,-0.9565,1.1900,-0.6300,0.1400
2026-07-03,14:37:18,4783715,0.0063,-0.0205,-0.9570,1.2600,-0.5600,0.1400
2026-07-03,14:37:18,4783815,0.0049,-0.0185,-0.9531,1.1900,-0.4900,0.1400
2026-07-03,14:37:18,4783915,0.00
44,-0.0195,-0.9560,1.1900,-0.4200,0.1400
2026-07-03,14:37:18,4784015,0.0054,-0.0205,-0.9570,1.2600,-0.4200,0.1400
2026-07-03,14:37:18,4784115,0.0049,-0.0195,-0.9540,1.2600,-0.5600,0.2100
2026-07-03,14:37:18,4784215,0.0039,-0.0205,-0.9575,1.3
300,-0.4200,0.1400
2026-07-03,14:37:18,4784315,0.0020,-0.0215,-0.9516,1.1900,-0.4900,0.2100
2026-07-03,14:37:18,4784415,0.0039,-0.0210,-0.9560,1.2600,-0.6300,0.0700
2026-07-03,14:37:19,4784515,0.0073,-0.0205,-0.9555,1.2600,-0.4900,0.2100
20
26-07-03,14:37:19,4784615,0.0068,-0.0190,-0.9540,1.2600,-0.4200,0.1400
2026-07-03,14:37:19,4784715,0.0054,-0.0190,-0.9555,1.2600,-0.4900,0.1400
2026-07-03,14:37:19,4784815,0.0020,-0.0200,-0.9565,1.3300,-0.4900,0.2100
2026-07-03,14:37:19,4784
915,0.0054,-0.0156,-0.9516,1.3300,-0.4900,0.1400
2026-07-03,14:37:19,4785015,0.0073,-0.0205,-0.9560,1.2600,-0.6300,0.1400
2026-07-03,14:37:19,4785119,0.0049,-0.0224,-0.9550,1.2600,-0.6300,0.0700
2026-07-03,14:37:19,4785215,0.0024,-0.0200,-0.
9540,1.0500,-0.6300,0.1400
2026-07-03,14:37:19,4785315,0.0059,-0.0220,-0.9565,1.1900,-0.6300,0.1400
2026-07-03,14:37:19,4785415,0.0054,-0.0195,-0.9570,1.1900,-0.6300,0.1400
2026-07-03,14:37:20,4785515,0.0102,-0.0239,-0.9560,1.1200,-0.5600,0.
0700
2026-07-03,14:37:20,4785615,0.0044,-0.0215,-0.9565,1.1200,-0.4900,0.1400
2026-07-03,14:37:20,4785715,0.0073,-0.0210,-0.9560,1.1900,-0.6300,0.2100
2026-07-03,14:37:20,4785815,0.0054,-0.0205,-0.9545,1.2600,-0.6300,0.1400
2026-07-03,14:37
:20,4785915,0.0049,-0.0234,-0.9579,1.1900,-0.6300,0.1400
2026-07-03,14:37:20,4786015,0.0054,-0.0181,-0.9555,1.2600,-0.5600,0.2100
2026-07-03,14:37:20,4786115,0.0078,-0.0195,-0.9555,1.1900,-0.4200,0.2100
2026-07-03,14:37:20,4786215,0.0039,-0.
0195,-0.9545,1.2600,-0.4900,0.1400
2026-07-03,14:37:20,4786315,0.0078,-0.0210,-0.9555,1.2600,-0.4900,0.2100
2026-07-03,14:37:20,4786415,0.0063,-0.0176,-0.9526,1.2600,-0.4900,0.2100
2026-07-03,14:37:21,4786520,0.0054,-0.0205,-0.9560,1.3300,-0
.5600,0.0700
2026-07-03,14:37:21,4786615,0.0044,-0.0200,-0.9540,1.1900,-0.5600,0.2100
2026-07-03,14:37:21,4786715,0.0054,-0.0190,-0.9540,1.2600,-0.4900,0.2100
2026-07-03,14:37:21,4786815,0.0049,-0.0205,-0.9560,1.1900,-0.4200,0.2100
2026-07-
03,14:37:21,4786915,0.0034,-0.0195,-0.9550,1.1900,-0.5600,0.1400
2026-07-03,14:37:21,4787015,0.0029,-0.0176,-0.9555,1.3300,-0.5600,0.2800
2026-07-03,14:37:21,4787115,0.0083,-0.0229,-0.9550,1.2600,-0.5600,0.1400
2026-07-03,14:37:21,4787220,0.
0059,-0.0195,-0.9550,1.2600,-0.5600,0.0700
2026-07-03,14:37:21,4787315,0.0059,-0.0239,-0.9555,1.1900,-0.4900,0.2100
2026-07-03,14:37:21,4787415,0.0063,-0.0200,-0.9531,1.2600,-0.4900,0.1400
2026-07-03,14:37:22,4787515,0.0020,-0.0215,-0.9560,1
.3300,-0.7700,0.1400
2026-07-03,14:37:22,4787615,0.0044,-0.0210,-0.9540,1.2600,-0.5600,0.1400
2026-07-03,14:37:22,4787715,0.0059,-0.0171,-0.9531,1.3300,-0.5600,0.2100
2026-07-03,14:37:22,4787815,0.0049,-0.0210,-0.9594,1.1900,-0.6300,0.0700
2026-07-03,14:37:22,4787919,0.0044,-0.0190,-0.9579,1.1900,-0.4900,0.1400
2026-07-03,14:37:22,4788015,0.0054,-0.0205,-0.9565,1.2600,-0.4900,0.2100
2026-07-03,14:37:22,4788115,0.0063,-0.0205,-0.9545,1.1900,-0.4900,0.2100
2026-07-03,14:37:22,47
88215,0.0049,-0.0195,-0.9565,1.1900,-0.6300,0.1400
2026-07-03,14:37:22,4788315,0.0039,-0.0229,-0.9536,1.1900,-0.6300,0.1400
2026-07-03,14:37:22,4788415,0.0015,-0.0190,-0.9623,1.3300,-0.7000,0.1400
2026-07-03,14:37:23,4788515,0.0005,-0.0210,-
0.9570,1.1900,-0.4200,0.1400
2026-07-03,14:37:23,4788615,0.0044,-0.0210,-0.9570,1.1900,-0.5600,0.1400
2026-07-03,14:37:23,4788715,0.0059,-0.0176,-0.9570,1.2600,-0.5600,0.2100
2026-07-03,14:37:23,4788815,0.0063,-0.0210,-0.9589,1.1900,-0.5600,
0.2100
2026-07-03,14:37:23,4788915,0.0044,-0.0210,-0.9545,1.1900,-0.5600,0.1400
2026-07-03,14:37:23,4789015,0.0049,-0.0185,-0.9526,1.1900,-0.4900,0.2100
2026-07-03,14:37:23,4789115,0.0068,-0.0195,-0.9570,1.1900,-0.7700,0.1400
2026-07-03,14:
37:23,4789215,0.0054,-0.0161,-0.9521,1.1200,-0.7700,0.1400
2026-07-03,14:37:23,4789315,0.0029,-0.0210,-0.9575,1.1900,-0.6300,0.1400
2026-07-03,14:37:23,4789415,0.0093,-0.0107,-0.9457,1.3300,-0.4200,0.0700
2026-07-03,14:37:24,4789515,0.0068,-
0.0176,-0.9565,1.2600,-0.4200,0.2100
2026-07-03,14:37:24,4789615,0.0034,-0.0239,-0.9628,1.2600,-0.5600,0.1400
2026-07-03,14:37:24,4789715,0.0059,-0.0234,-0.9540,1.1900,-0.4900,0.1400
2026-07-03,14:37:24,4789815,0.0049,-0.0210,-0.9545,1.3300,
-0.6300,0.1400
2026-07-03,14:37:24,4789915,0.0068,-0.0195,-0.9545,1.1900,-0.5600,0.1400
2026-07-03,14:37:24,4790015,0.0034,-0.0185,-0.9555,1.2600,-0.4900,0.1400
2026-07-03,14:37:24,4790119,0.0059,-0.0210,-0.9570,1.3300,-0.5600,0.1400
2026-0
7-03,14:37:24,4790215,0.0063,-0.0215,-0.9589,1.1200,-0.6300,0.1400
2026-07-03,14:37:24,4790315,0.0039,-0.0195,-0.9536,1.2600,-0.5600,0.0700
2026-07-03,14:37:24,4790415,0.0010,-0.0190,-0.9545,1.1900,-0.6300,0.1400
2026-07-03,14:37:25,4790515,
0.0044,-0.0181,-0.9545,1.2600,-0.6300,0.1400
2026-07-03,14:37:25,4790615,0.0054,-0.0200,-0.9531,1.1900,-0.5600,0.2100
2026-07-03,14:37:25,4790715,0.0054,-0.0200,-0.9565,1.2600,-0.4200,0.1400
2026-07-03,14:37:25,4790815,0.0059,-0.0185,-0.9560
,1.3300,-0.5600,0.2800
2026-07-03,14:37:25,4790915,0.0068,-0.0195,-0.9540,1.1900,-0.5600,0.0700
2026-07-03,14:37:25,4791015,0.0063,-0.0195,-0.9570,1.1900,-0.5600,0.1400
2026-07-03,14:37:25,4791115,0.0059,-0.0200,-0.9521,1.3300,-0.5600,0.1400
2026-07-03,14:37:25,4791215,0.0000,-0.0185,-0.9550,1.2600,-0.4900,0.0700
2026-07-03,14:37:25,4791315,0.0034,-0.0176,-0.9575,1.2600,-0.5600,0.2100
2026-07-03,14:37:25,4791415,0.0083,-0.0210,-0.9565,1.1900,-0.4900,0.1400
2026-07-03,14:37:26,
4791515,0.0078,-0.0176,-0.9540,1.2600,-0.5600,0.1400
2026-07-03,14:37:26,4791615,0.0063,-0.0185,-0.9560,1.1900,-0.6300,0.1400
2026-07-03,14:37:26,4791715,0.0054,-0.0181,-0.9550,1.3300,-0.7000,0.1400
2026-07-03,14:37:26,4791815,0.0049,-0.0215
,-0.9550,1.1900,-0.4200,0.1400
2026-07-03,14:37:26,4791915,0.0059,-0.0185,-0.9550,1.1900,-0.5600,0.2100
2026-07-03,14:37:26,4792015,0.0034,-0.0161,-0.9506,1.2600,-0.5600,0.2100
2026-07-03,14:37:26,4792115,0.0068,-0.0176,-0.9570,1.3300,-0.490
0,0.2100
2026-07-03,14:37:26,4792215,0.0088,-0.0185,-0.9565,1.2600,-0.5600,0.1400
2026-07-03,14:37:26,4792315,0.0044,-0.0176,-0.9545,1.2600,-0.6300,0.1400
2026-07-03,14:37:26,4792415,0.0059,-0.0210,-0.9575,1.1900,-0.5600,0.1400
2026-07-03,1
4:37:27,4792515,0.0059,-0.0195,-0.9536,1.1900,-0.5600,0.1400
2026-07-03,14:37:27,4792615,0.0054,-0.0200,-0.9555,1.2600,-0.5600,0.2100
2026-07-03,14:37:27,4792715,0.0059,-0.0195,-0.9540,1.2600,-0.5600,0.0700
2026-07-03,14:37:27,4792815,0.0049
,-0.0185,-0.9540,1.2600,-0.4900,0.2100
2026-07-03,14:37:27,4792915,0.0024,-0.0200,-0.9565,1.2600,-0.5600,0.2800
2026-07-03,14:37:27,4793015,0.0034,-0.0190,-0.9575,1.2600,-0.5600,0.2100
2026-07-03,14:37:27,4793115,0.0073,-0.0185,-0.9565,1.190
0,-0.5600,0.0700
2026-07-03,14:37:27,4793215,0.0049,-0.0185,-0.9536,1.2600,-0.5600,0.1400
2026-07-03,14:37:27,4793315,0.0063,-0.0161,-0.9550,1.2600,-0.6300,0.1400
2026-07-03,14:37:27,4793415,0.0063,-0.0200,-0.9536,1.1900,-0.6300,0.1400
2026
-07-03,14:37:28,4793515,0.0063,-0.0181,-0.9531,1.2600,-0.5600,0.1400
2026-07-03,14:37:28,4793615,0.0078,-0.0205,-0.9560,1.1900,-0.5600,0.2100
2026-07-03,14:37:28,4793715,0.0020,-0.0195,-0.9545,1.1900,-0.7000,0.2100
2026-07-03,14:37:28,479381
5,0.0073,-0.0181,-0.9526,1.1900,-0.5600,0.0700
2026-07-03,14:37:28,4793915,0.0020,-0.0195,-0.9579,1.2600,-0.3500,0.2100
2026-07-03,14:37:28,4794015,0.0000,-0.0234,-0.9575,1.2600,-0.4900,0.2100
2026-07-03,14:37:28,4794115,0.0010,-0.0224,-0.95
60,1.1900,-0.6300,0.2100
2026-07-03,14:37:28,4794215,0.0024,-0.0215,-0.9579,1.1900,-0.4200,0.2100
2026-07-03,14:37:28,4794315,0.0073,-0.0200,-0.9540,1.1900,-0.6300,0.1400
2026-07-03,14:37:28,4794415,0.0102,-0.0190,-0.9579,1.1900,-0.4900,0.21
00
2026-07-03,14:37:29,4794515,0.0049,-0.0176,-0.9555,1.2600,-0.4900,0.1400
2026-07-03,14:37:29,4794615,0.0039,-0.0220,-0.9575,1.1900,-0.6300,0.0700
2026-07-03,14:37:29,4794715,0.0049,-0.0205,-0.9531,1.1900,-0.4200,0.1400
2026-07-03,14:37:2
9,4794820,0.0059,-0.0220,-0.9560,1.1900,-0.4900,0.1400
2026-07-03,14:37:29,4794915,0.0068,-0.0176,-0.9565,1.1900,-0.4900,0.2100
2026-07-03,14:37:29,4795015,0.0073,-0.0215,-0.9540,1.1900,-0.6300,0.2100
2026-07-03,14:37:29,4795119,0.0073,-0.02
15,-0.9536,1.2600,-0.4900,0.1400
2026-07-03,14:37:29,4795215,0.0054,-0.0215,-0.9570,1.1900,-0.5600,0.1400
2026-07-03,14:37:29,4795315,0.0039,-0.0205,-0.9536,1.2600,-0.6300,0.2100
2026-07-03,14:37:29,4795415,0.0054,-0.0190,-0.9536,1.1900,-0.4
900,0.2100
2026-07-03,14:37:30,4795520,0.0078,-0.0220,-0.9570,1.2600,-0.5600,0.1400
2026-07-03,14:37:30,4795615,0.0010,-0.0181,-0.9536,1.2600,-0.7700,0.2100
2026-07-03,14:37:30,4795715,0.0044,-0.0239,-0.9550,0.9800,-1.0500,0.0000
2026-07-03
,14:37:30,4795815,0.0171,-0.0073,-0.9614,1.3300,-0.6300,0.2800
2026-07-03,14:37:30,4795915,-0.0029,-0.0146,-0.9521,1.2600,-0.1400,0.0700
2026-07-03,14:37:30,4796015,0.0107,-0.0283,-0.9794,1.1900,-0.2100,0.0700
2026-07-03,14:37:30,4796115,0.0
005,-0.0088,-0.9477,1.3300,-0.4900,0.2100
2026-07-03,14:37:30,4796220,0.0093,-0.0229,-0.9565,1.1900,-0.4900,0.1400
2026-07-03,14:37:30,4796315,0.0015,-0.0195,-0.9506,1.1900,-0.4900,0.1400
2026-07-03,14:37:30,4796415,0.0059,-0.0200,-0.9570,1.
3300,-0.4900,0.2100
2026-07-03,14:37:31,4796515,0.0029,-0.0224,-0.9545,1.2600,-0.5600,0.2100
2026-07-03,14:37:31,4796615,0.0049,-0.0210,-0.9496,1.1900,-0.4900,0.2100
2026-07-03,14:37:31,4796715,0.0024,-0.0195,-0.9550,1.2600,-0.6300,0.2100
2
026-07-03,14:37:31,4796815,0.0059,-0.0229,-0.9565,1.3300,-0.6300,0.1400
2026-07-03,14:37:31,4796915,0.0059,-0.0200,-0.9570,1.2600,-0.5600,0.2100
2026-07-03,14:37:31,4797015,0.0049,-0.0215,-0.9560,1.1900,-0.5600,0.1400
2026-07-03,14:37:31,479
7115,0.0063,-0.0185,-0.9560,1.2600,-0.4200,0.2100
2026-07-03,14:37:31,4797215,0.0049,-0.0220,-0.9536,1.1900,-0.6300,0.0700
2026-07-03,14:37:31,4797315,0.0024,-0.0200,-0.9540,1.1900,-0.7000,0.0700
2026-07-03,14:37:31,4797415,0.0029,-0.0205,-0
.9555,1.1900,-0.5600,0.1400
2026-07-03,14:37:32,4797515,0.0049,-0.0185,-0.9565,1.2600,-0.4900,0.1400
2026-07-03,14:37:32,4797615,0.0015,-0.0190,-0.9555,1.2600,-0.4900,0.1400
2026-07-03,14:37:32,4797715,0.0034,-0.0205,-0.9555,1.2600,-0.5600,0
.2100
2026-07-03,14:37:32,4797815,0.0049,-0.0190,-0.9575,1.2600,-0.6300,0.2100
2026-07-03,14:37:32,4797915,0.0039,-0.0185,-0.9550,1.2600,-0.5600,0.0700
2026-07-03,14:37:32,4798015,0.0049,-0.0195,-0.9579,1.1900,-0.4900,0.1400
2026-07-03,14:3
7:32,4798115,0.0054,-0.0185,-0.9545,1.1900,-0.7000,0.1400
2026-07-03,14:37:32,4798215,0.0073,-0.0190,-0.9531,1.2600,-0.6300,0.0700
2026-07-03,14:37:32,4798315,0.0078,-0.0215,-0.9570,1.1900,-0.6300,0.2100
2026-07-03,14:37:32,4798415,0.0059,-0
.0200,-0.9565,1.2600,-0.4200,0.1400
2026-07-03,14:37:33,4798515,0.0068,-0.0220,-0.9575,1.2600,-0.6300,0.1400
2026-07-03,14:37:33,4798615,0.0068,-0.0205,-0.9545,1.2600,-0.7000,0.2100
2026-07-03,14:37:33,4798715,0.0063,-0.0195,-0.9560,1.1900,-
0.4900,0.2100
2026-07-03,14:37:33,4798815,0.0054,-0.0205,-0.9550,1.2600,-0.5600,0.1400
2026-07-03,14:37:33,4798915,0.0054,-0.0210,-0.9555,1.3300,-0.5600,0.0700
2026-07-03,14:37:33,4799015,0.0054,-0.0210,-0.9550,1.1900,-0.5600,0.1400
2026-07
-03,14:37:33,4799115,0.0044,-0.0220,-0.9550,1.3300,-0.5600,0.1400
2026-07-03,14:37:33,4799215,0.0034,-0.0205,-0.9555,1.1900,-0.4900,0.2100
2026-07-03,14:37:33,4799315,0.0029,-0.0185,-0.9545,1.1900,-0.6300,0.1400
2026-07-03,14:37:33,4799415,0
.0024,-0.0190,-0.9550,1.2600,-0.6300,0.1400
2026-07-03,14:37:34,4799515,0.0039,-0.0181,-0.9555,1.2600,-0.4900,0.1400
2026-07-03,14:37:34,4799615,0.0029,-0.0190,-0.9555,1.2600,-0.4900,0.1400
2026-07-03,14:37:34,4799715,0.0054,-0.0220,-0.9536,
1.1900,-0.6300,0.0700
2026-07-03,14:37:34,4799815,0.0063,-0.0210,-0.9536,1.2600,-0.6300,0.1400
2026-07-03,14:37:34,4799915,0.0049,-0.0205,-0.9570,1.2600,-0.5600,0.1400
2026-07-03,14:37:34,4800015,0.0049,-0.0200,-0.9560,1.1900,-0.5600,0.2100
2026-07-03,14:37:34,4800119,0.0073,-0.0185,-0.9550,1.2600,-0.4900,0.1400
2026-07-03,14:37:34,4800215,0.0054,-0.0200,-0.9555,1.2600,-0.6300,0.1400
2026-07-03,14:37:34,4800315,0.0054,-0.0210,-0.9570,1.1900,-0.5600,0.0700
2026-07-03,14:37:34,4
800415,0.0039,-0.0181,-0.9570,1.2600,-0.5600,0.2100
2026-07-03,14:37:35,4800515,0.0059,-0.0215,-0.9555,1.3300,-0.5600,0.2100
2026-07-03,14:37:35,4800615,0.0044,-0.0200,-0.9565,1.1900,-0.5600,0.2100
2026-07-03,14:37:35,4800715,0.0039,-0.0185,
-0.9555,1.2600,-0.5600,0.1400
2026-07-03,14:37:35,4800815,0.0039,-0.0210,-0.9540,1.1200,-0.7000,0.2100
2026-07-03,14:37:35,4800915,0.0063,-0.0229,-0.9594,1.1900,-0.6300,0.1400
2026-07-03,14:37:35,4801015,0.0024,-0.0185,-0.9555,1.1900,-0.5600
,0.1400
2026-07-03,14:37:35,4801115,0.0063,-0.0195,-0.9570,1.2600,-0.4200,0.2800
2026-07-03,14:37:35,4801215,0.0059,-0.0190,-0.9545,1.2600,-0.4900,0.2100
2026-07-03,14:37:35,4801315,0.0044,-0.0185,-0.9560,1.2600,-0.4900,0.1400
2026-07-03,14
:37:35,4801415,0.0054,-0.0190,-0.9550,1.1900,-0.4900,0.1400
2026-07-03,14:37:36,4801515,0.0044,-0.0215,-0.9589,1.1900,-0.5600,0.0700
2026-07-03,14:37:36,4801615,0.0073,-0.0210,-0.9550,1.1200,-0.7000,0.2100
2026-07-03,14:37:36,4801715,0.0049,
-0.0215,-0.9521,1.1900,-0.5600,0.2100
2026-07-03,14:37:36,4801815,0.0073,-0.0190,-0.9560,1.2600,-0.5600,0.0700
2026-07-03,14:37:36,4801915,0.0068,-0.0205,-0.9579,1.2600,-0.5600,0.1400
2026-07-03,14:37:36,4802015,0.0068,-0.0200,-0.9584,1.2600
,-0.5600,0.1400
2026-07-03,14:37:36,4802115,0.0068,-0.0195,-0.9550,1.1900,-0.7700,0.0700
2026-07-03,14:37:36,4802215,0.0039,-0.0224,-0.9531,1.2600,-0.4900,0.1400
2026-07-03,14:37:36,4802315,0.0044,-0.0220,-0.9550,1.1900,-0.5600,0.1400
2026-
07-03,14:37:36,4802415,0.0024,-0.0195,-0.9536,1.2600,-0.7000,0.2100
2026-07-03,14:37:37,4802515,0.0068,-0.0200,-0.9579,1.1200,-0.5600,0.1400
2026-07-03,14:37:37,4802615,0.0049,-0.0205,-0.9545,1.1900,-0.5600,0.2100
2026-07-03,14:37:37,4802715
,0.0044,-0.0229,-0.9555,1.1900,-0.6300,0.1400
2026-07-03,14:37:37,4802815,0.0039,-0.0195,-0.9531,1.1200,-0.5600,0.2100
2026-07-03,14:37:37,4802915,0.0059,-0.0195,-0.9550,1.2600,-0.4900,0.0700
2026-07-03,14:37:37,4803015,0.0068,-0.0220,-0.956
5,1.1200,-0.5600,0.1400
2026-07-03,14:37:37,4803121,0.0039,-0.0205,-0.9550,1.2600,-0.5600,0.1400
2026-07-03,14:37:37,4803215,0.0059,-0.0205,-0.9540,1.2600,-0.6300,0.2800
2026-07-03,14:37:37,4803315,0.0063,-0.0190,-0.9575,1.1900,-0.5600,0.140
0
2026-07-03,14:37:37,4803415,0.0054,-0.0190,-0.9540,1.1900,-0.6300,0.1400
2026-07-03,14:37:38,4803515,0.0054,-0.0205,-0.9570,1.2600,-0.5600,0.1400
2026-07-03,14:37:38,4803615,0.0049,-0.0185,-0.9550,1.2600,-0.7000,0.1400
2026-07-03,14:37:38
,4803715,0.0068,-0.0200,-0.9555,1.2600,-0.6300,0.1400
2026-07-03,14:37:38,4803821,0.0054,-0.0205,-0.9565,1.3300,-0.5600,0.1400
2026-07-03,14:37:38,4803915,0.0034,-0.0210,-0.9531,1.1200,-0.6300,0.2100
2026-07-03,14:37:38,4804015,0.0083,-0.024
9,-0.9555,1.1900,-0.6300,0.1400
2026-07-03,14:37:38,4804115,0.0054,-0.0220,-0.9540,1.2600,-0.4900,0.1400
2026-07-03,14:37:38,4804215,0.0059,-0.0210,-0.9555,1.2600,-0.5600,0.1400
2026-07-03,14:37:38,4804315,0.0054,-0.0200,-0.9511,1.2600,-0.56
00,0.1400
2026-07-03,14:37:38,4804415,0.0044,-0.0205,-0.9570,1.3300,-0.4900,0.2100
2026-07-03,14:37:39,4804520,0.0059,-0.0195,-0.9570,1.2600,-0.6300,0.2100
2026-07-03,14:37:39,4804615,0.0054,-0.0200,-0.9536,1.1200,-0.6300,0.1400
2026-07-03,
14:37:39,4804715,0.0054,-0.0220,-0.9579,1.1200,-0.7700,0.1400
2026-07-03,14:37:39,4804815,0.0044,-0.0161,-0.9584,1.1900,-0.8400,0.1400
2026-07-03,14:37:39,4804915,0.0059,-0.0205,-0.9526,1.1900,-0.5600,0.1400
2026-07-03,14:37:39,4805015,0.007
8,-0.0249,-0.9565,1.1900,-0.4900,0.0700
2026-07-03,14:37:39,4805119,0.0010,-0.0161,-0.9457,1.3300,-0.4900,0.1400
2026-07-03,14:37:39,4805221,0.0044,-0.0254,-0.9692,1.1900,-0.5600,0.2100
2026-07-03,14:37:39,4805315,0.0000,-0.0239,-0.9540,1.19
00,-0.6300,0.1400
2026-07-03,14:37:39,4805415,0.0024,-0.0239,-0.9618,1.2600,-0.5600,0.1400
2026-07-03,14:37:40,4805515,0.0024,-0.0205,-0.9560,1.2600,-0.6300,0.0700
2026-07-03,14:37:40,4805615,0.0020,-0.0190,-0.9526,1.1900,-0.8400,0.1400
202
6-07-03,14:37:40,4805715,0.0024,-0.0200,-0.9565,1.3300,-0.7000,0.1400
2026-07-03,14:37:40,4805815,0.0044,-0.0166,-0.9536,1.1900,-0.4900,0.1400
2026-07-03,14:37:40,4805915,0.0049,-0.0215,-0.9658,1.2600,-0.4900,0.1400
2026-07-03,14:37:40,48060
15,0.0034,-0.0195,-0.9501,1.1900,-0.4900,0.2100
2026-07-03,14:37:40,4806115,0.0029,-0.0190,-0.9545,1.1900,-0.4200,0.2100
2026-07-03,14:37:40,4806215,0.0073,-0.0215,-0.9545,1.1900,-0.5600,0.1400
2026-07-03,14:37:40,4806315,0.0059,-0.0122,-0.9
599,1.2600,-0.7000,0.0700
2026-07-03,14:37:40,4806415,0.0078,-0.0190,-0.9570,1.2600,-0.6300,0.2100
2026-07-03,14:37:41,4806515,0.0063,-0.0200,-0.9521,1.3300,-0.4900,0.1400
2026-07-03,14:37:41,4806615,0.0049,-0.0185,-0.9560,1.2600,-0.4200,0.1
400
2026-07-03,14:37:41,4806715,0.0059,-0.0181,-0.9570,1.3300,-0.7000,0.1400
2026-07-03,14:37:41,4806815,0.0063,-0.0181,-0.9570,1.3300,-0.3500,0.1400
2026-07-03,14:37:41,4806915,0.0049,-0.0220,-0.9570,1.1200,-0.5600,0.1400
2026-07-03,14:37:
41,4807015,0.0049,-0.0215,-0.9531,1.1900,-0.5600,0.1400
2026-07-03,14:37:41,4807115,0.0054,-0.0195,-0.9560,1.2600,-0.4900,0.1400
2026-07-03,14:37:41,4807215,0.0054,-0.0190,-0.9506,1.1900,-0.6300,0.1400
2026-07-03,14:37:41,4807315,0.0034,-0.0
229,-0.9570,1.2600,-0.4900,0.0700
2026-07-03,14:37:41,4807415,0.0020,-0.0185,-0.9584,1.1900,-0.5600,0.1400
2026-07-03,14:37:42,4807515,0.0010,-0.0195,-0.9492,1.2600,-0.5600,0.2100
2026-07-03,14:37:42,4807615,0.0000,-0.0205,-0.9540,1.1900,-0.
7700,0.1400
2026-07-03,14:37:42,4807715,0.0005,-0.0244,-0.9579,1.3300,-0.4900,0.2100
2026-07-03,14:37:42,4807815,0.0039,-0.0210,-0.9555,1.2600,-0.5600,0.1400
2026-07-03,14:37:42,4807915,0.0059,-0.0215,-0.9521,1.1900,-0.8400,0.1400
2026-07-0
3,14:37:42,4808015,0.0020,-0.0210,-0.9545,1.3300,-0.5600,0.1400
2026-07-03,14:37:42,4808115,0.0078,-0.0166,-0.9496,1.3300,-0.4200,0.2100
2026-07-03,14:37:42,4808215,0.0000,-0.0176,-0.9565,1.2600,-0.4200,0.1400
2026-07-03,14:37:42,4808315,0.0
044,-0.0176,-0.9555,1.2600,-0.6300,0.2100
2026-07-03,14:37:42,4808415,0.0068,-0.0195,-0.9575,1.2600,-0.6300,0.1400
2026-07-03,14:37:43,4808515,0.0029,-0.0210,-0.9536,1.2600,-0.6300,0.2800
2026-07-03,14:37:43,4808615,0.0044,-0.0200,-0.9560,1.
2600,-0.6300,0.1400
2026-07-03,14:37:43,4808715,0.0024,-0.0220,-0.9555,1.2600,-0.6300,0.2100
2026-07-03,14:37:43,4808815,0.0044,-0.0195,-0.9570,1.1900,-0.6300,0.0700
2026-07-03,14:37:43,4808915,0.0044,-0.0195,-0.9550,1.2600,-0.5600,0.2100
2
026-07-03,14:37:43,4809015,0.0034,-0.0190,-0.9555,1.1900,-0.5600,0.2100
2026-07-03,14:37:43,4809115,0.0034,-0.0200,-0.9526,1.1900,-0.4900,0.1400
2026-07-03,14:37:43,4809215,0.0073,-0.0229,-0.9560,1.1900,-0.7700,0.2100
2026-07-03,14:37:43,480
9315,0.0000,-0.0181,-0.9565,1.1900,-0.5600,0.1400
2026-07-03,14:37:43,4809415,0.0010,-0.0166,-0.9443,1.2600,-0.4900,0.1400
2026-07-03,14:37:44,4809515,0.0059,-0.0200,-0.9643,1.1900,-0.5600,0.2100
2026-07-03,14:37:44,4809615,0.0059,-0.0195,-0
.9496,1.2600,-0.6300,0.1400
2026-07-03,14:37:44,4809715,0.0083,-0.0278,-0.9662,1.1900,-0.4900,0.0700
2026-07-03,14:37:44,4809815,0.0049,-0.0185,-0.9555,1.1900,-0.6300,0.1400
2026-07-03,14:37:44,4809915,0.0034,-0.0200,-0.9570,1.1900,-0.6300,0
.1400
2026-07-03,14:37:44,4810015,0.0029,-0.0200,-0.9570,1.1900,-0.6300,0.1400
2026-07-03,14:37:44,4810119,0.0039,-0.0190,-0.9550,1.2600,-0.5600,0.1400
2026-07-03,14:37:44,4810215,0.0059,-0.0190,-0.9540,1.1900,-0.5600,0.0700
2026-07-03,14:3
7:44,4810315,0.0039,-0.0200,-0.9536,1.2600,-0.3500,0.1400
2026-07-03,14:37:44,4810415,0.0029,-0.0190,-0.9575,1.1200,-0.6300,0.0700
2026-07-03,14:37:45,4810515,0.0044,-0.0210,-0.9545,1.1900,-0.6300,0.1400
2026-07-03,14:37:45,4810615,0.0059,-0
.0185,-0.9550,1.2600,-0.4200,0.2800
2026-07-03,14:37:45,4810715,0.0093,-0.0176,-0.9536,1.3300,-0.5600,0.1400
2026-07-03,14:37:45,4810815,0.0039,-0.0195,-0.9550,1.1900,-0.5600,0.1400
2026-07-03,14:37:45,4810915,0.0054,-0.0215,-0.9492,1.1200,-
0.6300,0.1400
2026-07-03,14:37:45,4811015,0.0073,-0.0215,-0.9545,1.1900,-0.5600,0.1400
2026-07-03,14:37:45,4811115,0.0044,-0.0220,-0.9662,1.3300,-0.4900,0.2100
2026-07-03,14:37:45,4811215,0.0024,-0.0220,-0.9516,1.2600,-0.4900,0.1400
2026-07
-03,14:37:45,4811315,0.0015,-0.0200,-0.9506,1.2600,-0.6300,0.0700
2026-07-03,14:37:45,4811415,0.0088,-0.0161,-0.9550,1.2600,-0.4900,0.1400
2026-07-03,14:37:46,4811515,0.0088,-0.0176,-0.9540,1.1900,-0.6300,0.2100
2026-07-03,14:37:46,4811615,0
.0063,-0.0171,-0.9545,1.2600,-0.5600,0.2100
2026-07-03,14:37:46,4811715,0.0049,-0.0190,-0.9560,1.1900,-0.4200,0.1400
2026-07-03,14:37:46,4811815,0.0063,-0.0249,-0.9550,1.2600,-0.5600,0.0700
2026-07-03,14:37:46,4811915,0.0063,-0.0220,-0.9575,
1.1900,-0.5600,0.2100
2026-07-03,14:37:46,4812015,0.0020,-0.0224,-0.9428,1.1900,-0.4200,0.1400
2026-07-03,14:37:46,4812121,0.0015,-0.0205,-0.9575,1.3300,-0.4900,0.1400
2026-07-03,14:37:46,4812215,0.0059,-0.0224,-0.9584,1.1200,-0.6300,0.1400
2026-07-03,14:37:46,4812315,0.0063,-0.0210,-0.9550,1.1900,-0.3500,0.2100
2026-07-03,14:37:46,4812415,0.0063,-0.0146,-0.9501,1.1900,-0.5600,0.1400
2026-07-03,14:37:47,4812515,0.0088,-0.0215,-0.9526,1.3300,-0.4200,0.0700
2026-07-03,14:37:47,4
812615,0.0015,-0.0195,-0.9570,1.1900,-0.6300,0.1400
2026-07-03,14:37:47,4812715,-0.0024,-0.0161,-0.9501,1.4000,-0.4900,0.2100
2026-07-03,14:37:47,4812820,0.0039,-0.0229,-0.9589,1.2600,-0.5600,0.1400
2026-07-03,14:37:47,4812915,0.0029,-0.0210
,-0.9570,1.1900,-0.5600,0.1400
2026-07-03,14:37:47,4813015,0.0054,-0.0298,-0.9409,1.0500,-0.6300,0.1400
2026-07-03,14:37:47,4813115,0.0049,-0.0220,-0.9584,1.1900,-0.6300,0.1400
2026-07-03,14:37:47,4813215,0.0034,-0.0142,-0.9540,1.1900,-0.490
0,0.2100
2026-07-03,14:37:47,4813315,0.0083,-0.0200,-0.9589,1.2600,-0.6300,0.0700
2026-07-03,14:37:47,4813415,0.0024,-0.0181,-0.9545,1.2600,-0.4900,0.1400
2026-07-03,14:37:48,4813520,0.0020,-0.0239,-0.9677,1.2600,-0.7000,0.2100
2026-07-03,1
4:37:48,4813615,0.0117,-0.0171,-0.9570,1.1900,-0.4200,0.2100
2026-07-03,14:37:48,4813715,0.0015,-0.0215,-0.9575,1.2600,-0.5600,0.0700
2026-07-03,14:37:48,4813815,0.0088,-0.0185,-0.9565,1.2600,-0.5600,0.1400
2026-07-03,14:37:48,4813915,0.0093
,-0.0181,-0.9550,1.1900,-0.6300,0.2100
2026-07-03,14:37:48,4814015,0.0078,-0.0171,-0.9516,1.1200,-0.6300,0.1400
2026-07-03,14:37:48,4814115,0.0029,-0.0166,-0.9457,1.2600,-0.4200,0.1400
2026-07-03,14:37:48,4814215,0.0102,-0.0210,-0.9594,1.120
0,-0.6300,0.1400
2026-07-03,14:37:48,4814315,0.0151,-0.0181,-0.9594,1.2600,-0.5600,0.2100
2026-07-03,14:37:48,4814415,0.0088,-0.0229,-0.9623,1.0500,-0.9100,0.1400
2026-07-03,14:37:49,4814515,0.0049,-0.0244,-0.9584,1.1900,-0.5600,0.1400
2026
-07-03,14:37:49,4814615,0.0083,-0.0112,-0.9433,1.1900,-0.4900,0.1400
2026-07-03,14:37:49,4814715,0.0010,-0.0195,-0.9462,1.3300,-0.2800,0.2100
2026-07-03,14:37:49,4814815,0.0024,-0.0034,-0.9321,1.1200,-0.5600,0.2100
2026-07-03,14:37:49,481491
5,0.0088,-0.0210,-0.9623,1.3300,-0.4200,0.0700
2026-07-03,14:37:49,4815015,0.0034,-0.0185,-0.9531,1.1900,-0.7000,0.1400
2026-07-03,14:37:49,4815119,0.0039,-0.0210,-0.9550,1.2600,-0.4200,0.1400
2026-07-03,14:37:49,4815215,0.0059,-0.0156,-0.95
84,1.2600,-0.5600,0.2100
2026-07-03,14:37:49,4815315,0.0034,-0.0210,-0.9599,1.1900,-0.6300,0.1400
2026-07-03,14:37:49,4815415,0.0054,-0.0185,-0.9545,1.3300,-0.4900,0.1400
2026-07-03,14:37:50,4815515,0.0034,-0.0215,-0.9550,1.1200,-0.4900,0.14
00
2026-07-03,14:37:50,4815615,0.0059,-0.0312,-0.9648,1.2600,-0.4900,0.1400
2026-07-03,14:37:50,4815715,0.0000,-0.0161,-0.9462,1.1200,-0.6300,0.1400
2026-07-03,14:37:50,4815815,0.0083,-0.0298,-0.9667,1.3300,-0.6300,0.1400
2026-07-03,14:37:5
0,4815915,-0.0005,-0.0132,-0.9467,1.3300,-0.6300,0.1400
2026-07-03,14:37:50,4816015,0.0112,-0.0220,-0.9594,1.2600,-0.6300,0.0700
2026-07-03,14:37:50,4816115,0.0039,-0.0205,-0.9516,1.1900,-0.6300,0.1400
2026-07-03,14:37:50,4816215,0.0078,-0.0
171,-0.9531,1.1900,-0.5600,0.1400
2026-07-03,14:37:50,4816315,0.0093,-0.0220,-0.9643,1.2600,-0.4900,0.1400
2026-07-03,14:37:50,4816415,0.0093,-0.0176,-0.9550,1.3300,-0.4200,0.1400
2026-07-03,14:37:51,4816515,0.0068,-0.0200,-0.9594,1.2600,-0.
5600,0.1400
2026-07-03,14:37:51,4816615,0.0039,-0.0190,-0.9531,1.2600,-0.4900,0.0700
2026-07-03,14:37:51,4816715,0.0015,-0.0215,-0.9565,1.1200,-0.9100,0.2100
2026-07-03,14:37:51,4816815,-0.0024,-0.0156,-0.9472,1.1200,-0.9800,0.2100
2026-07-
03,14:37:51,4816915,0.0122,-0.0361,-0.9594,1.5400,-0.4200,0.0000
2026-07-03,14:37:51,4817015,0.0005,-0.0146,-0.9370,1.1200,-0.4900,0.2100
2026-07-03,14:37:51,4817115,0.0049,-0.0156,-0.9662,1.2600,-0.6300,0.1400
2026-07-03,14:37:51,4817215,0.
0068,-0.0220,-0.9521,1.2600,-0.5600,0.2100
2026-07-03,14:37:51,4817315,0.0083,-0.0200,-0.9516,1.1900,-0.5600,0.1400
2026-07-03,14:37:51,4817415,0.0054,-0.0185,-0.9609,1.1900,-0.7700,0.0000
2026-07-03,14:37:52,4817515,0.0029,-0.0185,-0.9516,1
.1900,-0.7000,0.1400
2026-07-03,14:37:52,4817615,0.0029,-0.0220,-0.9540,1.1900,-0.5600,0.1400
2026-07-03,14:37:52,4817715,0.0044,-0.0176,-0.9560,1.2600,-0.4900,0.1400
2026-07-03,14:37:52,4817815,0.0015,-0.0205,-0.9579,1.1900,-0.6300,0.0700
2026-07-03,14:37:52,4817915,0.0034,-0.0220,-0.9536,1.1900,-0.4900,0.2100
2026-07-03,14:37:52,4818015,0.0034,-0.0210,-0.9560,1.2600,-0.5600,0.0700
2026-07-03,14:37:52,4818115,0.0024,-0.0185,-0.9565,1.3300,-0.4900,0.2100
2026-07-03,14:37:52,48
18215,0.0054,-0.0185,-0.9560,1.2600,-0.4200,0.1400
2026-07-03,14:37:52,4818315,0.0044,-0.0200,-0.9555,1.2600,-0.5600,0.1400
2026-07-03,14:37:52,4818415,0.0049,-0.0181,-0.9560,1.2600,-0.6300,0.0700
2026-07-03,14:37:53,4818515,0.0034,-0.0210,-
0.9579,1.2600,-0.5600,0.1400
2026-07-03,14:37:53,4818615,0.0049,-0.0190,-0.9545,1.2600,-0.4900,0.1400
2026-07-03,14:37:53,4818715,0.0059,-0.0200,-0.9570,1.2600,-0.4900,0.1400
2026-07-03,14:37:53,4818815,0.0044,-0.0190,-0.9565,1.1900,-0.5600,
0.2100
2026-07-03,14:37:53,4818915,0.0034,-0.0200,-0.9565,1.2600,-0.6300,0.2100
2026-07-03,14:37:53,4819015,0.0049,-0.0190,-0.9555,1.2600,-0.4200,0.1400
2026-07-03,14:37:53,4819115,0.0049,-0.0205,-0.9540,1.1900,-0.6300,0.1400
2026-07-03,14:
37:53,4819215,0.0034,-0.0190,-0.9565,1.2600,-0.5600,0.0700
2026-07-03,14:37:53,4819315,0.0044,-0.0185,-0.9575,1.1900,-0.6300,0.0700
2026-07-03,14:37:53,4819415,0.0034,-0.0190,-0.9536,1.2600,-0.4900,0.2100
2026-07-03,14:37:54,4819515,0.0054,-
0.0185,-0.9550,1.2600,-0.5600,0.2800
2026-07-03,14:37:54,4819615,0.0039,-0.0171,-0.9531,1.1900,-0.4900,0.0700
2026-07-03,14:37:54,4819720,0.0029,-0.0190,-0.9570,1.1900,-0.5600,0.2100
2026-07-03,14:37:54,4819815,0.0039,-0.0195,-0.9570,1.2600,
-0.4200,0.1400
2026-07-03,14:37:54,4819915,0.0034,-0.0190,-0.9531,1.1900,-0.6300,0.1400
2026-07-03,14:37:54,4820015,0.0039,-0.0176,-0.9565,1.2600,-0.5600,0.1400
2026-07-03,14:37:54,4820119,0.0063,-0.0215,-0.9545,1.1200,-0.6300,0.0700
2026-0
7-03,14:37:54,4820215,0.0034,-0.0205,-0.9540,1.1900,-0.7000,0.2100
2026-07-03,14:37:54,4820315,0.0044,-0.0181,-0.9560,1.1900,-0.5600,0.1400
2026-07-03,14:37:54,4820419,0.0063,-0.0195,-0.9579,1.2600,-0.4900,0.1400
2026-07-03,14:37:55,4820515,
0.0039,-0.0210,-0.9545,1.2600,-0.5600,0.2100
2026-07-03,14:37:55,4820615,0.0073,-0.0185,-0.9555,1.4000,-0.5600,0.0700
2026-07-03,14:37:55,4820715,0.0054,-0.0190,-0.9545,1.1900,-0.5600,0.1400
2026-07-03,14:37:55,4820815,0.0034,-0.0195,-0.9555
,1.1900,-0.6300,0.2100
2026-07-03,14:37:55,4820915,0.0039,-0.0176,-0.9536,1.2600,-0.4200,0.0700
2026-07-03,14:37:55,4821015,0.0068,-0.0181,-0.9540,1.1900,-0.6300,0.1400
2026-07-03,14:37:55,4821120,0.0059,-0.0210,-0.9560,1.2600,-0.6300,0.2100
2026-07-03,14:37:55,4821215,0.0029,-0.0195,-0.9540,1.2600,-0.6300,0.1400
2026-07-03,14:37:55,4821315,0.0024,-0.0220,-0.9550,1.2600,-0.6300,0.1400
2026-07-03,14:37:55,4821415,0.0049,-0.0190,-0.9540,1.3300,-0.4900,0.1400
2026-07-03,14:37:56,
4821515,0.0054,-0.0215,-0.9579,1.2600,-0.5600,0.2100
2026-07-03,14:37:56,4821615,0.0063,-0.0185,-0.9560,1.1900,-0.5600,0.0700
2026-07-03,14:37:56,4821715,0.0029,-0.0190,-0.9565,1.1900,-0.4900,0.1400
2026-07-03,14:37:56,4821820,0.0034,-0.0200
,-0.9565,1.1900,-0.7000,0.1400
2026-07-03,14:37:56,4821915,0.0054,-0.0195,-0.9550,1.2600,-0.7000,0.2100
2026-07-03,14:37:56,4822015,0.0063,-0.0190,-0.9570,1.1200,-0.4200,0.2100
2026-07-03,14:37:56,4822115,0.0034,-0.0200,-0.9570,1.3300,-0.490
0,0.2100
2026-07-03,14:37:56,4822215,0.0020,-0.0190,-0.9555,1.2600,-0.5600,0.1400
2026-07-03,14:37:56,4822315,0.0049,-0.0215,-0.9555,1.1900,-0.6300,0.0700
2026-07-03,14:37:56,4822415,0.0020,-0.0185,-0.9560,1.2600,-0.5600,0.1400
2026-07-03,1
4:37:57,4822515,0.0054,-0.0200,-0.9565,1.1900,-0.4900,0.1400
2026-07-03,14:37:57,4822615,0.0044,-0.0195,-0.9565,1.1900,-0.4200,0.2100
2026-07-03,14:37:57,4822715,0.0054,-0.0181,-0.9550,1.1900,-0.6300,0.1400
2026-07-03,14:37:57,4822815,0.0054
,-0.0190,-0.9575,1.2600,-0.4900,0.2100
2026-07-03,14:37:57,4822915,0.0029,-0.0215,-0.9555,1.2600,-0.5600,0.2100
2026-07-03,14:37:57,4823015,-0.0083,0.0015,-1.0028,2.3100,2.2400,0.1400
2026-07-03,14:37:57,4823115,0.0044,-0.0200,-1.0394,1.1200
,-0.7700,0.1400
2026-07-03,14:37:57,4823215,0.0034,-0.0156,-0.9370,1.4000,-0.2800,0.2100
2026-07-03,14:37:57,4823315,0.0093,-0.0273,-0.9565,1.0500,-0.7000,0.1400
2026-07-03,14:37:57,4823415,0.0034,-0.0210,-0.9599,1.2600,-0.4900,0.1400
2026-
07-03,14:37:58,4823515,0.0015,-0.0205,-0.9579,1.1900,-0.5600,0.2100
2026-07-03,14:37:58,4823615,0.0054,-0.0049,-0.9433,1.2600,-0.6300,0.2100
2026-07-03,14:37:58,4823715,0.0127,-0.0224,-0.9599,1.1900,-0.7000,0.2100
2026-07-03,14:37:58,4823815
,0.0093,-0.0181,-0.9550,1.2600,-0.5600,0.0700
2026-07-03,14:37:58,4823915,0.0059,-0.0190,-0.9536,1.2600,-0.4900,0.1400
2026-07-03,14:37:58,4824015,0.0068,-0.0215,-0.9570,1.1900,-0.6300,0.1400
2026-07-03,14:37:58,4824115,0.0039,-0.0185,-0.953
1,1.3300,-0.5600,0.1400
2026-07-03,14:37:58,4824215,0.0039,-0.0176,-0.9589,1.2600,-0.5600,0.2100
2026-07-03,14:37:58,4824315,0.0088,-0.0190,-0.9711,1.3300,-0.7000,0.1400
2026-07-03,14:37:58,4824415,0.0083,-0.0166,-0.9521,1.2600,-0.6300,0.140
0
2026-07-03,14:37:59,4824515,0.0063,-0.0215,-0.9575,1.1200,-0.9100,0.0700
2026-07-03,14:37:59,4824615,-0.0400,-0.0473,-0.9477,1.2600,-0.5600,0.4200
2026-07-03,14:37:59,4824715,-0.0117,-0.0244,-0.9662,1.1900,-0.3500,0.1400
2026-07-03,14:37:
59,4824815,0.0020,-0.0215,-0.9521,1.3300,-0.4200,0.2100
2026-07-03,14:37:59,4824915,0.0166,-0.0137,-0.9555,1.3300,-0.4200,0.2100
2026-07-03,14:37:59,4825015,0.0068,-0.0161,-0.9560,1.2600,-0.5600,0.1400
2026-07-03,14:37:59,4825119,0.0059,-0.0
224,-0.9584,1.2600,-0.5600,0.2100
2026-07-03,14:37:59,4825215,0.0039,-0.0205,-0.9565,1.2600,-0.4200,0.1400
2026-07-03,14:37:59,4825315,0.0015,-0.0210,-0.9570,1.3300,-0.5600,0.1400
2026-07-03,14:37:59,4825415,0.0034,-0.0205,-0.9536,1.3300,-0.
3500,0.2100
2026-07-03,14:38:00,4825515,0.0034,-0.0171,-0.9550,1.1900,-0.6300,0.1400
2026-07-03,14:38:00,4825615,0.0000,-0.0161,-0.9682,1.2600,-0.5600,0.1400
2026-07-03,14:38:00,4825715,0.0005,-0.0239,-0.9648,1.1900,-0.6300,0.2100
2026-07-0
3,14:38:00,4825815,0.0044,-0.0210,-0.9540,1.3300,-0.6300,0.2100
2026-07-03,14:38:00,4825915,0.0083,-0.0220,-0.9526,1.1900,-0.6300,0.1400
2026-07-03,14:38:00,4826015,0.0068,-0.0190,-0.9550,1.1900,-0.4200,0.0700
2026-07-03,14:38:00,4826115,0.0
068,-0.0234,-0.9609,1.3300,-0.5600,0.0700
2026-07-03,14:38:00,4826215,0.0049,-0.0137,-0.9453,1.1900,-0.6300,0.2100
2026-07-03,14:38:00,4826315,0.0078,-0.0215,-0.9599,1.1900,-0.4900,0.1400
2026-07-03,14:38:00,4826415,0.0078,-0.0195,-0.9545,1.
2600,-0.5600,0.1400
2026-07-03,14:38:01,4826515,0.0068,-0.0220,-0.9584,1.2600,-0.6300,0.0700
2026-07-03,14:38:01,4826615,0.0054,-0.0229,-0.9643,1.1900,-0.5600,0.1400
2026-07-03,14:38:01,4826715,0.0029,-0.0195,-0.9555,1.2600,-0.5600,0.2100
2
026-07-03,14:38:01,4826815,0.0044,-0.0224,-0.9516,1.1900,-0.4900,0.2100
2026-07-03,14:38:01,4826915,0.0024,-0.0190,-0.9570,1.1900,-0.5600,0.0700
2026-07-03,14:38:01,4827015,0.0020,-0.0181,-0.9526,1.2600,-0.5600,0.1400
2026-07-03,14:38:01,482
7115,0.0049,-0.0195,-0.9531,1.2600,-0.6300,0.2100
2026-07-03,14:38:01,4827215,0.0059,-0.0220,-0.9570,1.1900,-0.4900,0.1400
2026-07-03,14:38:01,4827315,0.0044,-0.0205,-0.9531,1.2600,-0.6300,0.2100
2026-07-03,14:38:01,4827415,0.0044,-0.0220,-0
.9594,1.1900,-0.4900,0.0700
2026-07-03,14:38:02,4827515,0.0059,-0.0234,-0.9560,1.1900,-0.4900,0.2100
2026-07-03,14:38:02,4827615,0.0029,-0.0195,-0.9550,1.2600,-0.5600,0.1400
2026-07-03,14:38:02,4827715,0.0044,-0.0205,-0.9579,1.2600,-0.4900,0
.1400
2026-07-03,14:38:02,4827815,0.0039,-0.0195,-0.9516,1.1900,-0.5600,0.0700
2026-07-03,14:38:02,4827915,0.0078,-0.0205,-0.9565,1.1900,-0.4900,0.2800
2026-07-03,14:38:02,4828015,0.0073,-0.0200,-0.9579,1.2600,-0.6300,0.0700
2026-07-03,14:3
8:02,4828115,0.0020,-0.0210,-0.9565,1.2600,-0.6300,0.0700
2026-07-03,14:38:02,4828215,0.0034,-0.0215,-0.9531,1.1900,-0.5600,0.1400
2026-07-03,14:38:02,4828315,0.0059,-0.0205,-0.9555,1.1900,-0.6300,0.2100
2026-07-03,14:38:02,4828415,0.0059,-0
.0181,-0.9540,1.1900,-0.7000,0.2100
2026-07-03,14:38:03,4828515,0.0039,-0.0176,-0.9516,1.1900,-0.5600,0.1400
2026-07-03,14:38:03,4828615,-0.0063,-0.0137,-0.9477,1.2600,-0.7700,0.2100
2026-07-03,14:38:03,4828721,-0.0010,-0.0268,-0.9545,1.3300
,-0.7000,0.1400
2026-07-03,14:38:03,4828815,0.0034,-0.0210,-0.9516,1.3300,-0.2800,0.1400
2026-07-03,14:38:03,4828915,0.0044,-0.0239,-0.9638,1.2600,-0.4200,0.1400
2026-07-03,14:38:03,4829015,0.0029,-0.0215,-0.9521,1.2600,-0.2100,0.2100
2026-
07-03,14:38:03,4829115,0.0059,-0.0185,-0.9550,1.1900,-0.4900,0.0700
2026-07-03,14:38:03,4829215,0.0063,-0.0215,-0.9643,1.1900,-0.6300,0.1400
2026-07-03,14:38:03,4829315,0.0063,-0.0161,-0.9531,1.2600,-0.4900,0.2800
2026-07-03,14:38:03,4829420
,0.0078,-0.0210,-0.9604,1.1200,-0.4900,0.1400
2026-07-03,14:38:04,4829515,0.0059,-0.0210,-0.9584,1.1900,-0.5600,0.2100
2026-07-03,14:38:04,4829615,0.0034,-0.0181,-0.9506,1.1900,-0.4900,0.2100
2026-07-03,14:38:04,4829715,-0.0015,-0.0234,-0.95
21,1.2600,-0.6300,0.1400
2026-07-03,14:38:04,4829815,0.0039,-0.0234,-0.9521,1.1900,-0.6300,0.1400
2026-07-03,14:38:04,4829915,0.0054,-0.0166,-0.9438,1.1900,-0.5600,0.0700
2026-07-03,14:38:04,4830015,0.0039,-0.0171,-0.9575,1.1900,-0.5600,0.21
00
2026-07-03,14:38:04,4830115,0.0063,-0.0176,-0.9531,1.1900,-0.4900,0.1400
2026-07-03,14:38:04,4830215,-0.0010,-0.0107,-0.9472,1.3300,-0.5600,0.1400
2026-07-03,14:38:04,4830315,0.0024,-0.0200,-0.9467,1.1200,-0.4200,0.0700
2026-07-03,14:38:
04,4830415,-0.0044,-0.0234,-0.9560,1.1900,-0.3500,0.0700
2026-07-03,14:38:05,4830515,0.0000,-0.0220,-0.9614,1.2600,-0.6300,0.0700
2026-07-03,14:38:05,4830615,-0.0010,-0.0229,-0.9594,1.2600,-0.4200,0.2100
2026-07-03,14:38:05,4830715,0.0034,-0
.0239,-0.9550,1.2600,-0.4900,0.2100
2026-07-03,14:38:05,4830815,0.0044,-0.0190,-0.9506,1.1200,-0.4900,0.1400
2026-07-03,14:38:05,4830915,0.0054,-0.0185,-0.9487,1.1200,-0.5600,0.2100
2026-07-03,14:38:05,4831015,0.0029,-0.0185,-0.9570,1.1900,-
0.3500,0.1400
2026-07-03,14:38:05,4831115,0.0015,-0.0224,-0.9516,1.1200,-0.5600,0.2100
2026-07-03,14:38:05,4831215,0.0059,-0.0093,-0.9457,1.3300,-0.7000,0.2100
2026-07-03,14:38:05,4831315,0.0073,-0.0224,-0.9521,1.2600,-0.5600,0.1400
2026-07
-03,14:38:05,4831415,0.0039,-0.0210,-0.9555,1.2600,-0.4900,0.1400
2026-07-03,14:38:06,4831515,0.0044,-0.0181,-0.9575,1.2600,-0.5600,0.2100
2026-07-03,14:38:06,4831615,0.0039,-0.0244,-0.9594,1.1900,-0.7000,0.1400
2026-07-03,14:38:06,4831715,0
.0063,-0.0200,-0.9560,1.1900,-0.5600,0.2800
2026-07-03,14:38:06,4831815,0.0078,-0.0185,-0.9545,1.2600,-0.6300,0.1400
2026-07-03,14:38:06,4831915,0.0098,-0.0200,-0.9501,1.1900,-0.6300,0.1400
2026-07-03,14:38:06,4832015,0.0039,-0.0171,-0.9516,
1.1900,-0.5600,0.1400
2026-07-03,14:38:06,4832115,0.0020,-0.0229,-0.9516,1.3300,-0.4900,0.1400
2026-07-03,14:38:06,4832215,0.0020,-0.0229,-0.9536,1.1200,-0.4900,0.2100
2026-07-03,14:38:06,4832315,0.0093,-0.0259,-0.9658,1.2600,-0.5600,0.1400
2026-07-03,14:38:06,4832415,0.0034,-0.0142,-0.9614,1.1900,-0.7000,0.1400
2026-07-03,14:38:07,4832515,0.0059,-0.0127,-0.9545,1.2600,-0.7000,0.1400
2026-07-03,14:38:07,4832615,0.0024,-0.0205,-0.9550,1.2600,-0.5600,0.2100
2026-07-03,14:38:07,4
832715,0.0005,-0.0229,-0.9575,1.2600,-0.6300,0.1400
2026-07-03,14:38:07,4832815,0.0015,-0.0239,-0.9555,1.2600,-0.4900,0.1400
2026-07-03,14:38:07,4832915,0.0029,-0.0176,-0.9536,1.2600,-0.5600,0.1400
2026-07-03,14:38:07,4833015,0.0049,-0.0224,
-0.9560,1.2600,-0.5600,0.1400
2026-07-03,14:38:07,4833115,0.0039,-0.0215,-0.9531,1.1900,-0.3500,0.1400
2026-07-03,14:38:07,4833215,0.0059,-0.0215,-0.9594,1.3300,-0.4900,0.0700
2026-07-03,14:38:07,4833315,0.0010,-0.0224,-0.9594,1.2600,-0.5600
,0.0700
2026-07-03,14:38:07,4833415,0.0029,-0.0151,-0.9760,1.1200,-0.4900,0.1400
2026-07-03,14:38:08,4833515,0.0034,-0.0210,-0.9536,1.1900,-0.6300,0.1400
2026-07-03,14:38:08,4833615,0.0063,-0.0239,-0.9516,1.2600,-0.6300,0.1400
2026-07-03,14
:38:08,4833715,0.0029,-0.0156,-0.9457,1.2600,-0.5600,0.2100
2026-07-03,14:38:08,4833815,0.0029,-0.0190,-0.9589,1.1900,-0.6300,0.2100
2026-07-03,14:38:08,4833915,-0.0015,-0.0068,-0.9599,1.4700,-0.2100,0.0700
2026-07-03,14:38:08,4834015,0.0063
,-0.0293,-0.9633,1.2600,-0.5600,0.1400
2026-07-03,14:38:08,4834115,0.0146,-0.0259,-0.9545,0.9800,-0.9100,0.1400
2026-07-03,14:38:08,4834215,0.0059,-0.0200,-0.9472,1.0500,-0.5600,0.1400
2026-07-03,14:38:08,4834315,0.0024,-0.0220,-0.9604,1.190
0,-0.4200,0.2100
2026-07-03,14:38:08,4834415,0.0005,-0.0176,-0.9516,1.2600,-0.7000,0.0700
2026-07-03,14:38:09,4834515,0.0078,-0.0156,-0.9599,1.3300,-0.6300,0.1400
2026-07-03,14:38:09,4834615,0.0034,-0.0166,-0.9501,1.2600,-0.6300,0.1400
2026
-07-03,14:38:09,4834715,0.0044,-0.0181,-0.9545,1.2600,-0.5600,0.1400
2026-07-03,14:38:09,4834815,0.0063,-0.0195,-0.9604,1.2600,-0.4900,0.2100
2026-07-03,14:38:09,4834915,0.0088,-0.0156,-0.9531,1.2600,-0.4900,0.1400
2026-07-03,14:38:09,483501
5,0.0098,-0.0166,-0.9628,1.2600,-0.4200,0.2100
2026-07-03,14:38:09,4835119,0.0117,-0.0239,-0.9555,1.1200,-0.4900,0.1400
2026-07-03,14:38:09,4835215,0.0020,-0.0205,-0.9633,1.2600,-0.4900,0.1400
2026-07-03,14:38:09,4835315,0.0039,-0.0220,-0.95
79,1.3300,-0.6300,0.1400
2026-07-03,14:38:09,4835415,0.0063,-0.0249,-0.9545,1.1900,-0.5600,0.1400
2026-07-03,14:38:10,4835515,0.0024,-0.0210,-0.9511,1.2600,-0.5600,0.1400
2026-07-03,14:38:10,4835615,0.0044,-0.0224,-0.9545,1.1900,-0.4900,0.28
00
2026-07-03,14:38:10,4835715,0.0034,-0.0200,-0.9550,1.1900,-0.5600,0.2100
2026-07-03,14:38:10,4835815,0.0044,-0.0195,-0.9565,1.3300,-0.5600,0.1400
2026-07-03,14:38:10,4835915,0.0044,-0.0200,-0.9526,1.2600,-0.5600,0.2100
2026-07-03,14:38:1
0,4836015,0.0068,-0.0205,-0.9540,1.2600,-0.4900,0.1400
2026-07-03,14:38:10,4836115,0.0054,-0.0195,-0.9550,1.2600,-0.4200,0.1400
2026-07-03,14:38:10,4836215,0.0049,-0.0176,-0.9540,1.1900,-0.6300,0.1400
2026-07-03,14:38:10,4836320,0.0039,-0.02
00,-0.9550,1.2600,-0.4900,0.1400
2026-07-03,14:38:10,4836415,0.0044,-0.0195,-0.9555,1.2600,-0.5600,0.1400
2026-07-03,14:38:11,4836515,0.0054,-0.0195,-0.9584,1.2600,-0.4900,0.0700
2026-07-03,14:38:11,4836615,0.0073,-0.0185,-0.9418,1.2600,-0.3
500,0.2100
2026-07-03,14:38:11,4836715,0.0112,-0.0220,-0.9589,1.1900,-0.4900,0.1400
2026-07-03,14:38:11,4836815,0.0029,-0.0176,-0.9540,1.1900,-0.5600,0.1400
2026-07-03,14:38:11,4836915,0.0078,-0.0205,-0.9560,1.2600,-0.6300,0.2100
2026-07-03
,14:38:11,4837020,0.0112,-0.0200,-0.9526,1.1200,-0.6300,0.2100
2026-07-03,14:38:11,4837115,0.0063,-0.0190,-0.9536,1.2600,-0.4900,0.1400
2026-07-03,14:38:11,4837215,0.0044,-0.0220,-0.9575,1.2600,-0.4900,0.2100
2026-07-03,14:38:11,4837315,0.00
54,-0.0200,-0.9540,1.1900,-0.6300,0.0700
2026-07-03,14:38:11,4837415,0.0068,-0.0185,-0.9540,1.1900,-0.6300,0.1400
2026-07-03,14:38:12,4837515,0.0054,-0.0176,-0.9555,1.1900,-0.4900,0.2100
2026-07-03,14:38:12,4837615,0.0039,-0.0181,-0.9560,1.1
900,-0.5600,0.2100
2026-07-03,14:38:12,4837720,0.0049,-0.0244,-0.9594,1.2600,-0.7000,0.0700
2026-07-03,14:38:12,4837815,0.0088,-0.0102,-0.9540,1.2600,-0.5600,0.2100
2026-07-03,14:38:12,4837915,0.0083,-0.0200,-0.9550,1.2600,-0.6300,0.1400
20
26-07-03,14:38:12,4838015,0.0088,-0.0205,-0.9579,1.2600,-0.4200,0.1400
2026-07-03,14:38:12,4838115,0.0044,-0.0200,-0.9565,1.3300,-0.5600,0.1400
2026-07-03,14:38:12,4838215,0.0039,-0.0210,-0.9560,1.2600,-0.5600,0.1400
2026-07-03,14:38:12,4838
315,-0.0005,-0.0210,-0.9599,1.2600,-0.5600,0.2100
2026-07-03,14:38:12,4838415,0.0063,-0.0229,-0.9687,1.2600,-0.6300,0.1400
2026-07-03,14:38:13,4838515,-0.0020,-0.0161,-0.9394,1.1900,-0.2100,0.1400
2026-07-03,14:38:13,4838615,-0.0005,-0.0176,
-0.9555,1.2600,-0.4900,0.1400
2026-07-03,14:38:13,4838715,0.0039,-0.0229,-0.9526,1.1900,-0.7000,0.1400
2026-07-03,14:38:13,4838815,0.0005,-0.0254,-0.9555,1.1900,-0.4900,0.2100
2026-07-03,14:38:13,4838915,-0.0024,-0.0205,-0.9467,1.2600,-0.420
0,0.1400
2026-07-03,14:38:13,4839015,0.0088,-0.0220,-0.9570,1.3300,-0.4900,0.1400
2026-07-03,14:38:13,4839115,0.0078,-0.0156,-0.9536,1.1900,-0.5600,0.1400
2026-07-03,14:38:13,4839215,0.0063,-0.0210,-0.9526,1.2600,-0.6300,0.0700
2026-07-03,1
4:38:13,4839315,0.0078,-0.0151,-0.9531,1.1900,-0.6300,0.2100
2026-07-03,14:38:13,4839415,0.0073,-0.0205,-0.9516,1.4700,-0.3500,0.2100
2026-07-03,14:38:14,4839515,0.0029,-0.0220,-0.9550,1.3300,-0.7000,0.0700
2026-07-03,14:38:14,4839615,0.0024
,-0.0156,-0.9589,1.2600,-0.7000,0.1400
2026-07-03,14:38:14,4839715,0.0078,-0.0195,-0.9584,1.1900,-0.4200,0.2100
2026-07-03,14:38:14,4839815,0.0054,-0.0151,-0.9560,1.1900,-0.7700,0.1400
2026-07-03,14:38:14,4839915,0.0073,-0.0161,-0.9477,1.190
0,-0.7000,0.2100
2026-07-03,14:38:14,4840015,-0.0054,-0.0205,-0.9472,1.2600,-0.4200,0.1400
2026-07-03,14:38:14,4840119,-0.0088,-0.0239,-0.9584,1.2600,-0.5600,0.1400
2026-07-03,14:38:14,4840215,0.0000,-0.0259,-0.9526,1.2600,-0.5600,0.1400
20
26-07-03,14:38:14,4840315,0.0024,-0.0185,-0.9609,1.1200,-0.4200,0.1400
2026-07-03,14:38:14,4840415,0.0122,-0.0205,-0.9340,1.1900,-0.4200,0.1400
2026-07-03,14:38:15,4840515,0.0059,-0.0161,-0.9521,1.4000,-0.4900,0.1400
2026-07-03,14:38:15,4840
615,0.0102,-0.0161,-0.9521,1.3300,-0.4900,0.2100
2026-07-03,14:38:15,4840715,0.0088,-0.0210,-0.9506,1.3300,-0.4900,0.1400
2026-07-03,14:38:15,4840815,0.0054,-0.0190,-0.9545,1.2600,-0.6300,0.1400
2026-07-03,14:38:15,4840915,0.0010,-0.0190,-0.
9579,1.2600,-0.4200,0.1400
2026-07-03,14:38:15,4841015,0.0049,-0.0215,-0.9584,1.1900,-0.7000,0.1400
2026-07-03,14:38:15,4841115,0.0000,-0.0181,-0.9521,1.1900,-0.6300,0.2100
2026-07-03,14:38:15,4841215,0.0102,-0.0176,-0.9540,1.2600,-0.4200,0.
1400
2026-07-03,14:38:15,4841315,0.0093,-0.0205,-0.9589,1.2600,-0.5600,0.1400
2026-07-03,14:38:15,4841415,0.0054,-0.0190,-0.9555,1.3300,-0.4900,0.1400
2026-07-03,14:38:16,4841515,0.0034,-0.0195,-0.9560,1.1900,-0.6300,0.1400
2026-07-03,14:38
:16,4841615,0.0010,-0.0244,-0.9560,1.2600,-0.6300,0.0700
2026-07-03,14:38:16,4841715,0.0049,-0.0229,-0.9555,1.1900,-0.6300,0.0700
2026-07-03,14:38:16,4841815,0.0015,-0.0220,-0.9550,1.2600,-0.6300,0.0700
2026-07-03,14:38:16,4841915,0.0010,-0.
0200,-0.9565,1.2600,-0.7000,0.2100
2026-07-03,14:38:16,4842015,0.0039,-0.0215,-0.9540,1.1900,-0.4900,0.2100
2026-07-03,14:38:16,4842115,0.0044,-0.0210,-0.9540,1.2600,-0.6300,0.2100
2026-07-03,14:38:16,4842215,0.0054,-0.0200,-0.9560,1.1900,-0
.4900,0.1400
2026-07-03,14:38:16,4842315,0.0078,-0.0210,-0.9565,1.1200,-0.7000,0.0700
2026-07-03,14:38:16,4842415,0.0039,-0.0200,-0.9531,1.2600,-0.7000,0.2100
2026-07-03,14:38:17,4842515,0.0059,-0.0200,-0.9555,1.1900,-0.6300,0.1400
2026-07-
03,14:38:17,4842615,0.0039,-0.0200,-0.9570,1.2600,-0.6300,0.0700
2026-07-03,14:38:17,4842715,0.0044,-0.0200,-0.9536,1.1900,-0.5600,0.1400
2026-07-03,14:38:17,4842815,0.0063,-0.0205,-0.9565,1.1900,-0.4900,0.1400
2026-07-03,14:38:17,4842915,0.
0044,-0.0185,-0.9565,1.2600,-0.4900,0.2100
2026-07-03,14:38:17,4843015,0.0059,-0.0195,-0.9545,1.1900,-0.6300,0.1400
2026-07-03,14:38:17,4843115,0.0044,-0.0195,-0.9565,1.1900,-0.5600,0.1400
2026-07-03,14:38:17,4843215,0.0034,-0.0190,-0.9536,1
.1900,-0.5600,0.2100
2026-07-03,14:38:17,4843315,0.0044,-0.0195,-0.9545,1.2600,-0.4900,0.2100
2026-07-03,14:38:17,4843415,0.0073,-0.0190,-0.9555,1.2600,-0.5600,0.2100
2026-07-03,14:38:18,4843515,0.0029,-0.0215,-0.9540,1.2600,-0.4900,0.2100
2026-07-03,14:38:18,4843615,0.0049,-0.0185,-0.9584,1.2600,-0.5600,0.1400
2026-07-03,14:38:18,4843715,0.0044,-0.0200,-0.9531,1.2600,-0.4900,0.1400
2026-07-03,14:38:18,4843815,0.0049,-0.0185,-0.9540,1.3300,-0.5600,0.1400
2026-07-03,14:38:18,48
43920,0.0049,-0.0210,-0.9550,1.2600,-0.4900,0.1400
2026-07-03,14:38:18,4844015,0.0063,-0.0205,-0.9565,1.1900,-0.4200,0.2100
2026-07-03,14:38:18,4844115,0.0044,-0.0210,-0.9555,1.3300,-0.4200,0.1400
2026-07-03,14:38:18,4844215,0.0063,-0.0166,-
0.9521,1.1200,-0.5600,0.1400
2026-07-03,14:38:18,4844315,0.0059,-0.0195,-0.9565,1.2600,-0.5600,0.0700
2026-07-03,14:38:18,4844415,0.0044,-0.0195,-0.9565,1.1900,-0.5600,0.2100
2026-07-03,14:38:19,4844515,0.0068,-0.0210,-0.9555,1.2600,-0.6300,
0.2100
2026-07-03,14:38:19,4844621,0.0039,-0.0185,-0.9565,1.2600,-0.4900,0.2100
2026-07-03,14:38:19,4844715,0.0059,-0.0176,-0.9555,1.1900,-0.7000,0.0700
2026-07-03,14:38:19,4844815,0.0049,-0.0200,-0.9545,1.2600,-0.4900,0.2100
2026-07-03,14:
38:19,4844915,0.0049,-0.0215,-0.9540,1.2600,-0.4900,0.2100
2026-07-03,14:38:19,4845015,0.0044,-0.0210,-0.9570,1.3300,-0.4900,0.1400
2026-07-03,14:38:19,4845119,0.0059,-0.0205,-0.9531,1.3300,-0.4900,0.1400
2026-07-03,14:38:19,4845215,0.0049,-
0.0224,-0.9565,1.1900,-0.6300,0.2100
2026-07-03,14:38:19,4845320,0.0054,-0.0185,-0.9545,1.2600,-0.5600,0.1400
2026-07-03,14:38:19,4845415,0.0039,-0.0190,-0.9565,1.1900,-0.6300,0.2100
2026-07-03,14:38:20,4845515,0.0054,-0.0176,-0.9570,1.2600,
-0.5600,0.1400
2026-07-03,14:38:20,4845615,0.0039,-0.0185,-0.9555,1.1900,-0.6300,0.1400
2026-07-03,14:38:20,4845715,0.0063,-0.0210,-0.9555,1.1900,-0.6300,0.2100
2026-07-03,14:38:20,4845815,0.0063,-0.0205,-0.9545,1.3300,-0.6300,0.1400
2026-0
7-03,14:38:20,4845915,0.0034,-0.0215,-0.9570,1.1900,-0.5600,0.1400
2026-07-03,14:38:20,4846015,0.0049,-0.0190,-0.9555,1.2600,-0.6300,0.2100
2026-07-03,14:38:20,4846115,0.0039,-0.0210,-0.9555,1.3300,-0.5600,0.2100
2026-07-03,14:38:20,4846215,
0.0059,-0.0176,-0.9565,1.2600,-0.5600,0.1400
2026-07-03,14:38:20,4846315,0.0020,-0.0205,-0.9555,1.2600,-0.4900,0.2100
2026-07-03,14:38:20,4846415,0.0063,-0.0205,-0.9540,1.2600,-0.4900,0.2100
2026-07-03,14:38:21,4846515,0.0078,-0.0195,-0.9575
,1.2600,-0.5600,0.2100
2026-07-03,14:38:21,4846615,0.0078,-0.0190,-0.9560,1.2600,-0.5600,0.1400
2026-07-03,14:38:21,4846715,0.0044,-0.0220,-0.9536,1.2600,-0.4200,0.1400
2026-07-03,14:38:21,4846815,0.0059,-0.0195,-0.9540,1.2600,-0.5600,0.1400
2026-07-03,14:38:21,4846915,0.0024,-0.0205,-0.9506,1.2600,-0.5600,0.2100
2026-07-03,14:38:21,4847015,0.0044,-0.0224,-0.9545,1.2600,-0.5600,0.2100
2026-07-03,14:38:21,4847115,0.0073,-0.0171,-0.9545,1.1900,-0.6300,0.2100
2026-07-03,14:38:21,
4847215,0.0059,-0.0224,-0.9565,1.2600,-0.4900,0.1400
2026-07-03,14:38:21,4847315,0.0078,-0.0205,-0.9540,1.1900,-0.4900,0.1400
2026-07-03,14:38:21,4847415,0.0049,-0.0181,-0.9555,1.1900,-0.4900,0.0700
2026-07-03,14:38:22,4847515,0.0073,-0.0205
,-0.9540,1.2600,-0.5600,0.0700
2026-07-03,14:38:22,4847615,0.0088,-0.0200,-0.9579,1.1900,-0.5600,0.1400
2026-07-03,14:38:22,4847715,0.0024,-0.0156,-0.9555,1.1200,-0.5600,0.1400
2026-07-03,14:38:22,4847815,0.0063,-0.0220,-0.9550,1.2600,-0.630
0,0.0700
2026-07-03,14:38:22,4847915,0.0024,-0.0264,-0.9492,1.2600,-0.6300,0.1400
2026-07-03,14:38:22,4848015,0.0020,-0.0190,-0.9506,1.1900,-0.5600,0.1400
2026-07-03,14:38:22,4848115,0.0088,-0.0185,-0.9579,1.1900,-0.5600,0.2100
2026-07-03,1
4:38:22,4848215,0.0073,-0.0190,-0.9550,1.2600,-0.5600,0.1400
2026-07-03,14:38:22,4848315,0.0054,-0.0185,-0.9565,1.2600,-0.5600,0.1400
2026-07-03,14:38:22,4848415,0.0039,-0.0146,-0.9516,1.2600,-0.6300,0.1400
2026-07-03,14:38:23,4848515,0.0063
,-0.0210,-0.9584,1.2600,-0.6300,0.1400
2026-07-03,14:38:23,4848615,0.0073,-0.0166,-0.9536,1.2600,-0.4900,0.1400
2026-07-03,14:38:23,4848715,0.0034,-0.0210,-0.9565,1.1200,-0.7700,0.1400
2026-07-03,14:38:23,4848815,-0.0005,-0.0190,-0.9706,1.40
00,-0.4900,0.1400
2026-07-03,14:38:23,4848915,0.0024,-0.0205,-0.9521,1.1900,-0.5600,0.1400
2026-07-03,14:38:23,4849015,0.0068,-0.0220,-0.9506,1.3300,-0.4900,0.0700
2026-07-03,14:38:23,4849115,0.0024,-0.0215,-0.9560,1.3300,-0.4900,0.1400
202
6-07-03,14:38:23,4849215,0.0059,-0.0190,-0.9545,1.2600,-0.6300,0.2100
2026-07-03,14:38:23,4849315,0.0059,-0.0185,-0.9545,1.2600,-0.5600,0.1400
2026-07-03,14:38:23,4849415,0.0020,-0.0181,-0.9575,1.2600,-0.5600,0.2100
2026-07-03,14:38:24,48495
15,0.0098,-0.0166,-0.9609,1.2600,-0.5600,0.1400
2026-07-03,14:38:24,4849615,0.0088,-0.0166,-0.9570,1.1900,-0.5600,0.0700
2026-07-03,14:38:24,4849715,0.0122,-0.0205,-0.9653,1.2600,-0.4900,0.2100
2026-07-03,14:38:24,4849815,0.0068,-0.0195,-0.9
653,1.1900,-0.5600,0.1400
2026-07-03,14:38:24,4849915,0.0088,-0.0166,-0.9428,1.1200,-0.4900,0.1400
2026-07-03,14:38:24,4850015,0.0063,-0.0156,-0.9511,1.3300,-0.5600,0.1400
2026-07-03,14:38:24,4850119,0.0054,-0.0215,-0.9555,1.1900,-0.5600,0.2
100
2026-07-03,14:38:24,4850215,0.0054,-0.0185,-0.9540,1.1900,-0.6300,0.0700
2026-07-03,14:38:24,4850315,0.0024,-0.0205,-0.9545,1.2600,-0.5600,0.0700
2026-07-03,14:38:24,4850415,0.0063,-0.0205,-0.9570,1.1900,-0.4900,0.1400
2026-07-03,14:38:
25,4850515,0.0049,-0.0210,-0.9570,1.2600,-0.4900,0.1400
2026-07-03,14:38:25,4850615,0.0044,-0.0171,-0.9516,1.3300,-0.6300,0.0700
2026-07-03,14:38:25,4850715,0.0054,-0.0185,-0.9521,1.1900,-0.4900,0.2100
2026-07-03,14:38:25,4850815,0.0088,-0.0
229,-0.9565,1.1900,-0.4900,0.2100
2026-07-03,14:38:25,4850915,0.0059,-0.0200,-0.9555,1.1900,-0.6300,0.1400
2026-07-03,14:38:25,4851015,0.0034,-0.0195,-0.9545,1.3300,-0.6300,0.2800
2026-07-03,14:38:25,4851115,0.0034,-0.0200,-0.9536,1.1900,-0.
5600,0.1400
2026-07-03,14:38:25,4851215,0.0024,-0.0151,-0.9550,1.1900,-0.7700,0.1400
2026-07-03,14:38:25,4851315,0.0078,-0.0205,-0.9575,1.2600,-0.6300,0.2100
2026-07-03,14:38:25,4851415,0.0054,-0.0205,-0.9560,1.2600,-0.5600,0.2100
2026-07-0
3,14:38:26,4851515,0.0044,-0.0185,-0.9531,1.1900,-0.5600,0.1400
2026-07-03,14:38:26,4851615,0.0039,-0.0205,-0.9540,1.2600,-0.5600,0.2100
2026-07-03,14:38:26,4851715,0.0059,-0.0205,-0.9540,1.3300,-0.5600,0.2100
2026-07-03,14:38:26,4851815,0.0
068,-0.0200,-0.9594,1.2600,-0.4900,0.2100
2026-07-03,14:38:26,4851915,0.0083,-0.0142,-0.9540,1.1900,-0.6300,0.1400
2026-07-03,14:38:26,4852015,0.0063,-0.0200,-0.9570,1.1900,-0.5600,0.1400
2026-07-03,14:38:26,4852115,0.0059,-0.0156,-0.9550,1.
1900,-0.6300,0.1400
2026-07-03,14:38:26,4852220,0.0059,-0.0220,-0.9575,1.2600,-0.5600,0.1400
2026-07-03,14:38:26,4852315,0.0044,-0.0215,-0.9555,1.2600,-0.5600,0.2100
2026-07-03,14:38:26,4852415,0.0054,-0.0190,-0.9560,1.1200,-0.4900,0.2100
2
026-07-03,14:38:27,4852515,0.0049,-0.0205,-0.9565,1.2600,-0.6300,0.1400
2026-07-03,14:38:27,4852615,0.0054,-0.0195,-0.9545,1.1900,-0.4900,0.1400
2026-07-03,14:38:27,4852715,0.0073,-0.0210,-0.9570,1.1900,-0.4900,0.1400
2026-07-03,14:38:27,485
2815,0.0049,-0.0200,-0.9545,1.1900,-0.6300,0.1400
2026-07-03,14:38:27,4852919,0.0068,-0.0190,-0.9545,1.1900,-0.6300,0.1400
2026-07-03,14:38:27,4853015,0.0063,-0.0176,-0.9516,1.2600,-0.4900,0.2100
2026-07-03,14:38:27,4853115,0.0059,-0.0137,-0
.9643,1.4000,-0.3500,0.0700
2026-07-03,14:38:27,4853215,0.0073,-0.0254,-0.9638,1.1900,-0.6300,0.0700
2026-07-03,14:38:27,4853315,0.0039,-0.0220,-0.9536,1.1900,-0.4200,0.1400
2026-07-03,14:38:27,4853415,0.0015,-0.0205,-0.9487,1.2600,-0.5600,0
.1400
2026-07-03,14:38:28,4853515,0.0073,-0.0224,-0.9589,1.1200,-0.7000,0.2100
2026-07-03,14:38:28,4853620,0.0010,-0.0215,-0.9609,1.1200,-0.8400,0.0700
2026-07-03,14:38:28,4853715,0.0039,-0.0181,-0.9516,1.2600,-0.6300,0.1400
2026-07-03,14:3
8:28,4853815,0.0044,-0.0205,-0.9531,1.1900,-0.5600,0.1400
2026-07-03,14:38:28,4853915,0.0059,-0.0190,-0.9545,1.1900,-0.5600,0.1400
2026-07-03,14:38:28,4854015,0.0054,-0.0185,-0.9453,1.1900,-0.4200,0.2100
2026-07-03,14:38:28,4854115,0.0059,-0
.0220,-0.9609,1.2600,-0.4900,0.1400
2026-07-03,14:38:28,4854215,0.0073,-0.0190,-0.9560,1.1900,-0.5600,0.1400
2026-07-03,14:38:28,4854320,0.0039,-0.0200,-0.9545,1.2600,-0.6300,0.1400
2026-07-03,14:38:28,4854415,0.0054,-0.0210,-0.9579,1.1900,-
0.5600,0.1400
2026-07-03,14:38:29,4854515,0.0039,-0.0210,-0.9536,1.1900,-0.6300,0.1400
2026-07-03,14:38:29,4854615,0.0039,-0.0215,-0.9570,1.1900,-0.6300,0.0700
2026-07-03,14:38:29,4854715,0.0059,-0.0190,-0.9570,1.1900,-0.5600,0.2100
2026-07
-03,14:38:29,4854815,0.0044,-0.0200,-0.9536,1.2600,-0.4900,0.2100
2026-07-03,14:38:29,4854915,0.0039,-0.0205,-0.9560,1.2600,-0.5600,0.1400
2026-07-03,14:38:29,4855015,0.0063,-0.0195,-0.9575,1.1900,-0.7700,0.1400
2026-07-03,14:38:29,4855119,-
0.0078,-0.0278,-0.9599,1.1200,-0.9100,0.2100
2026-07-03,14:38:29,4855215,0.0034,-0.0093,-0.9687,1.1900,-0.6300,0.1400
2026-07-03,14:38:29,4855315,-0.0063,-0.0312,-0.9472,1.1900,-0.7000,0.1400
2026-07-03,14:38:29,4855415,-0.0059,-0.0254,-0.95
11,1.1900,-0.3500,0.2800
2026-07-03,14:38:30,4855515,0.0054,-0.0185,-0.9623,1.2600,-0.5600,0.1400
2026-07-03,14:38:30,4855615,0.0044,-0.0205,-0.9526,1.2600,-0.6300,0.1400
2026-07-03,14:38:30,4855715,0.0054,-0.0205,-0.9555,1.3300,-0.5600,0.14
00
2026-07-03,14:38:30,4855815,0.0049,-0.0210,-0.9589,1.2600,-0.6300,0.2100
2026-07-03,14:38:30,4855915,0.0044,-0.0205,-0.9536,1.2600,-0.4900,0.1400
2026-07-03,14:38:30,4856015,0.0049,-0.0224,-0.9570,1.1900,-0.4200,0.1400
2026-07-03,14:38:3
0,4856115,0.0054,-0.0200,-0.9555,1.1900,-0.5600,0.1400
2026-07-03,14:38:30,4856215,0.0049,-0.0220,-0.9540,1.1900,-0.5600,0.1400
2026-07-03,14:38:30,4856315,0.0049,-0.0229,-0.9570,1.3300,-0.7000,0.1400
2026-07-03,14:38:30,4856415,0.0059,-0.01
90,-0.9555,1.1900,-0.5600,0.1400
2026-07-03,14:38:31,4856515,0.0059,-0.0185,-0.9540,1.2600,-0.4900,0.2100
2026-07-03,14:38:31,4856615,0.0034,-0.0195,-0.9565,1.1200,-0.7000,0.1400
2026-07-03,14:38:31,4856715,0.0063,-0.0195,-0.9565,1.1900,-0.5
600,0.2100
2026-07-03,14:38:31,4856815,0.0059,-0.0200,-0.9540,1.2600,-0.4900,0.1400
2026-07-03,14:38:31,4856915,0.0039,-0.0200,-0.9545,1.1900,-0.5600,0.1400
2026-07-03,14:38:31,4857015,0.0059,-0.0200,-0.9570,1.1900,-0.4200,0.1400
2026-07-03
,14:38:31,4857115,0.0044,-0.0200,-0.9550,1.1900,-0.5600,0.1400
2026-07-03,14:38:31,4857215,0.0054,-0.0205,-0.9550,1.1900,-0.5600,0.2100
2026-07-03,14:38:31,4857315,0.0049,-0.0210,-0.9570,1.3300,-0.6300,0.2800
2026-07-03,14:38:31,4857415,0.00
49,-0.0205,-0.9540,1.2600,-0.4900,0.1400
2026-07-03,14:38:32,4857515,0.0059,-0.0229,-0.9531,1.2600,-0.5600,0.1400
2026-07-03,14:38:32,4857615,0.0029,-0.0205,-0.9550,1.1200,-0.7000,0.0700
2026-07-03,14:38:32,4857715,0.0029,-0.0215,-0.9570,1.1
200,-0.5600,0.2100
2026-07-03,14:38:32,4857815,0.0063,-0.0210,-0.9575,1.1900,-0.6300,0.2100
2026-07-03,14:38:32,4857915,0.0044,-0.0210,-0.9536,1.1900,-0.5600,0.1400
2026-07-03,14:38:32,4858015,0.0029,-0.0215,-0.9550,1.2600,-0.5600,0.1400
20
26-07-03,14:38:32,4858115,0.0039,-0.0210,-0.9570,1.2600,-0.5600,0.2100
2026-07-03,14:38:32,4858215,0.0059,-0.0195,-0.9545,1.1900,-0.4900,0.2800
2026-07-03,14:38:32,4858315,0.0063,-0.0220,-0.9565,1.2600,-0.5600,0.1400
2026-07-03,14:38:32,4858
415,0.0039,-0.0195,-0.9536,1.1900,-0.6300,0.1400
2026-07-03,14:38:33,4858515,0.0049,-0.0220,-0.9589,1.3300,-0.4900,0.0700
2026-07-03,14:38:33,4858615,0.0054,-0.0200,-0.9550,1.1900,-0.6300,0.0700
2026-07-03,14:38:33,4858715,0.0015,-0.0200,-0.
9540,1.2600,-0.4200,0.1400
2026-07-03,14:38:33,4858815,0.0024,-0.0190,-0.9540,1.1900,-0.6300,0.1400
2026-07-03,14:38:33,4858915,0.0020,-0.0215,-0.9555,1.1900,-0.5600,0.1400
2026-07-03,14:38:33,4859015,0.0044,-0.0210,-0.9589,1.1900,-0.4900,0.
1400
2026-07-03,14:38:33,4859115,0.0034,-0.0176,-0.9555,1.2600,-0.4900,0.1400
2026-07-03,14:38:33,4859215,0.0020,-0.0185,-0.9550,1.1900,-0.4900,0.1400
2026-07-03,14:38:33,4859315,0.0068,-0.0200,-0.9531,1.1200,-0.6300,0.0700
2026-07-03,14:38
:33,4859415,0.0068,-0.0210,-0.9584,1.2600,-0.5600,0.2100
2026-07-03,14:38:34,4859515,0.0034,-0.0176,-0.9531,1.2600,-0.4900,0.1400
2026-07-03,14:38:34,4859615,0.0054,-0.0190,-0.9565,1.2600,-0.4200,0.2800
2026-07-03,14:38:34,4859715,0.0039,-0.
0220,-0.9565,1.1900,-0.7000,0.1400
2026-07-03,14:38:34,4859815,0.0068,-0.0205,-0.9545,1.2600,-0.5600,0.1400
2026-07-03,14:38:34,4859915,0.0054,-0.0205,-0.9560,1.2600,-0.5600,0.2100
2026-07-03,14:38:34,4860015,0.0068,-0.0195,-0.9545,1.2600,-0
.4200,0.1400
2026-07-03,14:38:34,4860119,0.0039,-0.0171,-0.9584,1.2600,-0.6300,0.0700
2026-07-03,14:38:34,4860215,0.0044,-0.0195,-0.9540,1.1900,-0.5600,0.1400
2026-07-03,14:38:34,4860315,0.0068,-0.0205,-0.9589,1.3300,-0.7000,0.1400
2026-07-
03,14:38:34,4860415,0.0049,-0.0200,-0.9565,1.1200,-0.5600,0.1400
2026-07-03,14:38:35,4860521,0.0044,-0.0185,-0.9550,1.1900,-0.5600,0.1400
2026-07-03,14:38:35,4860615,0.0039,-0.0205,-0.9555,1.1200,-0.7000,0.2100
2026-07-03,14:38:35,4860715,0.
0059,-0.0185,-0.9565,1.2600,-0.4900,0.2100
2026-07-03,14:38:35,4860815,0.0078,-0.0190,-0.9555,1.1200,-0.6300,0.2100
2026-07-03,14:38:35,4860915,0.0039,-0.0185,-0.9540,1.3300,-0.4900,0.0700
2026-07-03,14:38:35,4861015,0.0054,-0.0185,-0.9545,1
.1900,-0.4900,0.1400
2026-07-03,14:38:35,4861115,0.0029,-0.0190,-0.9560,1.1900,-0.4200,0.2100
2026-07-03,14:38:35,4861221,0.0044,-0.0190,-0.9570,1.3300,-0.5600,0.1400
2026-07-03,14:38:35,4861315,0.0039,-0.0205,-0.9575,1.3300,-0.4900,0.1400
2026-07-03,14:38:35,4861415,0.0049,-0.0190,-0.9545,1.2600,-0.4200,0.2100
2026-07-03,14:38:36,4861515,0.0044,-0.0210,-0.9570,1.2600,-0.5600,0.1400
2026-07-03,14:38:36,4861615,0.0044,-0.0190,-0.9550,1.1900,-0.4900,0.1400
2026-07-03,14:38:36,48
61715,0.0054,-0.0190,-0.9555,1.2600,-0.5600,0.2100
2026-07-03,14:38:36,4861815,0.0054,-0.0205,-0.9531,1.1900,-0.6300,0.1400
2026-07-03,14:38:36,4861920,0.0049,-0.0210,-0.9545,1.2600,-0.6300,0.1400
2026-07-03,14:38:36,4862015,0.0083,-0.0195,-
0.9584,1.1900,-0.4200,0.1400
2026-07-03,14:38:36,4862115,0.0049,-0.0200,-0.9540,1.2600,-0.5600,0.2100
2026-07-03,14:38:36,4862215,0.0059,-0.0195,-0.9560,1.1900,-0.5600,0.1400
2026-07-03,14:38:36,4862315,0.0029,-0.0210,-0.9565,1.1200,-0.4900,
0.1400
2026-07-03,14:38:36,4862415,0.0054,-0.0195,-0.9550,1.2600,-0.6300,0.1400
2026-07-03,14:38:37,4862515,0.0063,-0.0190,-0.9570,1.1900,-0.4900,0.2100
2026-07-03,14:38:37,4862615,0.0044,-0.0181,-0.9531,1.2600,-0.5600,0.1400
2026-07-03,14:
38:37,4862715,0.0029,-0.0215,-0.9575,1.2600,-0.5600,0.1400
2026-07-03,14:38:37,4862815,0.0029,-0.0195,-0.9560,1.1200,-0.5600,0.2100
2026-07-03,14:38:37,4862915,0.0054,-0.0195,-0.9536,1.2600,-0.4900,0.2100
2026-07-03,14:38:37,4863015,0.0020,-
0.0151,-0.9536,1.2600,-0.4900,0.1400
2026-07-03,14:38:37,4863115,0.0068,-0.0215,-0.9560,1.2600,-0.3500,0.2100
2026-07-03,14:38:37,4863215,0.0059,-0.0190,-0.9584,1.1900,-0.4900,0.2100
2026-07-03,14:38:37,4863315,0.0044,-0.0200,-0.9531,1.2600,
-0.4900,0.2100
2026-07-03,14:38:37,4863415,0.0054,-0.0210,-0.9545,1.2600,-0.6300,0.2100
2026-07-03,14:38:38,4863515,0.0063,-0.0190,-0.9565,1.1900,-0.6300,0.1400
2026-07-03,14:38:38,4863615,0.0073,-0.0215,-0.9687,1.3300,-0.5600,0.2100
2026-0
7-03,14:38:38,4863715,0.0034,-0.0215,-0.9604,1.1900,-0.6300,0.1400
2026-07-03,14:38:38,4863815,0.0024,-0.0200,-0.9545,1.1900,-0.4900,0.1400
2026-07-03,14:38:38,4863915,0.0039,-0.0200,-0.9550,1.1900,-0.5600,0.0700
2026-07-03,14:38:38,4864015,
0.0034,-0.0185,-0.9555,1.1900,-0.7000,0.1400
2026-07-03,14:38:38,4864115,0.0054,-0.0166,-0.9521,1.1900,-0.5600,0.1400
2026-07-03,14:38:38,4864215,0.0059,-0.0210,-0.9570,1.1900,-0.7000,0.1400
2026-07-03,14:38:38,4864315,0.0024,-0.0181,-0.9550
,1.1900,-0.7700,0.2100
2026-07-03,14:38:38,4864415,0.0044,-0.0185,-0.9550,1.1200,-0.5600,0.0700
2026-07-03,14:38:39,4864515,0.0015,-0.0220,-0.9579,1.1900,-0.7000,0.0700
2026-07-03,14:38:39,4864615,0.0034,-0.0205,-0.9570,1.3300,-0.4900,0.2100
2026-07-03,14:38:39,4864715,0.0205,-0.0366,-1.0214,1.1900,-0.7000,0.1400
2026-07-03,14:38:39,4864815,-0.0044,-0.0093,-0.9399,1.2600,-0.5600,0.1400
2026-07-03,14:38:39,4864915,0.0073,-0.0273,-0.9579,1.3300,-0.3500,0.2100
2026-07-03,14:38:39
,4865015,0.0024,-0.0210,-0.9550,1.1200,-0.4900,0.2800
2026-07-03,14:38:39,4865119,0.0049,-0.0195,-0.9531,1.2600,-0.6300,0.2800
2026-07-03,14:38:39,4865215,0.0049,-0.0220,-0.9560,1.1900,-0.5600,0.1400
2026-07-03,14:38:39,4865315,0.0034,-0.018
5,-0.9545,1.3300,-0.5600,0.2100
2026-07-03,14:38:39,4865415,0.0034,-0.0220,-0.9555,1.2600,-0.6300,0.1400
2026-07-03,14:38:40,4865515,0.0044,-0.0200,-0.9550,1.2600,-0.4200,0.2100
2026-07-03,14:38:40,4865615,0.0049,-0.0220,-0.9550,1.2600,-0.42
00,0.1400
2026-07-03,14:38:40,4865715,0.0044,-0.0185,-0.9550,1.2600,-0.5600,0.2100
2026-07-03,14:38:40,4865815,0.0054,-0.0190,-0.9550,1.1900,-0.4900,0.1400
2026-07-03,14:38:40,4865915,0.0044,-0.0195,-0.9540,1.2600,-0.7000,0.1400
2026-07-03,
14:38:40,4866015,0.0015,-0.0200,-0.9565,1.2600,-0.6300,0.2100
2026-07-03,14:38:40,4866115,0.0049,-0.0190,-0.9531,1.1900,-0.6300,0.2100
2026-07-03,14:38:40,4866215,0.0063,-0.0215,-0.9575,1.2600,-0.6300,0.1400
2026-07-03,14:38:40,4866315,0.006
8,-0.0176,-0.9565,1.1200,-0.5600,0.2100
2026-07-03,14:38:40,4866415,0.0059,-0.0200,-0.9560,1.1900,-0.6300,0.0700
2026-07-03,14:38:41,4866515,0.0073,-0.0166,-0.9550,1.2600,-0.6300,0.1400
2026-07-03,14:38:41,4866615,0.0063,-0.0181,-0.9565,1.12
00,-0.4900,0.2100
2026-07-03,14:38:41,4866715,0.0063,-0.0215,-0.9560,1.2600,-0.7700,0.0700
2026-07-03,14:38:41,4866815,0.0054,-0.0200,-0.9560,1.2600,-0.6300,0.1400
2026-07-03,14:38:41,4866915,0.0049,-0.0224,-0.9560,1.1900,-0.5600,0.1400
202
6-07-03,14:38:41,4867015,0.0068,-0.0181,-0.9516,1.1900,-0.6300,0.1400
2026-07-03,14:38:41,4867115,0.0083,-0.0224,-0.9579,1.2600,-0.5600,0.1400
2026-07-03,14:38:41,4867215,0.0063,-0.0200,-0.9540,1.1900,-0.6300,0.2100
2026-07-03,14:38:41,48673
15,0.0054,-0.0205,-0.9560,1.1900,-0.4900,0.0700
2026-07-03,14:38:41,4867415,0.0112,-0.0195,-0.9555,1.2600,-0.6300,0.1400
2026-07-03,14:38:42,4867515,0.0034,-0.0205,-0.9506,1.2600,-0.5600,0.2100
2026-07-03,14:38:42,4867615,0.0078,-0.0205,-0.9
545,1.1900,-0.6300,0.1400
2026-07-03,14:38:42,4867715,0.0020,-0.0190,-0.9589,1.1900,-0.5600,0.1400
2026-07-03,14:38:42,4867815,0.0068,-0.0200,-0.9560,1.2600,-0.5600,0.1400
2026-07-03,14:38:42,4867915,0.0059,-0.0181,-0.9555,1.2600,-0.4900,0.2
100
2026-07-03,14:38:42,4868015,0.0063,-0.0210,-0.9545,1.1900,-0.4900,0.1400
2026-07-03,14:38:42,4868115,0.0083,-0.0190,-0.9570,1.2600,-0.4200,0.2100
2026-07-03,14:38:42,4868215,0.0063,-0.0185,-0.9506,1.2600,-0.6300,0.1400
2026-07-03,14:38:
42,4868315,0.0029,-0.0210,-0.9579,1.2600,-0.5600,0.0700
2026-07-03,14:38:42,4868415,0.0024,-0.0200,-0.9560,1.1900,-0.5600,0.2100
2026-07-03,14:38:43,4868515,0.0024,-0.0176,-0.9540,1.1900,-0.4200,0.2100
2026-07-03,14:38:43,4868615,0.0063,-0.0
244,-0.9599,1.1900,-0.5600,0.1400
2026-07-03,14:38:43,4868715,0.0015,-0.0210,-0.9506,1.1900,-0.5600,0.1400
2026-07-03,14:38:43,4868821,0.0073,-0.0239,-0.9575,1.1900,-0.5600,0.0700
2026-07-03,14:38:43,4868915,0.0049,-0.0185,-0.9555,1.1200,-0.
5600,0.2100
2026-07-03,14:38:43,4869015,0.0078,-0.0205,-0.9555,1.2600,-0.4900,0.1400
2026-07-03,14:38:43,4869115,0.0063,-0.0210,-0.9575,1.1900,-0.5600,0.0700
2026-07-03,14:38:43,4869215,0.0063,-0.0190,-0.9560,1.2600,-0.5600,0.2100
2026-07-0
3,14:38:43,4869315,0.0049,-0.0190,-0.9570,1.2600,-0.4200,0.2100
2026-07-03,14:38:43,4869415,0.0044,-0.0210,-0.9550,1.1900,-0.7000,0.1400
2026-07-03,14:38:44,4869520,0.0073,-0.0229,-0.9579,1.1900,-0.4200,0.2100
2026-07-03,14:38:44,4869615,0.0
024,-0.0176,-0.9570,1.1900,-0.4900,0.2100
2026-07-03,14:38:44,4869715,0.0063,-0.0181,-0.9555,1.1900,-0.6300,0.1400
2026-07-03,14:38:44,4869815,0.0098,-0.0215,-0.9609,1.1200,-0.7000,0.1400
2026-07-03,14:38:44,4869915,0.0063,-0.0190,-0.9545,1.
1900,-0.4900,0.2100
2026-07-03,14:38:44,4870015,0.0093,-0.0200,-0.9540,1.3300,-0.4900,0.1400
2026-07-03,14:38:44,4870119,0.0029,-0.0249,-0.9550,1.1900,-0.5600,0.1400
2026-07-03,14:38:44,4870222,0.0029,-0.0351,-0.9877,1.2600,-0.8400,0.0700
2
026-07-03,14:38:44,4870315,-0.0005,-0.0244,-0.9501,1.2600,-0.6300,0.1400
2026-07-03,14:38:44,4870415,0.0020,-0.0229,-0.9604,1.1200,-0.5600,0.2100
2026-07-03,14:38:45,4870515,0.0063,-0.0181,-0.9399,1.1200,-0.3500,0.1400
2026-07-03,14:38:45,48
70615,0.0107,-0.0151,-0.9565,1.1900,-0.6300,0.1400
2026-07-03,14:38:45,4870715,0.0073,-0.0215,-0.9589,1.1900,-0.4900,0.2100
2026-07-03,14:38:45,4870815,0.0054,-0.0224,-0.9457,1.0500,-0.6300,0.1400
2026-07-03,14:38:45,4870915,0.0000,-0.0239,-
0.9570,1.1900,-0.5600,0.1400
2026-07-03,14:38:45,4871015,-0.0005,-0.0195,-0.9575,1.1900,-0.5600,0.2800
2026-07-03,14:38:45,4871115,0.0005,-0.0215,-0.9550,1.3300,-0.5600,0.0700
2026-07-03,14:38:45,4871215,0.0024,-0.0210,-0.9536,1.4000,-0.4900
,0.1400
2026-07-03,14:38:45,4871315,0.0000,-0.0220,-0.9550,1.1200,-0.5600,0.2100
2026-07-03,14:38:45,4871415,0.0068,-0.0185,-0.9560,1.1900,-0.4900,0.1400
2026-07-03,14:38:46,4871515,0.0059,-0.0176,-0.9536,1.3300,-0.6300,0.1400
2026-07-03,14
:38:46,4871615,0.0059,-0.0205,-0.9531,1.2600,-0.4900,0.0700
2026-07-03,14:38:46,4871715,0.0059,-0.0185,-0.9545,1.3300,-0.4900,0.1400
2026-07-03,14:38:46,4871815,0.0063,-0.0205,-0.9560,1.2600,-0.4900,0.2100
2026-07-03,14:38:46,4871915,0.0044,
-0.0215,-0.9540,1.2600,-0.4200,0.2100
2026-07-03,14:38:46,4872015,0.0073,-0.0176,-0.9526,1.1200,-0.4900,0.2100
2026-07-03,14:38:46,4872115,0.0054,-0.0234,-0.9638,1.1900,-0.7700,0.0700
2026-07-03,14:38:46,4872215,0.0098,-0.0156,-0.9579,1.2600
,-0.4900,0.1400
2026-07-03,14:38:46,4872315,0.0029,-0.0200,-0.9584,1.1200,-0.6300,0.2100
2026-07-03,14:38:46,4872415,0.0039,-0.0210,-0.9575,1.1200,-0.5600,0.1400
2026-07-03,14:38:47,4872515,0.0029,-0.0200,-0.9584,1.3300,-0.7000,0.1400
2026-
07-03,14:38:47,4872615,0.0029,-0.0200,-0.9570,1.1900,-0.7000,0.0700
2026-07-03,14:38:47,4872715,0.0068,-0.0210,-0.9550,1.1200,-0.5600,0.2100
2026-07-03,14:38:47,4872815,0.0054,-0.0220,-0.9531,1.1900,-0.4900,0.0700
2026-07-03,14:38:47,4872915
,0.0029,-0.0205,-0.9540,1.2600,-0.5600,0.0700
2026-07-03,14:38:47,4873015,0.0054,-0.0185,-0.9526,1.2600,-0.4900,0.1400
2026-07-03,14:38:47,4873115,0.0059,-0.0205,-0.9565,1.2600,-0.6300,0.1400
2026-07-03,14:38:47,4873215,0.0078,-0.0200,-0.954
5,1.1900,-0.7000,0.1400
2026-07-03,14:38:47,4873315,0.0049,-0.0176,-0.9516,1.1200,-0.4200,0.2100
2026-07-03,14:38:47,4873415,0.0034,-0.0200,-0.9555,1.2600,-0.7000,0.1400
2026-07-03,14:38:48,4873515,0.0073,-0.0200,-0.9609,1.1900,-0.5600,0.140
0
2026-07-03,14:38:48,4873615,0.0049,-0.0195,-0.9531,1.2600,-0.5600,0.2100
2026-07-03,14:38:48,4873715,0.0083,-0.0210,-0.9487,1.4700,-0.7000,0.1400
2026-07-03,14:38:48,4873815,0.0059,-0.0190,-0.9565,1.2600,-0.5600,0.1400
2026-07-03,14:38:48
,4873915,0.0054,-0.0210,-0.9545,1.1900,-0.4900,0.1400
2026-07-03,14:38:48,4874015,0.0059,-0.0234,-0.9501,1.2600,-0.7000,0.1400
2026-07-03,14:38:48,4874115,0.0029,-0.0200,-0.9536,1.1200,-0.4900,0.1400
2026-07-03,14:38:48,4874215,0.0059,-0.022
0,-0.9540,1.3300,-0.6300,0.1400
2026-07-03,14:38:48,4874315,0.0059,-0.0224,-0.9560,1.2600,-0.6300,0.1400
2026-07-03,14:38:48,4874415,-0.0049,0.0063,-0.9374,1.0500,-0.5600,0.2100
2026-07-03,14:38:49,4874515,0.0039,-0.0185,-0.9721,1.3300,-0.56
00,0.1400
2026-07-03,14:38:49,4874615,0.0049,-0.0142,-0.9496,1.1900,-0.9800,0.1400
2026-07-03,14:38:49,4874715,0.0063,-0.0234,-0.9545,1.2600,-0.7000,0.1400
2026-07-03,14:38:49,4874815,0.0068,-0.0185,-0.9531,1.3300,-0.6300,0.0700
2026-07-03,
14:38:49,4874915,0.0073,-0.0151,-0.9545,1.1900,-0.4900,0.0700
2026-07-03,14:38:49,4875015,0.0029,-0.0151,-0.9511,1.2600,-0.6300,0.1400
2026-07-03,14:38:49,4875119,0.0063,-0.0112,-0.9697,1.4000,-0.2100,0.1400
2026-07-03,14:38:49,4875215,-0.00
20,-0.0264,-0.9672,1.3300,-0.4200,0.0700
2026-07-03,14:38:49,4875315,-0.0034,-0.0220,-0.9521,1.1900,-0.5600,0.1400
2026-07-03,14:38:49,4875415,0.0034,-0.0254,-0.9511,1.3300,-0.3500,0.2100
2026-07-03,14:38:50,4875515,0.0029,-0.0254,-0.9633,1.
2600,-0.5600,0.1400
2026-07-03,14:38:50,4875615,0.0024,-0.0264,-0.9726,1.2600,-0.7700,0.1400
2026-07-03,14:38:50,4875715,0.0054,-0.0205,-0.9531,1.1900,-0.7000,0.1400
2026-07-03,14:38:50,4875815,0.0063,-0.0181,-0.9443,1.1900,-0.4900,0.2100
2
026-07-03,14:38:50,4875915,0.0044,-0.0190,-0.9555,1.3300,-0.4200,0.1400
2026-07-03,14:38:50,4876015,0.0073,-0.0307,-0.9565,1.2600,-0.7000,0.1400
2026-07-03,14:38:50,4876115,0.0010,-0.0176,-0.9579,1.3300,-0.2800,0.1400
2026-07-03,14:38:50,487
6215,0.0049,-0.0220,-0.9618,1.2600,-0.7000,0.2100
2026-07-03,14:38:50,4876315,0.0029,-0.0171,-0.9643,1.2600,-0.2800,0.1400
2026-07-03,14:38:50,4876415,0.0029,-0.0229,-0.9570,1.1900,-0.5600,0.1400
2026-07-03,14:38:51,4876515,0.0039,-0.0210,-0
.9531,1.2600,-0.4900,0.1400
2026-07-03,14:38:51,4876615,0.0015,-0.0244,-0.9643,1.1900,-0.7000,0.0700
2026-07-03,14:38:51,4876715,0.0039,-0.0166,-0.9443,1.2600,-0.5600,0.2100
2026-07-03,14:38:51,4876815,0.0078,-0.0220,-0.9521,1.1200,-0.6300,0
.1400
2026-07-03,14:38:51,4876915,0.0015,-0.0156,-0.9536,1.2600,-0.5600,0.2100
2026-07-03,14:38:51,4877015,0.0127,-0.0200,-0.9565,1.2600,-0.4200,0.1400
2026-07-03,14:38:51,4877121,0.0122,-0.0102,-0.9521,1.1900,-0.6300,0.2100
2026-07-03,14:3
8:51,4877215,0.0059,-0.0151,-0.9531,1.2600,-0.2800,0.1400
2026-07-03,14:38:51,4877315,0.0000,-0.0259,-0.9575,1.2600,-0.7000,0.1400
2026-07-03,14:38:51,4877415,0.0044,-0.0215,-0.9487,1.3300,-0.6300,0.2100
2026-07-03,14:38:52,4877515,0.0049,-0
.0215,-0.9575,1.2600,-0.5600,0.2100
2026-07-03,14:38:52,4877615,0.0034,-0.0181,-0.9550,1.1900,-0.7000,0.1400
2026-07-03,14:38:52,4877715,0.0068,-0.0239,-0.9570,1.2600,-0.6300,0.1400
2026-07-03,14:38:52,4877821,0.0024,-0.0195,-0.9526,1.1900,-
0.5600,0.0700
2026-07-03,14:38:52,4877915,0.0010,-0.0195,-0.9555,1.3300,-0.4900,0.1400
2026-07-03,14:38:52,4878015,0.0034,-0.0195,-0.9560,1.3300,-0.5600,0.1400
2026-07-03,14:38:52,4878115,0.0034,-0.0234,-0.9550,1.1900,-0.4900,0.2100
2026-07
-03,14:38:52,4878215,0.0073,-0.0195,-0.9623,1.3300,-0.5600,0.2100
2026-07-03,14:38:52,4878315,0.0059,-0.0205,-0.9594,1.1900,-0.4200,0.2100
2026-07-03,14:38:52,4878415,0.0059,-0.0200,-0.9560,1.1900,-0.4900,0.2100
2026-07-03,14:38:53,4878521,0
.0044,-0.0200,-0.9540,1.1900,-0.5600,0.2100
2026-07-03,14:38:53,4878615,0.0049,-0.0195,-0.9531,1.2600,-0.8400,0.0700
2026-07-03,14:38:53,4878715,0.0059,-0.0215,-0.9506,1.2600,-0.6300,0.1400
2026-07-03,14:38:53,4878815,0.0063,-0.0190,-0.9536,
1.2600,-0.6300,0.1400
2026-07-03,14:38:53,4878915,0.0034,-0.0224,-0.9536,1.1900,-0.4900,0.0700
2026-07-03,14:38:53,4879015,0.0068,-0.0229,-0.9555,1.2600,-0.5600,0.1400
2026-07-03,14:38:53,4879115,0.0083,-0.0146,-0.9565,1.2600,-0.7000,0.0700
2026-07-03,14:38:53,4879215,0.0112,-0.0161,-0.9550,1.1900,-0.4900,0.1400
2026-07-03,14:38:53,4879315,0.0098,-0.0200,-0.9565,1.2600,-0.4900,0.1400
2026-07-03,14:38:53,4879415,0.0088,-0.0166,-0.9579,1.3300,-0.7000,0.1400
2026-07-03,14:38:54,4
879515,0.0088,-0.0181,-0.9584,1.1900,-0.4200,0.1400
2026-07-03,14:38:54,4879615,0.0063,-0.0205,-0.9526,1.2600,-0.6300,0.1400
2026-07-03,14:38:54,4879715,-0.0010,-0.0215,-0.9555,1.2600,-0.6300,0.1400
2026-07-03,14:38:54,4879815,0.0063,-0.0234
,-0.9692,1.3300,-0.7000,0.1400
2026-07-03,14:38:54,4879915,0.0068,-0.0210,-0.9550,1.2600,-0.5600,0.1400
2026-07-03,14:38:54,4880015,0.0039,-0.0190,-0.9526,1.1900,-0.6300,0.0700
2026-07-03,14:38:54,4880119,0.0039,-0.0224,-0.9555,1.2600,-0.630
0,0.1400
2026-07-03,14:38:54,4880215,0.0083,-0.0185,-0.9550,1.1900,-0.5600,0.2100
2026-07-03,14:38:54,4880315,0.0039,-0.0181,-0.9531,1.3300,-0.4900,0.1400
2026-07-03,14:38:54,4880415,0.0127,-0.0224,-0.9589,1.2600,-0.5600,0.0700
2026-07-03,1
4:38:55,4880515,0.0112,-0.0176,-0.9536,1.1900,-0.7000,0.0700
2026-07-03,14:38:55,4880615,0.0049,-0.0205,-0.9516,1.1900,-0.4900,0.2100
2026-07-03,14:38:55,4880715,-0.0010,-0.0117,-0.9467,1.1900,-0.6300,0.2100
2026-07-03,14:38:55,4880815,0.002
0,-0.0210,-0.9448,1.2600,-0.4900,0.1400
2026-07-03,14:38:55,4880915,0.0054,-0.0181,-0.9536,1.3300,-0.3500,0.1400
2026-07-03,14:38:55,4881015,0.0024,-0.0195,-0.9594,1.2600,-0.4900,0.2100
2026-07-03,14:38:55,4881115,0.0068,-0.0205,-0.9540,1.12
00,-0.4900,0.2100
2026-07-03,14:38:55,4881215,0.0049,-0.0200,-0.9550,1.3300,-0.5600,0.0700
2026-07-03,14:38:55,4881315,0.0039,-0.0234,-0.9575,1.1200,-0.6300,0.1400
2026-07-03,14:38:55,4881415,0.0034,-0.0176,-0.9540,1.1900,-0.6300,0.1400
202
6-07-03,14:38:56,4881515,0.0088,-0.0181,-0.9609,1.1900,-0.6300,0.0700
2026-07-03,14:38:56,4881615,0.0049,-0.0229,-0.9550,1.2600,-0.4900,0.2100
2026-07-03,14:38:56,4881715,0.0054,-0.0220,-0.9545,1.1900,-0.7000,0.1400
2026-07-03,14:38:56,48818
15,-0.0005,-0.0190,-0.9579,1.0500,-0.5600,0.1400
2026-07-03,14:38:56,4881915,0.0044,-0.0205,-0.9540,1.3300,-0.4900,0.1400
2026-07-03,14:38:56,4882015,0.0034,-0.0176,-0.9531,1.2600,-0.4900,0.2100
2026-07-03,14:38:56,4882115,0.0063,-0.0224,-0.
9511,1.3300,-0.5600,0.1400
2026-07-03,14:38:56,4882215,0.0102,-0.0312,-0.9618,1.1200,-0.9100,0.1400
2026-07-03,14:38:56,4882315,0.0044,-0.0239,-0.9623,0.9800,-0.6300,0.2800
2026-07-03,14:38:56,4882415,0.0054,-0.0195,-0.9594,1.3300,-0.4900,0.
1400
2026-07-03,14:38:57,4882515,0.0049,-0.0161,-0.9438,1.2600,-0.4900,0.1400
2026-07-03,14:38:57,4882615,0.0102,-0.0283,-0.9575,1.1900,-0.4200,0.2100
2026-07-03,14:38:57,4882715,0.0078,-0.0166,-0.9536,1.2600,-0.7000,0.1400
2026-07-03,14:38
:57,4882815,0.0063,-0.0181,-0.9438,1.1200,-0.7000,0.2100
2026-07-03,14:38:57,4882915,0.0000,-0.0278,-0.9638,1.1900,-0.5600,0.1400
2026-07-03,14:38:57,4883015,-0.0010,-0.0220,-0.9516,1.0500,-0.6300,0.2100
2026-07-03,14:38:57,4883115,0.0054,-0
.0229,-0.9614,1.1900,-0.4900,0.1400
2026-07-03,14:38:57,4883215,0.0078,-0.0205,-0.9584,1.3300,-0.5600,0.1400
2026-07-03,14:38:57,4883315,0.0102,-0.0229,-0.9614,1.1900,-0.4900,0.1400
2026-07-03,14:38:57,4883415,0.0005,-0.0185,-0.9506,1.1900,-
0.4900,0.1400
2026-07-03,14:38:58,4883515,-0.0024,-0.0273,-0.9609,1.2600,-0.6300,0.1400
2026-07-03,14:38:58,4883615,0.0024,-0.0200,-0.9550,1.2600,-0.5600,0.1400
2026-07-03,14:38:58,4883715,-0.0034,-0.0151,-0.9550,1.2600,-0.4900,0.0700
2026-
07-03,14:38:58,4883815,0.0029,-0.0224,-0.9555,1.1200,-0.7000,0.0700
2026-07-03,14:38:58,4883915,0.0010,-0.0224,-0.9423,1.1900,-0.7000,0.2100
2026-07-03,14:38:58,4884015,0.0029,-0.0200,-0.9492,1.3300,-0.7000,0.2100
2026-07-03,14:38:58,4884115
,0.0098,-0.0215,-0.9428,1.1900,-0.3500,0.1400
2026-07-03,14:38:58,4884215,0.0063,-0.0195,-0.9658,1.4000,-0.6300,0.1400
2026-07-03,14:38:58,4884315,0.0024,-0.0176,-0.9536,1.1900,-0.7000,0.0700
2026-07-03,14:38:58,4884415,0.0117,-0.0181,-0.954
0,1.2600,-0.5600,0.0700
2026-07-03,14:38:59,4884515,0.0063,-0.0190,-0.9526,1.2600,-0.4900,0.2100
2026-07-03,14:38:59,4884615,0.0078,-0.0220,-0.9575,1.1900,-0.5600,0.1400
2026-07-03,14:38:59,4884720,0.0005,-0.0171,-0.9536,1.1200,-0.5600,0.210
0
2026-07-03,14:38:59,4884815,0.0059,-0.0215,-0.9575,1.2600,-0.5600,0.1400
2026-07-03,14:38:59,4884915,0.0015,-0.0220,-0.9594,1.1900,-0.7000,0.2100
2026-07-03,14:38:59,4885015,0.0034,-0.0249,-0.9438,1.1900,-0.6300,0.2100
2026-07-03,14:38:59
,4885119,0.0010,-0.0224,-0.9565,1.3300,-0.5600,0.2100
2026-07-03,14:38:59,4885215,0.0044,-0.0146,-0.9550,1.1900,-0.6300,0.2100
2026-07-03,14:38:59,4885315,0.0073,-0.0244,-0.9418,1.3300,-0.5600,0.2100
2026-07-03,14:38:59,4885420,0.0010,-0.009
8,-0.9589,1.3300,-0.3500,0.1400
2026-07-03,14:39:00,4885515,0.0078,-0.0288,-0.9687,1.2600,-0.4200,0.0700
2026-07-03,14:39:00,4885615,0.0063,-0.0176,-0.9575,1.1900,-0.7000,0.2100
2026-07-03,14:39:00,4885715,0.0063,-0.0181,-0.9536,1.1900,-0.70
00,0.1400
2026-07-03,14:39:00,4885815,0.0073,-0.0137,-0.9618,1.3300,-0.4900,0.1400
2026-07-03,14:39:00,4885915,0.0083,-0.0034,-0.9072,0.4200,-1.2600,-0.0700
2026-07-03,14:39:00,4886015,0.0137,-0.0322,-0.9711,1.3300,-0.4200,0.2100
2026-07-03
,14:39:00,4886121,0.0078,-0.0185,-0.9555,1.1900,-0.5600,0.1400
2026-07-03,14:39:00,4886215,-0.0010,-0.0239,-0.9555,1.3300,-0.4200,0.2100
2026-07-03,14:39:00,4886315,0.0010,-0.0195,-0.9565,1.2600,-0.6300,0.1400
2026-07-03,14:39:00,4886415,0.0
049,-0.0195,-0.9545,1.2600,-0.5600,0.2100
2026-07-03,14:39:01,4886515,0.0034,-0.0205,-0.9565,1.1900,-0.3500,0.2100
2026-07-03,14:39:01,4886615,0.0054,-0.0205,-0.9560,1.1900,-0.5600,0.1400
2026-07-03,14:39:01,4886715,0.0054,-0.0195,-0.9570,1.
2600,-0.4900,0.2100
2026-07-03,14:39:01,4886815,0.0039,-0.0195,-0.9536,1.1900,-0.6300,0.2100
2026-07-03,14:39:01,4886915,0.0059,-0.0185,-0.9521,1.3300,-0.4900,0.2100
2026-07-03,14:39:01,4887015,0.0054,-0.0195,-0.9550,1.2600,-0.5600,0.1400
2
026-07-03,14:39:01,4887115,0.0039,-0.0195,-0.9540,1.1900,-0.5600,0.2100
2026-07-03,14:39:01,4887215,0.0059,-0.0200,-0.9555,1.2600,-0.6300,0.1400
2026-07-03,14:39:01,4887315,0.0054,-0.0210,-0.9555,1.2600,-0.5600,0.1400
2026-07-03,14:39:01,488
7415,0.0039,-0.0195,-0.9555,1.2600,-0.6300,0.1400
2026-07-03,14:39:02,4887515,0.0029,-0.0220,-0.9560,1.1900,-0.4900,0.1400
2026-07-03,14:39:02,4887615,0.0024,-0.0215,-0.9570,1.1900,-0.5600,0.1400
2026-07-03,14:39:02,4887715,0.0054,-0.0181,-0
.9555,1.2600,-0.5600,0.2100
2026-07-03,14:39:02,4887815,0.0049,-0.0220,-0.9575,1.2600,-0.6300,0.0700
2026-07-03,14:39:02,4887915,0.0034,-0.0200,-0.9550,1.2600,-0.4200,0.2100
2026-07-03,14:39:02,4888015,0.0063,-0.0200,-0.9550,1.2600,-0.6300,0
.1400
2026-07-03,14:39:02,4888115,0.0054,-0.0210,-0.9565,1.1900,-0.4900,0.1400
2026-07-03,14:39:02,4888215,0.0049,-0.0195,-0.9579,1.2600,-0.5600,0.1400
2026-07-03,14:39:02,4888315,0.0049,-0.0190,-0.9540,1.1900,-0.7000,0.1400
2026-07-03,14:3
9:02,4888415,0.0054,-0.0181,-0.9565,1.3300,-0.5600,0.1400
2026-07-03,14:39:03,4888515,0.0054,-0.0215,-0.9540,1.2600,-0.4900,0.1400
2026-07-03,14:39:03,4888615,0.0049,-0.0215,-0.9555,1.1900,-0.4900,0.1400
2026-07-03,14:39:03,4888715,0.0039,-0
.0200,-0.9570,1.2600,-0.6300,0.2100
2026-07-03,14:39:03,4888815,0.0054,-0.0200,-0.9545,1.2600,-0.5600,0.1400
2026-07-03,14:39:03,4888915,0.0039,-0.0205,-0.9560,1.2600,-0.5600,0.0700
2026-07-03,14:39:03,4889015,0.0029,-0.0195,-0.9570,1.2600,-
0.6300,0.2100
2026-07-03,14:39:03,4889115,0.0034,-0.0176,-0.9540,1.1900,-0.7000,0.2100
2026-07-03,14:39:03,4889215,0.0029,-0.0205,-0.9536,1.2600,-0.5600,0.2100
2026-07-03,14:39:03,4889315,0.0039,-0.0190,-0.9555,1.2600,-0.5600,0.1400
2026-07
-03,14:39:03,4889415,0.0029,-0.0200,-0.9575,1.1900,-0.5600,0.1400
2026-07-03,14:39:04,4889515,0.0063,-0.0205,-0.9526,1.1900,-0.5600,0.1400
2026-07-03,14:39:04,4889615,0.0020,-0.0220,-0.9628,1.3300,-0.4900,0.1400
2026-07-03,14:39:04,4889715,0
.0059,-0.0220,-0.9555,1.1200,-0.3500,0.2100
2026-07-03,14:39:04,4889815,0.0073,-0.0190,-0.9565,1.2600,-0.5600,0.2100
2026-07-03,14:39:04,4889915,0.0068,-0.0181,-0.9545,1.1900,-0.5600,0.1400
2026-07-03,14:39:04,4890015,0.0034,-0.0185,-0.9545,
1.1900,-0.7000,0.1400
2026-07-03,14:39:04,4890119,0.0059,-0.0185,-0.9570,1.2600,-0.6300,0.2100
2026-07-03,14:39:04,4890215,0.0039,-0.0205,-0.9570,1.2600,-0.6300,0.2100
2026-07-03,14:39:04,4890315,0.0044,-0.0195,-0.9555,1.2600,-0.5600,0.1400
2026-07-03,14:39:04,4890415,0.0054,-0.0190,-0.9560,1.2600,-0.4900,0.1400
2026-07-03,14:39:05,4890515,0.0049,-0.0205,-0.9550,1.1900,-0.6300,0.1400
2026-07-03,14:39:05,4890615,0.0039,-0.0220,-0.9550,1.2600,-0.4900,0.1400
2026-07-03,14:39:05,4
890715,0.0049,-0.0205,-0.9560,1.2600,-0.5600,0.1400
2026-07-03,14:39:05,4890815,0.0044,-0.0200,-0.9545,1.2600,-0.5600,0.1400
2026-07-03,14:39:05,4890915,0.0044,-0.0190,-0.9560,1.1900,-0.6300,0.2100
2026-07-03,14:39:05,4891015,0.0054,-0.0200,
-0.9555,1.1900,-0.6300,0.1400
2026-07-03,14:39:05,4891115,0.0049,-0.0210,-0.9560,1.2600,-0.4900,0.0700
2026-07-03,14:39:05,4891215,0.0068,-0.0205,-0.9565,1.2600,-0.5600,0.1400
2026-07-03,14:39:05,4891315,0.0059,-0.0176,-0.9453,1.1900,-0.4900
,0.1400
2026-07-03,14:39:05,4891415,0.0034,-0.0210,-0.9604,1.2600,-0.6300,0.1400
2026-07-03,14:39:06,4891515,0.0068,-0.0181,-0.9565,1.1900,-0.5600,0.1400
2026-07-03,14:39:06,4891615,0.0063,-0.0190,-0.9575,1.2600,-0.4900,0.0700
2026-07-03,14
:39:06,4891715,0.0068,-0.0190,-0.9545,1.2600,-0.4900,0.1400
2026-07-03,14:39:06,4891815,0.0068,-0.0185,-0.9540,1.2600,-0.7700,0.0700
2026-07-03,14:39:06,4891915,0.0088,-0.0181,-0.9521,1.1900,-0.6300,0.1400
2026-07-03,14:39:06,4892015,0.0034,
-0.0181,-0.9545,1.1900,-0.4200,0.1400
2026-07-03,14:39:06,4892115,0.0102,-0.0244,-0.9623,1.3300,-0.4900,0.2100
2026-07-03,14:39:06,4892215,0.0024,-0.0156,-0.9506,1.1200,-0.2800,0.2100
2026-07-03,14:39:06,4892315,0.0078,-0.0234,-0.9623,1.2600
,-0.5600,0.0700
2026-07-03,14:39:06,4892415,0.0059,-0.0185,-0.9589,1.1200,-0.7700,0.0700
2026-07-03,14:39:07,4892515,0.0049,-0.0234,-0.9521,1.1900,-0.4900,0.2100
2026-07-03,14:39:07,4892615,0.0000,-0.0249,-0.9457,1.2600,-0.4200,0.0700
2026-
07-03,14:39:07,4892715,-0.0044,-0.0205,-0.9501,1.1200,-0.4200,0.2100
2026-07-03,14:39:07,4892815,0.0063,-0.0151,-0.9540,1.4000,-0.4900,0.0700
2026-07-03,14:39:07,4892915,0.0093,-0.0224,-0.9579,1.1900,-0.6300,0.1400
2026-07-03,14:39:07,489302
0,0.0107,-0.0166,-0.9555,1.1900,-0.4900,0.1400
2026-07-03,14:39:07,4893115,0.0073,-0.0181,-0.9570,1.1900,-0.4900,0.1400
2026-07-03,14:39:07,4893215,0.0063,-0.0176,-0.9550,1.1900,-0.4900,0.1400
2026-07-03,14:39:07,4893315,0.0068,-0.0200,-0.95
75,1.2600,-0.4900,0.1400
2026-07-03,14:39:07,4893415,0.0039,-0.0200,-0.9545,1.1900,-0.5600,0.1400
2026-07-03,14:39:08,4893515,0.0020,-0.0200,-0.9565,1.2600,-0.6300,0.1400
2026-07-03,14:39:08,4893615,0.0044,-0.0190,-0.9521,1.3300,-0.4900,0.14
00
2026-07-03,14:39:08,4893720,0.0044,-0.0210,-0.9560,1.1900,-0.5600,0.0700
2026-07-03,14:39:08,4893815,0.0034,-0.0220,-0.9555,1.2600,-0.7000,0.1400
2026-07-03,14:39:08,4893915,0.0049,-0.0210,-0.9555,1.1900,-0.5600,0.1400
2026-07-03,14:39:0
8,4894015,0.0034,-0.0166,-0.9316,1.2600,-0.2100,0.1400
2026-07-03,14:39:08,4894115,0.0049,-0.0259,-0.9545,1.1900,-0.7000,0.2100
2026-07-03,14:39:08,4894215,0.0063,-0.0142,-0.9453,1.2600,-0.6300,0.2100
2026-07-03,14:39:08,4894315,0.0029,-0.01
90,-0.9482,1.2600,-0.7000,0.2100
2026-07-03,14:39:08,4894420,0.0039,-0.0234,-0.9565,1.1900,-0.4900,0.1400
2026-07-03,14:39:09,4894515,0.0015,-0.0215,-0.9560,1.1900,-0.6300,0.0700
2026-07-03,14:39:09,4894615,0.0029,-0.0210,-0.9545,1.2600,-0.6
300,0.1400
2026-07-03,14:39:09,4894715,0.0044,-0.0181,-0.9555,1.1900,-0.4900,0.0700
2026-07-03,14:39:09,4894815,0.0054,-0.0176,-0.9536,1.1900,-0.6300,0.0700
2026-07-03,14:39:09,4894915,0.0034,-0.0166,-0.9506,1.1900,-0.5600,0.1400
2026-07-03
,14:39:09,4895015,0.0063,-0.0200,-0.9579,1.2600,-0.6300,0.1400
2026-07-03,14:39:09,4895115,0.0083,-0.0185,-0.9501,1.2600,-0.7000,0.1400
2026-07-03,14:39:09,4895215,0.0059,-0.0181,-0.9594,1.2600,-0.6300,0.2100
2026-07-03,14:39:09,4895315,0.00
63,-0.0224,-0.9565,1.3300,-0.5600,0.1400
2026-07-03,14:39:09,4895415,0.0044,-0.0205,-0.9492,1.2600,-0.6300,0.2100
2026-07-03,14:39:10,4895515,0.0073,-0.0210,-0.9614,1.3300,-0.4900,0.1400
2026-07-03,14:39:10,4895615,0.0010,-0.0156,-0.9838,1.0
500,-0.6300,0.1400
2026-07-03,14:39:10,4895715,0.0044,-0.0190,-0.9662,1.3300,-0.4900,0.2100
2026-07-03,14:39:10,4895815,0.0078,-0.0200,-0.9594,1.1200,-0.4900,0.2800
2026-07-03,14:39:10,4895915,0.0142,-0.0161,-0.9482,1.1900,-0.5600,0.1400
20
26-07-03,14:39:10,4896015,0.0127,-0.0210,-0.9560,1.1900,-0.6300,0.0700
2026-07-03,14:39:10,4896115,0.0073,-0.0176,-0.9540,1.1900,-0.5600,0.1400
2026-07-03,14:39:10,4896215,0.0083,-0.0205,-0.9560,1.3300,-0.4900,0.1400
2026-07-03,14:39:10,4896
315,0.0098,-0.0146,-0.9462,1.1900,-0.5600,0.2800
2026-07-03,14:39:10,4896415,0.0068,-0.0215,-0.9584,1.2600,-0.5600,0.1400
2026-07-03,14:39:11,4896515,0.0039,-0.0205,-0.9487,1.1200,-0.6300,0.2100
2026-07-03,14:39:11,4896615,0.0068,-0.0190,-0.
9565,1.3300,-0.5600,0.0700
2026-07-03,14:39:11,4896715,0.0005,-0.0190,-0.9511,1.2600,-0.5600,0.1400
2026-07-03,14:39:11,4896815,0.0015,-0.0156,-0.9687,1.5400,-0.4900,0.2800
2026-07-03,14:39:11,4896915,0.0044,-0.0234,-0.9579,1.2600,-0.6300,0.
1400
2026-07-03,14:39:11,4897015,0.0107,-0.0190,-0.9560,1.1900,-0.5600,0.1400
2026-07-03,14:39:11,4897115,0.0059,-0.0205,-0.9560,1.1200,-0.5600,0.0700
2026-07-03,14:39:11,4897215,0.0063,-0.0205,-0.9555,1.1900,-0.5600,0.2100
2026-07-03,14:39
:11,4897315,0.0049,-0.0210,-0.9565,1.1900,-0.5600,0.1400
2026-07-03,14:39:11,4897415,0.0034,-0.0195,-0.9560,1.2600,-0.6300,0.1400
2026-07-03,14:39:12,4897515,0.0059,-0.0185,-0.9540,1.2600,-0.4900,0.0700
2026-07-03,14:39:12,4897615,0.0063,-0.
0200,-0.9570,1.2600,-0.5600,0.1400
2026-07-03,14:39:12,4897715,0.0063,-0.0200,-0.9560,1.1200,-0.5600,0.2100
2026-07-03,14:39:12,4897815,0.0039,-0.0195,-0.9565,1.1900,-0.4900,0.1400
2026-07-03,14:39:12,4897915,0.0073,-0.0195,-0.9560,1.2600,-0
.6300,0.1400
2026-07-03,14:39:12,4898015,0.0044,-0.0205,-0.9560,1.2600,-0.4200,0.2100
2026-07-03,14:39:12,4898115,0.0054,-0.0224,-0.9536,1.1200,-0.4900,0.2100
2026-07-03,14:39:12,4898215,0.0049,-0.0185,-0.9565,1.1900,-0.4900,0.2800
2026-07-
03,14:39:12,4898315,0.0054,-0.0200,-0.9531,1.1900,-0.5600,0.1400
2026-07-03,14:39:12,4898415,0.0044,-0.0210,-0.9540,1.2600,-0.4900,0.2100
2026-07-03,14:39:13,4898515,0.0039,-0.0195,-0.9560,1.2600,-0.6300,0.1400
2026-07-03,14:39:13,4898615,0.
0049,-0.0205,-0.9560,1.2600,-0.4900,0.1400
2026-07-03,14:39:13,4898715,0.0054,-0.0200,-0.9579,1.1900,-0.4900,0.2800
2026-07-03,14:39:13,4898815,0.0054,-0.0190,-0.9579,1.1900,-0.4200,0.1400
2026-07-03,14:39:13,4898915,0.0068,-0.0205,-0.9536,1
.2600,-0.4900,0.2100
2026-07-03,14:39:13,4899015,0.0073,-0.0215,-0.9560,1.1900,-0.5600,0.1400
2026-07-03,14:39:13,4899115,0.0039,-0.0185,-0.9555,1.1900,-0.5600,0.0700
2026-07-03,14:39:13,4899215,0.0059,-0.0190,-0.9545,1.2600,-0.4900,0.1400
2026-07-03,14:39:13,4899315,0.0020,-0.0161,-0.9516,1.1900,-0.5600,0.1400
2026-07-03,14:39:13,4899415,0.0054,-0.0215,-0.9545,1.1900,-0.6300,0.2100
2026-07-03,14:39:14,4899515,0.0039,-0.0195,-0.9550,1.1900,-0.5600,0.1400
2026-07-03,14:39:14,48
99615,0.0059,-0.0195,-0.9555,1.2600,-0.6300,0.1400
2026-07-03,14:39:14,4899715,0.0059,-0.0205,-0.9536,1.2600,-0.5600,0.1400
2026-07-03,14:39:14,4899815,0.0049,-0.0200,-0.9531,1.2600,-0.6300,0.1400
2026-07-03,14:39:14,4899915,0.0039,-0.0220,-
0.9570,1.2600,-0.5600,0.2100
2026-07-03,14:39:14,4900015,0.0059,-0.0200,-0.9550,1.2600,-0.6300,0.0700
2026-07-03,14:39:14,4900119,0.0068,-0.0185,-0.9550,1.2600,-0.5600,0.2100
2026-07-03,14:39:14,4900215,0.0054,-0.0200,-0.9550,1.1200,-0.4900,
0.2100
2026-07-03,14:39:14,4900315,0.0059,-0.0195,-0.9550,1.1900,-0.4900,0.1400
2026-07-03,14:39:14,4900415,0.0049,-0.0195,-0.9550,1.1900,-0.5600,0.1400
2026-07-03,14:39:15,4900515,0.0039,-0.0210,-0.9555,1.3300,-0.6300,0.1400
2026-07-03,14:
39:15,4900615,0.0063,-0.0190,-0.9570,1.2600,-0.4900,0.0700
2026-07-03,14:39:15,4900715,0.0063,-0.0190,-0.9545,1.2600,-0.5600,0.1400
2026-07-03,14:39:15,4900815,0.0049,-0.0185,-0.9531,1.1900,-0.5600,0.2100
2026-07-03,14:39:15,4900915,0.0054,-
0.0215,-0.9570,1.2600,-0.5600,0.1400
2026-07-03,14:39:15,4901015,0.0059,-0.0195,-0.9560,1.1900,-0.4200,0.1400
2026-07-03,14:39:15,4901115,0.0044,-0.0176,-0.9545,1.2600,-0.7000,0.0700
2026-07-03,14:39:15,4901215,0.0063,-0.0190,-0.9555,1.1900,
-0.4900,0.2100
2026-07-03,14:39:15,4901320,0.0059,-0.0210,-0.9555,1.2600,-0.6300,0.1400
2026-07-03,14:39:15,4901415,0.0063,-0.0210,-0.9545,1.1900,-0.7000,0.2100
2026-07-03,14:39:16,4901515,0.0059,-0.0200,-0.9565,1.2600,-0.5600,0.0700
2026-0
7-03,14:39:16,4901615,0.0049,-0.0185,-0.9560,1.2600,-0.5600,0.1400
2026-07-03,14:39:16,4901715,0.0039,-0.0205,-0.9550,1.1200,-0.5600,0.1400
2026-07-03,14:39:16,4901815,0.0059,-0.0215,-0.9560,1.2600,-0.4900,0.1400
2026-07-03,14:39:16,4901915,
0.0044,-0.0200,-0.9560,1.2600,-0.4900,0.1400
2026-07-03,14:39:16,4902020,0.0073,-0.0205,-0.9536,1.2600,-0.5600,0.1400
2026-07-03,14:39:16,4902115,0.0049,-0.0190,-0.9550,1.1900,-0.6300,0.2100
2026-07-03,14:39:16,4902215,0.0049,-0.0224,-0.9555
,1.1900,-0.4900,0.2800
2026-07-03,14:39:16,4902315,0.0054,-0.0200,-0.9545,1.2600,-0.5600,0.1400
2026-07-03,14:39:16,4902415,0.0044,-0.0185,-0.9555,1.3300,-0.7000,0.0700
2026-07-03,14:39:17,4902515,0.0044,-0.0210,-0.9540,1.2600,-0.5600,0.2100
2026-07-03,14:39:17,4902615,0.0054,-0.0200,-0.9565,1.1900,-0.6300,0.1400
2026-07-03,14:39:17,4902720,0.0039,-0.0200,-0.9536,1.1900,-0.4900,0.2100
2026-07-03,14:39:17,4902815,0.0054,-0.0195,-0.9540,1.2600,-0.5600,0.1400
2026-07-03,14:39:17,
4902915,0.0054,-0.0200,-0.9560,1.2600,-0.6300,0.0700
2026-07-03,14:39:17,4903015,0.0049,-0.0195,-0.9555,1.2600,-0.5600,0.1400
2026-07-03,14:39:17,4903115,0.0063,-0.0190,-0.9555,1.2600,-0.4900,0.1400
2026-07-03,14:39:17,4903215,0.0063,-0.0185
,-0.9560,1.3300,-0.4900,0.1400
2026-07-03,14:39:17,4903315,0.0034,-0.0185,-0.9540,1.1900,-0.6300,0.0700
2026-07-03,14:39:17,4903419,0.0049,-0.0200,-0.9560,1.1900,-0.5600,0.0700
2026-07-03,14:39:18,4903515,0.0049,-0.0176,-0.9545,1.2600,-0.560
0,0.2100
2026-07-03,14:39:18,4903615,0.0039,-0.0195,-0.9570,1.2600,-0.5600,0.1400
2026-07-03,14:39:18,4903715,0.0059,-0.0205,-0.9555,1.1900,-0.7000,0.2100
2026-07-03,14:39:18,4903815,0.0024,-0.0205,-0.9550,1.2600,-0.5600,0.1400
2026-07-03,1
4:39:18,4903915,0.0059,-0.0195,-0.9536,1.1900,-0.5600,0.0700
2026-07-03,14:39:18,4904015,0.0039,-0.0229,-0.9550,1.1900,-0.4900,0.1400
2026-07-03,14:39:18,4904115,0.0024,-0.0190,-0.9550,1.1900,-0.5600,0.1400
2026-07-03,14:39:18,4904215,0.0034
,-0.0205,-0.9550,1.1900,-0.4900,0.2100
2026-07-03,14:39:18,4904315,0.0054,-0.0195,-0.9555,1.1900,-0.6300,0.1400
2026-07-03,14:39:18,4904415,0.0059,-0.0210,-0.9565,1.1900,-0.5600,0.1400
2026-07-03,14:39:19,4904515,0.0049,-0.0205,-0.9555,1.190
0,-0.4900,0.1400
2026-07-03,14:39:19,4904615,0.0044,-0.0185,-0.9550,1.2600,-0.5600,0.1400
2026-07-03,14:39:19,4904715,0.0054,-0.0215,-0.9555,1.1900,-0.6300,0.2800
2026-07-03,14:39:19,4904815,0.0054,-0.0190,-0.9560,1.3300,-0.5600,0.1400
2026
-07-03,14:39:19,4904915,0.0063,-0.0234,-0.9584,1.1900,-0.6300,0.1400
2026-07-03,14:39:19,4905015,0.0029,-0.0200,-0.9550,1.2600,-0.5600,0.1400
2026-07-03,14:39:19,4905119,0.0039,-0.0220,-0.9550,1.2600,-0.4900,0.2100
2026-07-03,14:39:19,490521
5,0.0044,-0.0200,-0.9536,1.2600,-0.6300,0.1400
2026-07-03,14:39:19,4905315,0.0068,-0.0200,-0.9545,1.1900,-0.4900,0.2100
2026-07-03,14:39:19,4905415,0.0049,-0.0205,-0.9570,1.3300,-0.6300,0.1400
2026-07-03,14:39:20,4905515,0.0034,-0.0239,-0.96
58,1.1900,-0.6300,0.0700
2026-07-03,14:39:20,4905615,0.0039,-0.0176,-0.9575,1.1900,-0.4900,0.1400
2026-07-03,14:39:20,4905715,0.0044,-0.0195,-0.9638,1.2600,-0.4900,0.1400
2026-07-03,14:39:20,4905815,0.0034,-0.0176,-0.9536,1.2600,-0.7000,0.14
00
2026-07-03,14:39:20,4905915,0.0093,-0.0239,-0.9482,1.1900,-0.7700,0.1400
2026-07-03,14:39:20,4906015,0.0093,-0.0195,-0.9579,1.2600,-0.5600,0.2800
2026-07-03,14:39:20,4906115,0.0088,-0.0176,-0.9589,1.3300,-0.7700,0.1400
2026-07-03,14:39:2
0,4906215,0.0107,-0.0185,-0.9536,1.2600,-0.5600,0.2100
2026-07-03,14:39:20,4906315,0.0078,-0.0181,-0.9531,1.2600,-0.4200,0.1400
2026-07-03,14:39:20,4906415,0.0063,-0.0190,-0.9555,1.1900,-0.6300,0.1400
2026-07-03,14:39:21,4906515,0.0044,-0.02
05,-0.9565,1.3300,-0.4900,0.1400
2026-07-03,14:39:21,4906615,0.0059,-0.0205,-0.9540,1.1200,-0.5600,0.1400
2026-07-03,14:39:21,4906715,0.0044,-0.0195,-0.9545,1.2600,-0.7000,0.1400
2026-07-03,14:39:21,4906815,0.0063,-0.0181,-0.9540,1.1900,-0.7
000,0.1400
2026-07-03,14:39:21,4906915,0.0044,-0.0200,-0.9575,1.3300,-0.4900,0.1400
2026-07-03,14:39:21,4907015,0.0044,-0.0185,-0.9536,1.1900,-0.5600,0.1400
2026-07-03,14:39:21,4907115,0.0034,-0.0195,-0.9555,1.1900,-0.5600,0.0700
2026-07-03
,14:39:21,4907215,0.0078,-0.0181,-0.9570,1.1900,-0.7000,0.1400
2026-07-03,14:39:21,4907315,0.0098,-0.0181,-0.9531,1.2600,-0.6300,0.1400
2026-07-03,14:39:21,4907415,0.0078,-0.0200,-0.9531,1.1900,-0.6300,0.1400
2026-07-03,14:39:22,4907515,0.00
68,-0.0210,-0.9560,1.2600,-0.4900,0.2100
2026-07-03,14:39:22,4907615,0.0068,-0.0190,-0.9570,1.1200,-0.5600,0.1400
2026-07-03,14:39:22,4907715,0.0063,-0.0195,-0.9467,1.1900,-0.3500,0.1400
2026-07-03,14:39:22,4907815,0.0063,-0.0220,-0.9555,1.1
900,-0.5600,0.1400
2026-07-03,14:39:22,4907915,0.0093,-0.0312,-0.9511,1.2600,-0.7000,0.1400
2026-07-03,14:39:22,4908015,0.0029,-0.0190,-0.9526,1.1900,-0.4200,0.2100
2026-07-03,14:39:22,4908115,0.0049,-0.0210,-0.9579,1.2600,-0.5600,0.1400
20
26-07-03,14:39:22,4908215,0.0059,-0.0195,-0.9575,1.1900,-0.5600,0.2100
2026-07-03,14:39:22,4908315,0.0005,-0.0117,-0.9448,1.1900,-0.4900,0.1400
2026-07-03,14:39:22,4908415,0.0010,-0.0190,-0.9731,1.3300,-0.2800,0.2100
2026-07-03,14:39:23,4908
515,0.0083,-0.0181,-0.9540,1.2600,-0.6300,0.2100
2026-07-03,14:39:23,4908615,0.0078,-0.0176,-0.9565,1.2600,-0.6300,0.1400
2026-07-03,14:39:23,4908715,0.0088,-0.0254,-0.9487,1.0500,-0.4900,0.0700
2026-07-03,14:39:23,4908815,-0.0010,-0.0259,-0
.9589,1.1200,-0.4200,0.2100
2026-07-03,14:39:23,4908915,-0.0054,-0.0264,-0.9370,1.1900,-0.4900,0.1400
2026-07-03,14:39:23,4909015,-0.0083,-0.0185,-0.9511,1.2600,-0.3500,0.1400
2026-07-03,14:39:23,4909115,0.0020,-0.0210,-0.9579,1.1900,-0.4900
,0.2100
2026-07-03,14:39:23,4909215,0.0073,-0.0215,-0.9550,1.2600,-0.4900,0.2100
2026-07-03,14:39:23,4909315,0.0083,-0.0181,-0.9560,1.3300,-0.5600,0.1400
2026-07-03,14:39:23,4909415,0.0073,-0.0185,-0.9555,1.2600,-0.4900,0.1400
2026-07-03,14
:39:24,4909515,0.0054,-0.0151,-0.9487,1.2600,-0.4900,0.1400
2026-07-03,14:39:24,4909620,0.0020,-0.0220,-0.9536,1.3300,-0.4900,0.1400
2026-07-03,14:39:24,4909715,0.0024,-0.0171,-0.9618,1.3300,-0.2800,0.2100
2026-07-03,14:39:24,4909815,0.0020,
-0.0210,-0.9614,1.2600,-0.5600,0.1400
2026-07-03,14:39:24,4909915,0.0073,-0.0234,-0.9589,1.3300,-0.4200,0.1400
2026-07-03,14:39:24,4910015,0.0063,-0.0229,-0.9594,1.1900,-0.6300,0.0700
2026-07-03,14:39:24,4910119,0.0049,-0.0190,-0.9545,1.2600
,-0.5600,0.0700
2026-07-03,14:39:24,4910215,0.0054,-0.0195,-0.9516,1.2600,-0.5600,0.0700
2026-07-03,14:39:24,4910320,0.0049,-0.0190,-0.9555,1.2600,-0.6300,0.1400
2026-07-03,14:39:24,4910415,0.0020,-0.0210,-0.9614,1.0500,-0.7700,0.1400
2026-
07-03,14:39:25,4910515,0.0015,-0.0195,-0.9575,1.2600,-0.4900,0.1400
2026-07-03,14:39:25,4910615,0.0083,-0.0210,-0.9579,1.2600,-0.6300,0.2100
2026-07-03,14:39:25,4910715,0.0054,-0.0185,-0.9516,1.1900,-0.6300,0.1400
2026-07-03,14:39:25,4910815
,0.0034,-0.0195,-0.9545,1.1900,-0.5600,0.0700
2026-07-03,14:39:25,4910915,0.0107,-0.0200,-0.9482,1.3300,-0.9100,0.0700
2026-07-03,14:39:25,4911020,0.0029,-0.0185,-0.9487,1.1900,-0.7000,0.1400
2026-07-03,14:39:25,4911115,0.0063,-0.0176,-0.969
2,1.0500,-0.5600,0.1400
2026-07-03,14:39:25,4911215,-0.0044,-0.0215,-0.9550,1.2600,-0.5600,0.1400
2026-07-03,14:39:25,4911315,0.0015,-0.0244,-0.9658,1.3300,-0.5600,0.1400
2026-07-03,14:39:25,4911415,0.0000,-0.0234,-0.9555,1.2600,-0.4900,0.21
00
2026-07-03,14:39:26,4911515,0.0039,-0.0176,-0.9565,1.1900,-0.5600,0.1400
2026-07-03,14:39:26,4911615,0.0068,-0.0166,-0.9526,1.1900,-0.7000,0.1400
2026-07-03,14:39:26,4911715,0.0068,-0.0195,-0.9570,1.4000,-0.4200,0.1400
2026-07-03,14:39:2
6,4911815,-0.1230,-0.0210,-0.9540,1.1900,-0.5600,0.2100
2026-07-03,14:39:26,4911915,-0.0024,-0.0161,-0.9487,1.2600,-0.5600,0.2800
2026-07-03,14:39:26,4912015,0.0063,-0.0146,-0.9404,1.3300,-0.6300,0.2100
2026-07-03,14:39:26,4912115,0.0107,-0.
0210,-0.9545,1.3300,-0.6300,0.1400
2026-07-03,14:39:26,4912215,0.0078,-0.0151,-0.9536,1.2600,-0.4200,0.1400
2026-07-03,14:39:26,4912315,0.0049,-0.0190,-0.9614,1.2600,-0.4900,0.1400
2026-07-03,14:39:26,4912415,0.0039,-0.0200,-0.9501,1.1900,-0
.4900,0.2100
2026-07-03,14:39:27,4912515,0.0044,-0.0200,-0.9462,1.1200,-0.6300,0.1400
2026-07-03,14:39:27,4912615,0.0063,-0.0205,-0.9560,1.2600,-0.7000,0.0700
2026-07-03,14:39:27,4912715,0.0054,-0.0215,-0.9550,1.2600,-0.4900,0.2100
2026-07-
03,14:39:27,4912815,0.0044,-0.0195,-0.9545,1.1900,-0.7000,0.2100
2026-07-03,14:39:27,4912915,0.0049,-0.0200,-0.9526,1.3300,-0.5600,0.1400
2026-07-03,14:39:27,4913015,0.0034,-0.0185,-0.9555,1.1900,-0.6300,0.1400
2026-07-03,14:39:27,4913115,0.
0054,-0.0185,-0.9540,1.2600,-0.4900,0.2100
2026-07-03,14:39:27,4913215,0.0059,-0.0181,-0.9545,1.1900,-0.4900,0.1400
2026-07-03,14:39:27,4913315,0.0039,-0.0185,-0.9536,1.1900,-0.5600,0.1400
2026-07-03,14:39:27,4913415,-0.0029,-0.0200,-0.9477,
1.1200,-0.7000,0.2100
2026-07-03,14:39:28,4913515,0.0039,-0.0181,-0.9570,1.2600,-0.4900,0.1400
2026-07-03,14:39:28,4913615,0.0049,-0.0268,-0.9745,1.2600,-0.4900,0.0700
2026-07-03,14:39:28,4913715,0.0010,-0.0200,-0.9560,1.1900,-0.6300,0.1400
2026-07-03,14:39:28,4913815,0.0068,-0.0200,-0.9555,1.3300,-0.5600,0.2100
2026-07-03,14:39:28,4913915,0.0049,-0.0215,-0.9575,1.3300,-0.5600,0.0700
2026-07-03,14:39:28,4914015,0.0059,-0.0166,-0.9531,1.1900,-0.5600,0.0700
2026-07-03,14:39:28,4
914115,0.0088,-0.0190,-0.9511,1.1900,-0.5600,0.1400
2026-07-03,14:39:28,4914215,0.0044,-0.0210,-0.9565,1.1200,-0.6300,0.0700
2026-07-03,14:39:28,4914315,0.0034,-0.0220,-0.9501,1.2600,-0.4900,0.1400
2026-07-03,14:39:28,4914415,0.0039,-0.0210,
-0.9575,1.2600,-0.5600,0.2100
2026-07-03,14:39:29,4914515,0.0029,-0.0195,-0.9550,1.2600,-0.5600,0.1400
2026-07-03,14:39:29,4914615,0.0049,-0.0215,-0.9526,1.2600,-0.4900,0.1400
2026-07-03,14:39:29,4914715,0.0078,-0.0234,-0.9604,1.1900,-0.6300
,0.0700
2026-07-03,14:39:29,4914815,0.0039,-0.0185,-0.9521,1.2600,-0.6300,0.0700
2026-07-03,14:39:29,4914915,0.0073,-0.0215,-0.9531,1.1900,-0.7000,0.1400
2026-07-03,14:39:29,4915015,0.0059,-0.0181,-0.9589,1.3300,-0.4900,0.2100
2026-07-03,14
:39:29,4915119,0.0049,-0.0215,-0.9560,1.1900,-0.5600,0.1400
2026-07-03,14:39:29,4915215,0.0039,-0.0210,-0.9545,1.1900,-0.6300,0.1400
2026-07-03,14:39:29,4915315,0.0024,-0.0205,-0.9560,1.1200,-0.4900,0.1400
2026-07-03,14:39:29,4915415,0.0054,
-0.0210,-0.9565,1.1200,-0.5600,0.1400
2026-07-03,14:39:30,4915515,0.0049,-0.0210,-0.9570,1.1900,-0.4900,0.1400
2026-07-03,14:39:30,4915615,0.0073,-0.0205,-0.9536,1.1900,-0.5600,0.2100
2026-07-03,14:39:30,4915715,0.0059,-0.0215,-0.9550,1.2600
,-0.4900,0.1400
2026-07-03,14:39:30,4915815,0.0034,-0.0229,-0.9609,1.1900,-0.3500,0.1400
2026-07-03,14:39:30,4915915,0.0044,-0.0210,-0.9589,1.1900,-0.4900,0.2100
2026-07-03,14:39:30,4916015,0.0034,-0.0210,-0.9545,1.2600,-0.7000,0.1400
2026-
07-03,14:39:30,4916115,0.0049,-0.0215,-0.9579,1.2600,-0.5600,0.0700
2026-07-03,14:39:30,4916215,0.0049,-0.0195,-0.9545,1.2600,-0.6300,0.1400
2026-07-03,14:39:30,4916315,0.0044,-0.0195,-0.9570,1.2600,-0.5600,0.0700
2026-07-03,14:39:30,4916415
,0.0049,-0.0210,-0.9609,1.1900,-0.6300,0.2100
2026-07-03,14:39:31,4916515,0.0029,-0.0200,-0.9560,1.3300,-0.5600,0.1400
2026-07-03,14:39:31,4916615,0.0005,-0.0224,-0.9648,1.2600,-0.5600,0.2100
2026-07-03,14:39:31,4916715,-0.0020,-0.0146,-0.95
26,1.1900,-0.5600,0.1400
2026-07-03,14:39:31,4916815,0.0093,-0.0195,-0.9526,1.2600,-0.5600,0.1400
2026-07-03,14:39:31,4916915,0.0049,-0.0195,-0.9604,1.1900,-0.4900,0.2100
2026-07-03,14:39:31,4917015,0.0102,-0.0205,-0.9482,1.2600,-0.6300,0.14
00
2026-07-03,14:39:31,4917115,0.0068,-0.0146,-0.9448,1.1900,-0.5600,0.1400
2026-07-03,14:39:31,4917215,0.0093,-0.0229,-0.9531,1.1900,-0.4900,0.1400
2026-07-03,14:39:31,4917315,0.0088,-0.0215,-0.9560,1.1900,-0.5600,0.0000
2026-07-03,14:39:3
1,4917415,0.0000,-0.0185,-0.9540,1.1200,-0.4900,0.0700
2026-07-03,14:39:32,4917515,0.0024,-0.0229,-0.9545,1.2600,-0.5600,0.1400
2026-07-03,14:39:32,4917615,0.0044,-0.0210,-0.9511,1.1200,-0.4900,0.1400
2026-07-03,14:39:32,4917715,0.0029,-0.02
20,-0.9555,1.1900,-0.4200,0.2800
2026-07-03,14:39:32,4917815,0.0024,-0.0195,-0.9531,1.2600,-0.5600,0.1400
2026-07-03,14:39:32,4917919,0.0044,-0.0181,-0.9555,1.2600,-0.5600,0.2100
2026-07-03,14:39:32,4918015,0.0059,-0.0181,-0.9570,1.2600,-0.5
600,0.1400
2026-07-03,14:39:32,4918115,0.0083,-0.0249,-0.9521,1.1200,-0.6300,0.1400
2026-07-03,14:39:32,4918215,0.0034,-0.0244,-0.9609,1.2600,-0.7000,0.1400
2026-07-03,14:39:32,4918315,-0.0005,-0.0293,-0.9418,1.0500,-0.5600,0.0700
2026-07-0
3,14:39:32,4918415,0.0020,-0.0215,-0.9560,1.2600,-0.4200,0.1400
2026-07-03,14:39:33,4918515,-0.0024,-0.0224,-0.9589,1.1900,-0.6300,0.0700
2026-07-03,14:39:33,4918621,0.0049,-0.0166,-0.9526,1.1900,-0.4900,0.0700
2026-07-03,14:39:33,4918715,0.
0020,-0.0205,-0.9594,1.1900,-0.4900,0.1400
2026-07-03,14:39:33,4918815,0.0078,-0.0210,-0.9575,1.2600,-0.7000,0.2800
2026-07-03,14:39:33,4918915,0.0063,-0.0151,-0.9560,1.2600,-0.4200,0.0700
2026-07-03,14:39:33,4919015,0.0059,-0.0234,-0.9589,1
.2600,-0.5600,0.2100
2026-07-03,14:39:33,4919115,0.0063,-0.0171,-0.9531,1.2600,-0.5600,0.0700
2026-07-03,14:39:33,4919215,0.0049,-0.0229,-0.9521,1.2600,-0.5600,0.1400
2026-07-03,14:39:33,4919320,0.0073,-0.0166,-0.9467,1.1900,-0.5600,0.2100
2026-07-03,14:39:33,4919415,0.0029,-0.0205,-0.9599,1.3300,-0.6300,0.1400
2026-07-03,14:39:34,4919515,0.0054,-0.0185,-0.9570,1.1200,-0.5600,0.2100
2026-07-03,14:39:34,4919615,0.0015,-0.0176,-0.9496,1.2600,-0.4200,0.0700
2026-07-03,14:39:34,49
19715,0.0029,-0.0215,-0.9570,1.3300,-0.5600,0.2100
2026-07-03,14:39:34,4919815,0.0029,-0.0210,-0.9545,1.2600,-0.4900,0.1400
2026-07-03,14:39:34,4919915,0.0068,-0.0210,-0.9599,1.1900,-0.5600,0.1400
2026-07-03,14:39:34,4920015,0.0059,-0.0093,-
0.9531,1.2600,-0.6300,0.2100
2026-07-03,14:39:34,4920119,0.0088,-0.0215,-0.9575,1.2600,-0.5600,0.1400
2026-07-03,14:39:34,4920215,0.0063,-0.0200,-0.9570,1.2600,-0.5600,0.1400
2026-07-03,14:39:34,4920315,0.0049,-0.0185,-0.9550,1.2600,-0.5600,
0.1400
2026-07-03,14:39:34,4920415,0.0039,-0.0215,-0.9599,1.2600,-0.5600,0.0700
2026-07-03,14:39:35,4920515,0.0102,-0.0210,-0.9589,1.2600,-0.6300,0.1400
2026-07-03,14:39:35,4920615,0.0068,-0.0200,-0.9589,1.1900,-0.4200,0.1400
2026-07-03,14:
39:35,4920715,0.0112,-0.0239,-0.9755,1.2600,-0.6300,0.2100
2026-07-03,14:39:35,4920815,0.0034,-0.0166,-0.9565,1.1900,-0.6300,0.1400
2026-07-03,14:39:35,4920915,0.0102,-0.0283,-0.9618,1.1900,-0.7000,0.2100
2026-07-03,14:39:35,4921015,-0.0020,
-0.0229,-0.9526,1.1900,-0.6300,0.2100
2026-07-03,14:39:35,4921115,0.0020,-0.0200,-0.9565,1.1900,-0.4900,0.1400
2026-07-03,14:39:35,4921215,0.0015,-0.0205,-0.9589,1.1900,-0.6300,0.0700
2026-07-03,14:39:35,4921315,0.0078,-0.0181,-0.9540,1.1900
,-0.4900,0.2100
2026-07-03,14:39:35,4921415,0.0059,-0.0171,-0.9501,1.2600,-0.5600,0.1400
2026-07-03,14:39:36,4921515,0.0068,-0.0220,-0.9575,1.3300,-0.7700,0.0700
2026-07-03,14:39:36,4921615,0.0054,-0.0220,-0.9560,1.1900,-0.5600,0.0700
2026-
07-03,14:39:36,4921715,0.0054,-0.0220,-0.9550,1.1900,-0.7000,0.0700
2026-07-03,14:39:36,4921815,0.0039,-0.0210,-0.9545,1.2600,-0.5600,0.2100
2026-07-03,14:39:36,4921915,0.0020,-0.0200,-0.9540,1.1200,-0.7000,0.2100
2026-07-03,14:39:36,4922015
,0.0024,-0.0200,-0.9545,1.1900,-0.5600,0.2100
2026-07-03,14:39:36,4922115,0.0029,-0.0171,-0.9575,1.2600,-0.4900,0.1400
2026-07-03,14:39:36,4922215,0.0029,-0.0224,-0.9536,1.2600,-0.7000,0.2100
2026-07-03,14:39:36,4922315,0.0107,-0.0220,-0.954
5,1.3300,-0.6300,0.1400
2026-07-03,14:39:36,4922415,0.0049,-0.0210,-0.9584,1.0500,-0.7000,0.1400
2026-07-03,14:39:37,4922515,0.0039,-0.0166,-0.9589,1.1900,-0.4900,0.0700
2026-07-03,14:39:37,4922615,0.0020,-0.0195,-0.9545,1.2600,-0.4900,0.210
0
2026-07-03,14:39:37,4922715,0.0039,-0.0224,-0.9565,1.1900,-0.4900,0.2100
2026-07-03,14:39:37,4922815,0.0049,-0.0200,-0.9560,1.1900,-0.6300,0.1400
2026-07-03,14:39:37,4922915,0.0029,-0.0185,-0.9560,1.1900,-0.5600,0.1400
2026-07-03,14:39:37
,4923015,0.0039,-0.0190,-0.9570,1.3300,-0.5600,0.1400
2026-07-03,14:39:37,4923115,0.0034,-0.0171,-0.9545,1.2600,-0.5600,0.1400
2026-07-03,14:39:37,4923215,0.0049,-0.0195,-0.9550,1.1200,-0.5600,0.2100
2026-07-03,14:39:37,4923315,0.0054,-0.020
0,-0.9536,1.2600,-0.5600,0.0700
2026-07-03,14:39:37,4923415,0.0039,-0.0205,-0.9555,1.1900,-0.7000,0.2100
2026-07-03,14:39:38,4923515,0.0044,-0.0200,-0.9570,1.1900,-0.7000,0.0700
2026-07-03,14:39:38,4923615,0.0063,-0.0220,-0.9570,1.2600,-0.49
00,0.2100
2026-07-03,14:39:38,4923715,0.0073,-0.0224,-0.9565,1.1900,-0.7000,0.1400
2026-07-03,14:39:38,4923815,0.0078,-0.0161,-0.9521,1.4000,-0.4200,0.2100
2026-07-03,14:39:38,4923915,0.0063,-0.0132,-0.9496,1.3300,-0.3500,0.1400
2026-07-03,
14:39:38,4924015,0.0034,-0.0229,-0.9492,1.2600,-0.4900,0.1400
2026-07-03,14:39:38,4924115,0.0020,-0.0224,-0.9521,1.3300,-0.2100,0.1400
2026-07-03,14:39:38,4924215,0.0005,-0.0205,-0.9565,1.1900,-0.5600,0.1400
2026-07-03,14:39:38,4924315,-0.00
05,-0.0181,-0.9453,1.2600,-0.5600,0.0700
2026-07-03,14:39:38,4924415,0.0059,-0.0288,-0.9565,1.2600,-0.7000,0.1400
2026-07-03,14:39:39,4924515,0.0054,-0.0190,-0.9472,1.1200,-0.7000,0.1400
2026-07-03,14:39:39,4924615,0.0063,-0.0249,-0.9531,1.2
600,-0.4200,0.2100
2026-07-03,14:39:39,4924715,0.0059,-0.0224,-0.9599,1.1200,-0.6300,0.2100
2026-07-03,14:39:39,4924815,0.0029,-0.0210,-0.9570,1.1200,-0.7000,0.1400
2026-07-03,14:39:39,4924915,0.0093,-0.0244,-0.9633,0.9800,-0.6300,0.1400
20
26-07-03,14:39:39,4925015,0.0049,-0.0171,-0.9565,1.2600,-0.5600,0.1400
2026-07-03,14:39:39,4925119,0.0107,-0.0205,-0.9575,1.2600,-0.4900,0.1400
2026-07-03,14:39:39,4925215,0.0073,-0.0190,-0.9540,1.1900,-0.4900,0.1400
2026-07-03,14:39:39,4925
315,0.0039,-0.0264,-0.9672,1.1200,-0.3500,0.1400
2026-07-03,14:39:39,4925415,-0.0015,-0.0176,-0.9643,1.2600,-0.4200,0.1400
2026-07-03,14:39:40,4925520,0.0020,-0.0205,-0.9379,1.2600,-0.4900,0.2100
2026-07-03,14:39:40,4925615,0.0029,-0.0195,-0
.9575,1.2600,-0.4900,0.2100
2026-07-03,14:39:40,4925715,0.0054,-0.0176,-0.9545,1.2600,-0.4900,0.2100
2026-07-03,14:39:40,4925815,0.0010,-0.0171,-0.9540,1.2600,-0.3500,0.2100
2026-07-03,14:39:40,4925915,0.0024,-0.0259,-0.9609,1.3300,-0.6300,0
.1400
2026-07-03,14:39:40,4926015,0.0039,-0.0185,-0.9540,1.2600,-0.6300,0.2100
2026-07-03,14:39:40,4926115,0.0068,-0.0205,-0.9575,1.2600,-0.6300,0.1400
2026-07-03,14:39:40,4926220,0.0059,-0.0229,-0.9579,1.2600,-0.5600,0.0700
2026-07-03,14:3
9:40,4926315,0.0044,-0.0156,-0.9560,1.3300,-0.4900,0.2100
2026-07-03,14:39:40,4926415,0.0054,-0.0205,-0.9545,1.1900,-0.5600,0.2100
2026-07-03,14:39:41,4926515,0.0054,-0.0176,-0.9565,1.6100,-0.4900,0.1400
2026-07-03,14:39:41,4926615,0.0034,-0
.0239,-0.9604,1.3300,-0.5600,0.1400
2026-07-03,14:39:41,4926715,0.0029,-0.0229,-0.9531,1.2600,-0.5600,0.1400
2026-07-03,14:39:41,4926815,0.0005,-0.0215,-0.9462,1.2600,-0.4200,0.1400
2026-07-03,14:39:41,4926919,0.0049,-0.0215,-0.9584,1.1900,-
0.7700,0.1400
2026-07-03,14:39:41,4927015,0.0049,-0.0215,-0.9560,1.1900,-0.4200,0.1400
2026-07-03,14:39:41,4927115,0.0044,-0.0190,-0.9540,1.2600,-0.5600,0.2100
2026-07-03,14:39:41,4927215,0.0039,-0.0205,-0.9599,1.1200,-0.4900,0.1400
2026-07
-03,14:39:41,4927315,0.0063,-0.0185,-0.9536,1.2600,-0.4900,0.2100
2026-07-03,14:39:41,4927415,0.0063,-0.0254,-0.9550,1.3300,-0.7000,0.1400
2026-07-03,14:39:42,4927515,0.0054,-0.0176,-0.9536,1.2600,-0.6300,0.0000
2026-07-03,14:39:42,4927620,0
.0054,-0.0185,-0.9555,1.2600,-0.6300,0.0700
2026-07-03,14:39:42,4927715,0.0049,-0.0190,-0.9560,1.2600,-0.6300,0.0700
2026-07-03,14:39:42,4927815,0.0029,-0.0215,-0.9560,1.2600,-0.5600,0.1400
2026-07-03,14:39:42,4927915,0.0029,-0.0200,-0.9550,
1.1900,-0.4900,0.1400
2026-07-03,14:39:42,4928015,0.0054,-0.0205,-0.9555,1.3300,-0.5600,0.2100
2026-07-03,14:39:42,4928115,0.0044,-0.0190,-0.9570,1.3300,-0.7000,0.2100
2026-07-03,14:39:42,4928215,0.0024,-0.0234,-0.9531,1.1900,-0.5600,0.1400
2026-07-03,14:39:42,4928315,0.0015,-0.0200,-0.9418,1.1900,-0.2800,0.1400
2026-07-03,14:39:42,4928415,0.0034,-0.0259,-0.9506,1.3300,-0.4900,0.1400
2026-07-03,14:39:43,4928515,0.0068,-0.0171,-0.9511,1.1900,-0.6300,0.2100
2026-07-03,14:39:43,4
928615,0.0059,-0.0185,-0.9565,1.2600,-0.4900,0.1400
2026-07-03,14:39:43,4928715,0.0063,-0.0190,-0.9540,1.1900,-0.5600,0.1400
2026-07-03,14:39:43,4928815,0.0044,-0.0215,-0.9526,1.2600,-0.6300,0.2100
2026-07-03,14:39:43,4928915,0.0044,-0.0210,
-0.9565,1.1900,-0.5600,0.2100
2026-07-03,14:39:43,4929015,0.0049,-0.0229,-0.9560,1.1900,-0.4900,0.1400
2026-07-03,14:39:43,4929115,0.0078,-0.0190,-0.9526,1.4000,-0.4200,0.0700
2026-07-03,14:39:43,4929215,0.0073,-0.0176,-0.9457,1.1900,-0.4200
,0.1400
2026-07-03,14:39:43,4929315,0.0068,-0.0244,-0.9526,1.1900,-0.4200,0.1400
2026-07-03,14:39:43,4929415,0.0015,-0.0278,-0.9648,1.1900,-0.6300,0.1400
2026-07-03,14:39:44,4929515,0.0024,-0.0161,-0.9501,1.2600,-0.4900,0.1400
2026-07-03,14
:39:44,4929615,0.0068,-0.0234,-0.9584,1.2600,-0.5600,0.1400
2026-07-03,14:39:44,4929715,0.0039,-0.0044,-0.9550,1.2600,-0.6300,0.2100
2026-07-03,14:39:44,4929815,0.0093,-0.0215,-0.9589,1.3300,-0.5600,0.0700
2026-07-03,14:39:44,4929915,0.0024,
-0.0215,-0.9555,1.2600,-0.5600,0.1400
2026-07-03,14:39:44,4930015,0.0049,-0.0229,-0.9550,1.1900,-0.7000,0.0700
2026-07-03,14:39:44,4930119,0.0034,-0.0205,-0.9565,1.3300,-0.5600,0.1400
2026-07-03,14:39:44,4930215,0.0049,-0.0215,-0.9570,1.1900
,-0.4900,0.2100
2026-07-03,14:39:44,4930315,0.0039,-0.0224,-0.9565,1.1900,-0.4900,0.1400
2026-07-03,14:39:44,4930415,0.0049,-0.0205,-0.9570,1.3300,-0.5600,0.1400
2026-07-03,14:39:45,4930515,0.0039,-0.0210,-0.9555,1.2600,-0.5600,0.1400
2026-
07-03,14:39:45,4930615,0.0044,-0.0161,-0.9565,1.2600,-0.6300,0.0700
2026-07-03,14:39:45,4930715,0.0049,-0.0195,-0.9545,1.1900,-0.6300,0.1400
2026-07-03,14:39:45,4930815,0.0054,-0.0195,-0.9550,1.2600,-0.4900,0.2100
2026-07-03,14:39:45,4930915
,0.0039,-0.0190,-0.9540,1.1900,-0.6300,0.1400
2026-07-03,14:39:45,4931015,0.0063,-0.0215,-0.9550,1.1900,-0.4900,0.1400
2026-07-03,14:39:45,4931115,0.0098,-0.0195,-0.9526,1.1900,-0.4900,0.2800
2026-07-03,14:39:45,4931215,0.0068,-0.0195,-0.956
0,1.1900,-0.5600,0.1400
2026-07-03,14:39:45,4931315,0.0068,-0.0220,-0.9531,1.1900,-0.6300,0.1400
2026-07-03,14:39:45,4931415,0.0068,-0.0200,-0.9550,1.3300,-0.4900,0.1400
2026-07-03,14:39:46,4931515,0.0078,-0.0215,-0.9560,1.2600,-0.4900,0.210
0
2026-07-03,14:39:46,4931615,0.0063,-0.0156,-0.9555,1.3300,-0.4900,0.1400
2026-07-03,14:39:46,4931715,0.0083,-0.0171,-0.9496,1.2600,-0.5600,0.1400
2026-07-03,14:39:46,4931815,0.0088,-0.0195,-0.9531,1.2600,-0.6300,0.0700
2026-07-03,14:39:46
,4931915,0.0044,-0.0171,-0.9511,1.1900,-0.7000,0.2100
2026-07-03,14:39:46,4932015,0.0029,-0.0205,-0.9516,1.2600,-0.5600,0.0700
2026-07-03,14:39:46,4932115,0.0049,-0.0224,-0.9540,1.1900,-0.4200,0.1400
2026-07-03,14:39:46,4932215,0.0024,-0.027
3,-0.9545,1.2600,-0.6300,0.1400
2026-07-03,14:39:46,4932315,0.0117,-0.0239,-0.9443,1.2600,-0.8400,0.0700
2026-07-03,14:39:46,4932415,0.0029,-0.0195,-0.9545,1.3300,-0.7000,0.1400
2026-07-03,14:39:47,4932515,0.0044,-0.0176,-0.9536,1.1900,-0.56
00,0.2100
2026-07-03,14:39:47,4932615,0.0039,-0.0254,-0.9531,1.1900,-0.6300,0.2100
2026-07-03,14:39:47,4932715,0.0044,-0.0190,-0.9560,1.2600,-0.4900,0.1400
2026-07-03,14:39:47,4932815,0.0024,-0.0195,-0.9579,1.2600,-0.5600,0.1400
2026-07-03,
14:39:47,4932915,0.0059,-0.0195,-0.9575,1.3300,-0.4200,0.1400
2026-07-03,14:39:47,4933015,0.0020,-0.0210,-0.9560,1.2600,-0.5600,0.1400
2026-07-03,14:39:47,4933115,0.0020,-0.0210,-0.9594,1.2600,-0.5600,0.1400
2026-07-03,14:39:47,4933215,0.005
9,-0.0215,-0.9570,1.2600,-0.5600,0.2100
2026-07-03,14:39:47,4933315,0.0044,-0.0215,-0.9575,1.2600,-0.5600,0.2100
2026-07-03,14:39:47,4933415,0.0044,-0.0220,-0.9565,1.2600,-0.7700,0.0700
2026-07-03,14:39:48,4933515,0.0039,-0.0176,-0.9540,1.19
00,-0.6300,0.0700
2026-07-03,14:39:48,4933615,0.0029,-0.0205,-0.9472,1.1900,-0.6300,0.1400
2026-07-03,14:39:48,4933715,0.0034,-0.0200,-0.9492,1.1900,-0.6300,0.2100
2026-07-03,14:39:48,4933815,0.0049,-0.0215,-0.9575,1.2600,-0.4900,0.1400
202
6-07-03,14:39:48,4933915,0.0029,-0.0200,-0.9599,1.2600,-0.4200,0.2800
2026-07-03,14:39:48,4934015,0.0088,-0.0229,-0.9618,1.3300,-0.5600,0.0700
2026-07-03,14:39:48,4934115,0.0044,-0.0176,-0.9540,1.2600,-0.5600,0.2100
2026-07-03,14:39:48,49342
15,0.0020,-0.0200,-0.9565,1.2600,-0.5600,0.1400
2026-07-03,14:39:48,4934315,0.0044,-0.0210,-0.9536,1.4000,-0.8400,0.1400
2026-07-03,14:39:48,4934415,0.0034,-0.0215,-0.9575,1.3300,-0.5600,0.2100
2026-07-03,14:39:49,4934521,0.0083,-0.0190,-0.9
531,1.2600,-0.5600,0.1400
2026-07-03,14:39:49,4934615,0.0024,-0.0210,-0.9438,1.1200,-0.4200,0.1400
2026-07-03,14:39:49,4934715,0.0078,-0.0229,-0.9604,1.3300,-0.5600,0.2100
2026-07-03,14:39:49,4934815,0.0039,-0.0200,-0.9531,1.1900,-0.4900,0.1
400
2026-07-03,14:39:49,4934915,0.0078,-0.0205,-0.9570,1.2600,-0.6300,0.2100
2026-07-03,14:39:49,4935015,0.0010,-0.0200,-0.9550,1.2600,-0.6300,0.1400
2026-07-03,14:39:49,4935120,0.0044,-0.0205,-0.9560,1.2600,-0.5600,0.1400
2026-07-03,14:39:
49,4935221,0.0029,-0.0215,-0.9575,1.1200,-0.5600,0.2100
2026-07-03,14:39:49,4935315,0.0029,-0.0171,-0.9492,1.1200,-0.6300,0.2100
2026-07-03,14:39:49,4935415,0.0059,-0.0215,-0.9628,1.1200,-0.5600,0.1400
2026-07-03,14:39:50,4935515,0.0068,-0.0
161,-0.9521,1.1200,-0.5600,0.2100
2026-07-03,14:39:50,4935615,0.0102,-0.0210,-0.9560,1.2600,-0.5600,0.1400
2026-07-03,14:39:50,4935715,0.0024,-0.0205,-0.9545,1.2600,-0.5600,0.0700
2026-07-03,14:39:50,4935815,0.0044,-0.0190,-0.9516,1.1900,-0.
5600,0.1400
2026-07-03,14:39:50,4935919,0.0044,-0.0229,-0.9472,1.0500,-0.4900,0.1400
2026-07-03,14:39:50,4936015,0.0039,-0.0176,-0.9633,1.2600,-0.4200,0.2100
2026-07-03,14:39:50,4936115,-0.0010,-0.0200,-0.9277,1.2600,-0.5600,0.1400
2026-07-
03,14:39:50,4936215,0.0059,-0.0215,-0.9579,1.1200,-0.4900,0.2100
2026-07-03,14:39:50,4936315,0.0059,-0.0166,-0.9487,1.1900,-0.7000,0.0700
2026-07-03,14:39:50,4936415,0.0049,-0.0200,-0.9667,1.3300,-0.7000,0.2100
2026-07-03,14:39:51,4936515,0.
0010,-0.0234,-0.9501,1.2600,-0.4900,0.1400
2026-07-03,14:39:51,4936615,0.0073,-0.0215,-0.9555,1.2600,-0.5600,0.1400
2026-07-03,14:39:51,4936715,0.0044,-0.0176,-0.9550,1.2600,-0.7000,0.2100
2026-07-03,14:39:51,4936815,0.0059,-0.0190,-0.9536,1
.1900,-0.6300,0.2800
2026-07-03,14:39:51,4936915,0.0059,-0.0234,-0.9594,1.1900,-0.6300,0.1400
2026-07-03,14:39:51,4937015,0.0059,-0.0195,-0.9560,1.1900,-0.5600,0.2100
2026-07-03,14:39:51,4937115,0.0039,-0.0190,-0.9540,1.1900,-0.7000,0.1400
2026-07-03,14:39:51,4937215,0.0054,-0.0185,-0.9487,1.1900,-0.6300,0.2100
2026-07-03,14:39:51,4937315,0.0078,-0.0205,-0.9570,1.1200,-0.5600,0.1400
2026-07-03,14:39:51,4937415,0.0146,-0.0200,-0.9526,1.1900,-0.7700,0.0700
2026-07-03,14:39:52,49
37515,0.0068,-0.0146,-0.9526,1.1200,-0.5600,0.0700
2026-07-03,14:39:52,4937615,0.0054,-0.0181,-0.9565,1.2600,-0.6300,0.1400
2026-07-03,14:39:52,4937715,0.0049,-0.0195,-0.9540,1.2600,-0.4900,0.1400
2026-07-03,14:39:52,4937815,0.0039,-0.0220,-
0.9555,1.2600,-0.4200,0.1400
2026-07-03,14:39:52,4937915,0.0034,-0.0229,-0.9536,1.1900,-0.4900,0.1400
2026-07-03,14:39:52,4938015,0.0020,-0.0229,-0.9594,1.1900,-0.6300,0.1400
2026-07-03,14:39:52,4938115,0.0015,-0.0200,-0.9536,1.2600,-0.6300,
0.1400
2026-07-03,14:39:52,4938215,-0.0005,-0.0234,-0.9594,1.4000,-0.5600,0.2100
2026-07-03,14:39:52,4938315,0.0029,-0.0161,-0.9526,1.1900,-0.7000,0.1400
2026-07-03,14:39:52,4938415,0.0020,-0.0244,-0.9423,1.1900,-0.4900,0.0700
2026-07-03,14
:39:53,4938515,-0.0044,-0.0239,-0.9516,1.1200,-0.4900,0.1400
2026-07-03,14:39:53,4938615,0.0039,-0.0273,-0.9516,1.1900,-0.7000,0.2100
2026-07-03,14:39:53,4938715,0.0020,-0.0215,-0.9565,1.2600,-0.6300,0.1400
2026-07-03,14:39:53,4938815,0.0049
,-0.0205,-0.9594,1.1900,-0.6300,0.2100
2026-07-03,14:39:53,4938915,0.0073,-0.0146,-0.9570,1.1200,-0.5600,0.2100
2026-07-03,14:39:53,4939015,0.0093,-0.0190,-0.9643,1.2600,-0.6300,0.1400
2026-07-03,14:39:53,4939115,0.0068,-0.0171,-0.9540,1.190
0,-0.5600,0.1400
2026-07-03,14:39:53,4939215,0.0151,-0.0224,-0.9638,1.3300,-0.7700,0.1400
2026-07-03,14:39:53,4939315,0.0083,-0.0195,-0.9545,1.1200,-0.7000,0.1400
2026-07-03,14:39:53,4939415,0.0039,-0.0210,-0.9540,1.4000,-0.3500,0.1400
2026
-07-03,14:39:54,4939515,0.0039,-0.0215,-0.9575,1.2600,-0.4900,0.2100
2026-07-03,14:39:54,4939615,0.0029,-0.0195,-0.9531,1.2600,-0.6300,0.2100
2026-07-03,14:39:54,4939715,0.0015,-0.0205,-0.9545,1.2600,-0.5600,0.1400
2026-07-03,14:39:54,493981
5,0.0024,-0.0156,-0.9516,1.2600,-0.5600,0.1400
2026-07-03,14:39:54,4939915,0.0044,-0.0224,-0.9599,1.2600,-0.5600,0.2100
2026-07-03,14:39:54,4940015,0.0039,-0.0185,-0.9506,1.1900,-0.5600,0.2100
2026-07-03,14:39:54,4940119,0.0029,-0.0200,-0.95
11,1.2600,-0.5600,0.1400
2026-07-03,14:39:54,4940215,0.0068,-0.0200,-0.9565,1.1900,-0.7000,0.1400
2026-07-03,14:39:54,4940315,0.0049,-0.0166,-0.9433,1.2600,-0.7000,0.2800
2026-07-03,14:39:54,4940415,0.0102,-0.0220,-0.9545,1.2600,-0.4900,0.14
00
2026-07-03,14:39:55,4940515,0.0059,-0.0190,-0.9594,1.1900,-0.7700,0.1400
2026-07-03,14:39:55,4940615,0.0063,-0.0190,-0.9560,1.0500,-0.7000,0.1400
2026-07-03,14:39:55,4940715,0.0054,-0.0220,-0.9565,1.1900,-0.5600,0.0700
2026-07-03,14:39:5
5,4940815,0.0073,-0.0166,-0.9448,1.1200,-0.5600,0.1400
2026-07-03,14:39:55,4940915,0.0039,-0.0205,-0.9540,1.1900,-0.7700,0.1400
2026-07-03,14:39:55,4941015,0.0093,-0.0210,-0.9560,1.1900,-0.5600,0.2100
2026-07-03,14:39:55,4941115,0.0039,-0.02
05,-0.9545,1.2600,-0.6300,0.2100
2026-07-03,14:39:55,4941215,0.0044,-0.0200,-0.9545,1.1900,-0.7000,0.1400
2026-07-03,14:39:55,4941315,0.0049,-0.0166,-0.9550,1.3300,-0.6300,0.1400
2026-07-03,14:39:55,4941415,0.0073,-0.0185,-0.9536,1.1900,-0.6
300,0.1400
2026-07-03,14:39:56,4941515,0.0078,-0.0176,-0.9555,1.1900,-0.5600,0.2100
2026-07-03,14:39:56,4941615,0.0078,-0.0205,-0.9531,1.3300,-0.6300,0.0700
2026-07-03,14:39:56,4941715,0.0010,-0.0224,-0.9536,1.2600,-0.5600,0.1400
2026-07-03
,14:39:56,4941815,-0.0010,-0.0215,-0.9526,1.1200,-0.3500,0.1400
2026-07-03,14:39:56,4941915,0.0059,-0.0200,-0.9672,1.3300,-0.4900,0.2100
2026-07-03,14:39:56,4942015,0.0054,-0.0171,-0.9521,1.1900,-0.5600,0.2100
2026-07-03,14:39:56,4942122,0.0
034,-0.0176,-0.9526,1.4000,-0.2800,0.1400
2026-07-03,14:39:56,4942215,0.0034,-0.0210,-0.9623,1.1900,-0.4900,0.2100
2026-07-03,14:39:56,4942315,0.0044,-0.0176,-0.9560,1.2600,-0.6300,0.1400
2026-07-03,14:39:56,4942415,0.0093,-0.0220,-0.9555,1.
1900,-0.4900,0.2100
2026-07-03,14:39:57,4942515,0.0054,-0.0185,-0.9618,1.2600,-0.3500,0.1400
2026-07-03,14:39:57,4942615,0.0039,-0.0205,-0.9594,1.1900,-0.5600,0.1400
2026-07-03,14:39:57,4942715,0.0029,-0.0205,-0.9589,1.1900,-0.6300,0.2100
2
026-07-03,14:39:57,4942820,0.0049,-0.0210,-0.9550,1.2600,-0.5600,0.2100
2026-07-03,14:39:57,4942915,0.0054,-0.0132,-0.9487,1.2600,-0.6300,0.2100
2026-07-03,14:39:57,4943015,0.0049,-0.0273,-0.9526,1.1200,-0.5600,0.2100
2026-07-03,14:39:57,494
3115,0.0015,-0.0220,-0.9604,1.1900,-0.6300,0.2100
2026-07-03,14:39:57,4943215,0.0117,-0.0215,-0.9931,1.4000,-0.7000,0.0700
2026-07-03,14:39:57,4943315,0.0127,-0.0239,-0.9648,1.1200,-0.7000,0.0700
2026-07-03,14:39:57,4943415,0.0073,-0.0259,-0
.9618,1.2600,-0.5600,0.0700
2026-07-03,14:39:58,4943520,0.0034,-0.0234,-0.9614,1.1900,-0.7000,0.1400
2026-07-03,14:39:58,4943615,0.0039,-0.0137,-0.9609,1.4000,-0.2800,0.1400
2026-07-03,14:39:58,4943715,0.0068,-0.0220,-0.9575,1.2600,-0.6300,0
.1400
2026-07-03,14:39:58,4943815,0.0083,-0.0181,-0.9536,1.3300,-0.4900,0.1400
2026-07-03,14:39:58,4943915,0.0020,-0.0210,-0.9614,1.2600,-0.4900,0.1400
2026-07-03,14:39:58,4944015,-0.0020,-0.0166,-0.9604,1.3300,-0.2100,0.2100
2026-07-03,14:
39:58,4944115,0.0010,-0.0268,-0.9628,1.1900,-0.5600,0.2100
2026-07-03,14:39:58,4944215,0.0024,-0.0200,-0.9545,1.2600,-0.4900,0.2100
2026-07-03,14:39:58,4944315,0.0029,-0.0200,-0.9565,1.2600,-0.4900,0.1400
2026-07-03,14:39:58,4944415,0.0020,-
0.0234,-0.9536,1.2600,-0.6300,0.2100
2026-07-03,14:39:59,4944515,0.0020,-0.0215,-0.9560,1.1900,-0.5600,0.1400
2026-07-03,14:39:59,4944615,0.0059,-0.0215,-0.9555,1.1900,-0.6300,0.1400
2026-07-03,14:39:59,4944715,0.0054,-0.0210,-0.9555,1.1200,
-0.4900,0.2100
2026-07-03,14:39:59,4944815,0.0059,-0.0176,-0.9550,1.2600,-0.6300,0.2100
2026-07-03,14:39:59,4944915,0.0044,-0.0210,-0.9550,1.2600,-0.5600,0.2100
2026-07-03,14:39:59,4945015,0.0039,-0.0200,-0.9472,1.2600,-0.6300,0.1400
2026-0
7-03,14:39:59,4945119,0.0044,-0.0210,-0.9560,1.2600,-0.5600,0.2100
2026-07-03,14:39:59,4945215,0.0039,-0.0205,-0.9570,1.2600,-0.5600,0.2100
2026-07-03,14:39:59,4945315,0.0029,-0.0200,-0.9560,1.2600,-0.4900,0.0700
2026-07-03,14:39:59,4945415,
0.0044,-0.0210,-0.9550,1.2600,-0.4900,0.1400
2026-07-03,14:40:00,4945515,0.0049,-0.0205,-0.9540,1.1900,-0.4900,0.1400
2026-07-03,14:40:00,4945615,0.0020,-0.0220,-0.9589,1.2600,-0.4900,0.1400
2026-07-03,14:40:00,4945715,0.0034,-0.0239,-0.9536
,1.1200,-0.4900,0.1400
2026-07-03,14:40:00,4945815,0.0102,-0.0264,-0.9545,1.2600,-0.5600,0.2100
2026-07-03,14:40:00,4945915,0.0068,-0.0264,-0.9501,1.0500,-0.5600,0.1400
2026-07-03,14:40:00,4946015,0.0132,-0.0156,-0.9643,1.3300,-0.6300,0.0700
2026-07-03,14:40:00,4946115,0.0068,-0.0195,-0.9521,1.2600,-0.7000,0.1400
2026-07-03,14:40:00,4946215,0.0117,-0.0156,-0.9501,1.2600,-0.7700,0.2100
2026-07-03,14:40:00,4946315,0.0093,-0.0239,-0.9570,1.1900,-0.4900,0.1400
2026-07-03,14:40:00,
4946415,0.0088,-0.0151,-0.9555,1.1900,-0.6300,0.1400
2026-07-03,14:40:01,4946515,-0.0020,-0.0127,-0.9584,1.2600,-0.4900,0.2800
2026-07-03,14:40:01,4946615,0.0034,-0.0220,-0.9565,1.2600,-0.4900,0.1400
2026-07-03,14:40:01,4946715,0.0015,-0.020
0,-0.9472,1.2600,-0.6300,0.2100
2026-07-03,14:40:01,4946815,0.0010,-0.0244,-0.9599,1.3300,-0.4200,0.1400
2026-07-03,14:40:01,4946915,0.0029,-0.0151,-0.9545,1.3300,-0.6300,0.2100
2026-07-03,14:40:01,4947015,0.0083,-0.0210,-0.9521,1.3300,-0.56
00,0.1400
2026-07-03,14:40:01,4947115,0.0024,-0.0195,-0.9565,1.3300,-0.4200,0.1400
2026-07-03,14:40:01,4947215,0.0093,-0.0185,-0.9575,1.2600,-0.5600,0.2800
2026-07-03,14:40:01,4947315,0.0093,-0.0215,-0.9565,1.2600,-0.5600,0.1400
2026-07-03,
14:40:01,4947415,0.0063,-0.0205,-0.9575,1.2600,-0.4900,0.2800
2026-07-03,14:40:02,4947515,0.0054,-0.0181,-0.9565,1.2600,-0.4200,0.2100
2026-07-03,14:40:02,4947615,0.0073,-0.0205,-0.9560,1.2600,-0.6300,0.1400
2026-07-03,14:40:02,4947715,0.006
3,-0.0181,-0.9545,1.1200,-0.6300,0.2100
2026-07-03,14:40:02,4947815,0.0015,-0.0181,-0.9545,1.3300,-0.6300,0.1400
2026-07-03,14:40:02,4947915,0.0059,-0.0210,-0.9555,1.1900,-0.6300,0.1400
2026-07-03,14:40:02,4948015,0.0073,-0.0088,-0.9492,1.19
00,-0.5600,0.1400
2026-07-03,14:40:02,4948115,0.0044,-0.0220,-0.9575,1.2600,-0.5600,0.1400
2026-07-03,14:40:02,4948215,0.0059,-0.0195,-0.9550,1.1200,-0.5600,0.2100
2026-07-03,14:40:02,4948315,0.0063,-0.0210,-0.9550,1.2600,-0.5600,0.1400
202
6-07-03,14:40:02,4948415,0.0054,-0.0200,-0.9536,1.2600,-0.4200,0.2100
2026-07-03,14:40:03,4948515,0.0034,-0.0215,-0.9540,1.2600,-0.5600,0.1400
2026-07-03,14:40:03,4948615,0.0054,-0.0195,-0.9545,1.2600,-0.4900,0.2100
2026-07-03,14:40:03,49487
15,0.0029,-0.0171,-0.9565,1.3300,-0.5600,0.1400
2026-07-03,14:40:03,4948815,0.0024,-0.0200,-0.9536,1.1900,-0.5600,0.1400
2026-07-03,14:40:03,4948915,0.0015,-0.0166,-0.9536,1.2600,-0.4200,0.0700
2026-07-03,14:40:03,4949015,0.0068,-0.0215,-0.9
521,1.1900,-0.4900,0.2100
2026-07-03,14:40:03,4949115,0.0088,-0.0200,-0.9531,1.2600,-0.4900,0.1400
2026-07-03,14:40:03,4949215,0.0063,-0.0190,-0.9584,1.2600,-0.4900,0.1400
2026-07-03,14:40:03,4949315,0.0044,-0.0185,-0.9521,1.1900,-0.5600,0.1
400
2026-07-03,14:40:03,4949415,0.0059,-0.0210,-0.9560,1.1200,-0.7000,0.0700
2026-07-03,14:40:04,4949515,0.0068,-0.0200,-0.9545,1.2600,-0.5600,0.0700
2026-07-03,14:40:04,4949615,0.0059,-0.0220,-0.9540,1.2600,-0.6300,0.2100
2026-07-03,14:40:
04,4949715,0.0054,-0.0215,-0.9555,1.2600,-0.6300,0.1400
2026-07-03,14:40:04,4949815,0.0059,-0.0205,-0.9555,1.1900,-0.5600,0.0700
2026-07-03,14:40:04,4949915,0.0044,-0.0215,-0.9555,1.1900,-0.4900,0.0700
2026-07-03,14:40:04,4950015,0.0044,-0.0
200,-0.9565,1.3300,-0.6300,0.1400
2026-07-03,14:40:04,4950119,0.0063,-0.0215,-0.9545,1.2600,-0.5600,0.1400
2026-07-03,14:40:04,4950215,0.0054,-0.0195,-0.9540,1.1900,-0.4900,0.1400
2026-07-03,14:40:04,4950315,0.0034,-0.0190,-0.9545,1.3300,-0.
4200,0.2100
2026-07-03,14:40:04,4950420,0.0073,-0.0210,-0.9550,1.3300,-0.6300,0.1400
2026-07-03,14:40:05,4950515,0.0044,-0.0210,-0.9579,0.9800,-0.6300,0.1400
2026-07-03,14:40:05,4950615,0.0093,-0.0210,-0.9492,1.1900,-0.4900,0.1400
2026-07-0
3,14:40:05,4950715,0.0039,-0.0215,-0.9555,1.2600,-0.5600,0.0700
2026-07-03,14:40:05,4950815,0.0044,-0.0239,-0.9672,1.3300,-0.6300,0.1400
2026-07-03,14:40:05,4950915,0.0029,-0.0210,-0.9536,1.1900,-0.4900,0.2100
2026-07-03,14:40:05,4951015,0.0
034,-0.0239,-0.9565,1.2600,-0.4200,0.1400
2026-07-03,14:40:05,4951121,0.0059,-0.0205,-0.9536,1.2600,-0.5600,0.1400
2026-07-03,14:40:05,4951215,0.0044,-0.0200,-0.9545,1.2600,-0.5600,0.1400
2026-07-03,14:40:05,4951315,0.0010,-0.0205,-0.9545,1.
2600,-0.5600,0.2100
2026-07-03,14:40:05,4951415,0.0068,-0.0205,-0.9545,1.2600,-0.5600,0.1400
2026-07-03,14:40:06,4951515,0.0054,-0.0210,-0.9540,1.2600,-0.4900,0.2100
2026-07-03,14:40:06,4951615,0.0039,-0.0224,-0.9614,1.1200,-0.7700,0.1400
2
026-07-03,14:40:06,4951715,0.0073,-0.0176,-0.9531,1.1200,-0.8400,0.0700
2026-07-03,14:40:06,4951821,0.0063,-0.0210,-0.9599,1.1200,-0.4900,0.2100
2026-07-03,14:40:06,4951915,0.0093,-0.0181,-0.9594,1.1900,-0.8400,0.2100
2026-07-03,14:40:06,495
2015,0.0049,-0.0190,-0.9404,1.3300,-0.2100,0.0700
2026-07-03,14:40:06,4952115,0.0137,-0.0229,-0.9697,1.1900,-0.7700,0.1400
2026-07-03,14:40:06,4952215,0.0088,-0.0156,-0.9531,1.4000,-0.5600,0.0700
2026-07-03,14:40:06,4952315,0.0073,-0.0224,-0
.9555,1.2600,-0.5600,0.2100
2026-07-03,14:40:06,4952415,0.0054,-0.0195,-0.9550,1.1900,-0.5600,0.2100
2026-07-03,14:40:07,4952521,0.0054,-0.0205,-0.9555,1.2600,-0.5600,0.1400
2026-07-03,14:40:07,4952615,0.0044,-0.0210,-0.9579,1.2600,-0.6300,0
.1400
2026-07-03,14:40:07,4952715,0.0063,-0.0210,-0.9589,1.2600,-0.6300,0.1400
2026-07-03,14:40:07,4952815,0.0034,-0.0210,-0.9575,1.2600,-0.6300,0.1400
2026-07-03,14:40:07,4952915,0.0073,-0.0210,-0.9570,1.1900,-0.6300,0.2100
2026-07-03,14:4
0:07,4953015,0.0059,-0.0205,-0.9550,1.2600,-0.4900,0.2100
2026-07-03,14:40:07,4953115,0.0039,-0.0234,-0.9540,1.2600,-0.5600,0.2100
2026-07-03,14:40:07,4953215,0.0049,-0.0205,-0.9550,1.1200,-0.4900,0.1400
2026-07-03,14:40:07,4953315,0.0059,-0
.0210,-0.9560,1.1900,-0.5600,0.1400
2026-07-03,14:40:07,4953415,0.0049,-0.0181,-0.9545,1.3300,-0.4200,0.1400
2026-07-03,14:40:08,4953515,0.0029,-0.0224,-0.9540,1.1900,-0.4900,0.1400
2026-07-03,14:40:08,4953615,0.0015,-0.0166,-0.9501,1.1900,-
0.4900,0.2800
2026-07-03,14:40:08,4953715,0.0059,-0.0161,-0.9540,1.1900,-0.4900,0.0700
2026-07-03,14:40:08,4953815,0.0020,-0.0224,-0.9550,1.2600,-0.6300,0.2100
2026-07-03,14:40:08,4953915,0.0093,-0.0210,-0.9555,1.1900,-0.4900,0.2100
2026-07
-03,14:40:08,4954015,0.0054,-0.0195,-0.9594,1.2600,-0.5600,0.1400
2026-07-03,14:40:08,4954115,0.0054,-0.0185,-0.9536,1.2600,-0.4900,0.0700
2026-07-03,14:40:08,4954215,0.0039,-0.0224,-0.9545,1.1900,-0.5600,0.2100
2026-07-03,14:40:08,4954315,0
.0063,-0.0244,-0.9536,1.2600,-0.5600,0.1400
2026-07-03,14:40:08,4954415,0.0039,-0.0220,-0.9545,1.2600,-0.4900,0.2800
2026-07-03,14:40:09,4954515,0.0029,-0.0205,-0.9560,1.2600,-0.6300,0.0700
2026-07-03,14:40:09,4954615,0.0044,-0.0215,-0.9545,
1.1900,-0.7700,0.2100
2026-07-03,14:40:09,4954715,0.0054,-0.0200,-0.9531,1.3300,-0.4900,0.2100
2026-07-03,14:40:09,4954815,0.0068,-0.0205,-0.9560,1.1900,-0.6300,0.0700
2026-07-03,14:40:09,4954915,0.0024,-0.0224,-0.9560,1.1900,-0.5600,0.1400
2026-07-03,14:40:09,4955015,0.0068,-0.0176,-0.9570,1.1900,-0.4900,0.1400
2026-07-03,14:40:09,4955119,0.0044,-0.0205,-0.9545,1.1900,-0.6300,0.1400
2026-07-03,14:40:09,4955215,0.0078,-0.0215,-0.9609,1.1900,-0.6300,0.2100
2026-07-03,14:40:09,4
955315,0.0171,-0.0327,-0.9565,0.9800,-0.7700,0.1400
2026-07-03,14:40:09,4955415,0.0005,-0.0063,-0.9516,1.2600,-0.4200,0.0700
2026-07-03,14:40:10,4955515,0.0044,-0.0220,-0.9575,1.1900,-0.6300,0.1400
2026-07-03,14:40:10,4955615,0.0063,-0.0181,
-0.9516,1.1900,-0.4200,0.2100
2026-07-03,14:40:10,4955715,0.0039,-0.0205,-0.9604,1.2600,-0.6300,0.1400
2026-07-03,14:40:10,4955815,0.0054,-0.0215,-0.9545,1.2600,-0.6300,0.2100
2026-07-03,14:40:10,4955915,0.0015,-0.0185,-0.9545,1.1900,-0.5600
,0.1400
2026-07-03,14:40:10,4956015,0.0029,-0.0210,-0.9575,1.1200,-0.5600,0.1400
2026-07-03,14:40:10,4956115,0.0034,-0.0181,-0.9555,1.2600,-0.6300,0.1400
2026-07-03,14:40:10,4956215,0.0078,-0.0278,-0.9448,1.1200,-0.5600,0.1400
2026-07-03,14
:40:10,4956315,0.0029,-0.0161,-0.9584,1.1900,-0.5600,0.1400
2026-07-03,14:40:10,4956415,0.0049,-0.0181,-0.9584,1.2600,-0.6300,0.0700
2026-07-03,14:40:11,4956515,0.0054,-0.0210,-0.9526,1.1200,-0.5600,0.2100
2026-07-03,14:40:11,4956615,0.0049,
-0.0200,-0.9575,1.2600,-0.4200,0.1400
2026-07-03,14:40:11,4956715,0.0029,-0.0220,-0.9560,1.1900,-0.5600,0.2100
2026-07-03,14:40:11,4956815,0.0044,-0.0185,-0.9516,1.0500,-0.5600,0.2100
2026-07-03,14:40:11,4956915,0.0044,-0.0220,-0.9575,1.1200
,-0.5600,0.0700
2026-07-03,14:40:11,4957015,0.0029,-0.0205,-0.9516,1.1900,-0.5600,0.1400
2026-07-03,14:40:11,4957115,0.0059,-0.0171,-0.9584,1.2600,-0.5600,0.1400
2026-07-03,14:40:11,4957215,0.0078,-0.0224,-0.9501,1.2600,-0.5600,0.2100
2026-
07-03,14:40:11,4957315,0.0044,-0.0190,-0.9550,1.1900,-0.5600,0.2100
2026-07-03,14:40:11,4957415,0.0049,-0.0215,-0.9589,1.1200,-0.5600,0.1400
2026-07-03,14:40:12,4957515,0.0005,-0.0220,-0.9536,1.1900,-0.7000,0.2100
2026-07-03,14:40:12,4957615
,0.0010,-0.0234,-0.9531,1.1900,-0.4900,0.2100
2026-07-03,14:40:12,4957715,0.0029,-0.0200,-0.9536,1.1900,-0.4900,0.1400
2026-07-03,14:40:12,4957815,0.0034,-0.0176,-0.9575,1.3300,-0.8400,0.2100
2026-07-03,14:40:12,4957915,0.0034,-0.0229,-0.954
0,1.2600,-0.4900,0.0700
2026-07-03,14:40:12,4958015,0.0024,-0.0200,-0.9550,1.1200,-0.4900,0.2100
2026-07-03,14:40:12,4958115,0.0020,-0.0215,-0.9536,1.3300,-0.4200,0.2100
2026-07-03,14:40:12,4958215,0.0020,-0.0244,-0.9575,1.1900,-0.4900,0.140
0
2026-07-03,14:40:12,4958315,-0.0020,-0.0171,-0.9550,1.1900,-0.5600,0.0700
2026-07-03,14:40:12,4958415,0.0054,-0.0249,-0.9579,1.2600,-0.7700,0.2800
2026-07-03,14:40:13,4958515,0.0073,-0.0176,-0.9545,1.1900,-0.5600,0.2100
2026-07-03,14:40:1
3,4958615,0.0049,-0.0195,-0.9560,1.2600,-0.4900,0.1400
2026-07-03,14:40:13,4958720,0.0068,-0.0205,-0.9604,1.1900,-0.7000,0.1400
2026-07-03,14:40:13,4958815,0.0049,-0.0161,-0.9531,1.2600,-0.6300,0.1400
2026-07-03,14:40:13,4958915,0.0059,-0.02
05,-0.9550,1.2600,-0.4900,0.1400
2026-07-03,14:40:13,4959015,0.0044,-0.0200,-0.9550,1.1900,-0.5600,0.1400
2026-07-03,14:40:13,4959115,0.0044,-0.0185,-0.9560,1.2600,-0.5600,0.0700
2026-07-03,14:40:13,4959215,0.0049,-0.0185,-0.9550,1.2600,-0.5
600,0.1400
2026-07-03,14:40:13,4959315,0.0044,-0.0195,-0.9550,1.1200,-0.4900,0.2100
2026-07-03,14:40:13,4959419,0.0049,-0.0195,-0.9555,1.2600,-0.4900,0.2100
2026-07-03,14:40:14,4959515,0.0044,-0.0185,-0.9560,1.1900,-0.4900,0.2100
2026-07-03
,14:40:14,4959615,0.0044,-0.0200,-0.9540,1.1900,-0.6300,0.0700
2026-07-03,14:40:14,4959715,0.0034,-0.0200,-0.9545,1.3300,-0.5600,0.1400
2026-07-03,14:40:14,4959815,0.0054,-0.0200,-0.9531,1.1900,-0.4900,0.0700
2026-07-03,14:40:14,4959915,0.00
49,-0.0220,-0.9540,1.1900,-0.3500,0.1400
2026-07-03,14:40:14,4960015,0.0044,-0.0215,-0.9555,1.2600,-0.5600,0.2100
2026-07-03,14:40:14,4960121,0.0044,-0.0210,-0.9531,1.1900,-0.6300,0.0700
2026-07-03,14:40:14,4960215,0.0044,-0.0195,-0.9604,1.3
300,-0.4900,0.0700
2026-07-03,14:40:14,4960315,0.0049,-0.0210,-0.9555,1.2600,-0.4900,0.2100
2026-07-03,14:40:14,4960415,0.0044,-0.0185,-0.9555,1.1900,-0.6300,0.2100
2026-07-03,14:40:15,4960515,0.0059,-0.0205,-0.9560,1.2600,-0.4900,0.1400
20
26-07-03,14:40:15,4960615,0.0068,-0.0185,-0.9565,1.1900,-0.5600,0.1400
2026-07-03,14:40:15,4960715,0.0054,-0.0220,-0.9540,1.1900,-0.4900,0.1400
2026-07-03,14:40:15,4960821,0.0054,-0.0195,-0.9536,1.1900,-0.5600,0.1400
2026-07-03,14:40:15,4960
915,0.0034,-0.0190,-0.9560,1.1900,-0.5600,0.1400
2026-07-03,14:40:15,4961015,0.0029,-0.0181,-0.9555,1.2600,-0.4900,0.2100
2026-07-03,14:40:15,4961115,0.0049,-0.0195,-0.9545,1.1900,-0.4900,0.1400
2026-07-03,14:40:15,4961215,0.0059,-0.0210,-0.
9560,1.3300,-0.5600,0.1400
2026-07-03,14:40:15,4961315,0.0034,-0.0195,-0.9550,1.1900,-0.5600,0.1400
2026-07-03,14:40:15,4961415,0.0044,-0.0200,-0.9545,1.2600,-0.5600,0.1400
2026-07-03,14:40:16,4961515,0.0054,-0.0176,-0.9545,1.2600,-0.5600,0.
1400
2026-07-03,14:40:16,4961615,0.0073,-0.0224,-0.9609,1.1200,-0.6300,0.1400
2026-07-03,14:40:16,4961715,0.0024,-0.0200,-0.9492,1.2600,-0.6300,0.2100
2026-07-03,14:40:16,4961815,0.0029,-0.0190,-0.9560,1.1900,-0.5600,0.0700
2026-07-03,14:40
:16,4961915,0.0049,-0.0190,-0.9550,1.1900,-0.6300,0.1400
2026-07-03,14:40:16,4962015,0.0024,-0.0190,-0.9555,1.1900,-0.4900,0.2100
2026-07-03,14:40:16,4962115,0.0049,-0.0215,-0.9550,1.1200,-0.4900,0.2100
2026-07-03,14:40:16,4962215,0.0039,-0.
0190,-0.9560,1.2600,-0.7000,0.1400
2026-07-03,14:40:16,4962315,0.0029,-0.0195,-0.9550,1.2600,-0.5600,0.1400
2026-07-03,14:40:16,4962415,0.0044,-0.0205,-0.9540,1.2600,-0.5600,0.1400
2026-07-03,14:40:17,4962515,0.0029,-0.0215,-0.9560,1.1900,-0
.5600,0.1400
2026-07-03,14:40:17,4962615,0.0034,-0.0185,-0.9570,1.1900,-0.5600,0.1400
2026-07-03,14:40:17,4962715,0.0029,-0.0215,-0.9550,1.3300,-0.5600,0.1400
2026-07-03,14:40:17,4962815,0.0034,-0.0185,-0.9560,1.2600,-0.5600,0.1400
2026-07-
03,14:40:17,4962915,0.0044,-0.0205,-0.9540,1.1200,-0.5600,0.2100
2026-07-03,14:40:17,4963015,0.0029,-0.0210,-0.9536,1.2600,-0.4900,0.1400
2026-07-03,14:40:17,4963115,0.0020,-0.0176,-0.9565,1.1900,-0.5600,0.0700
2026-07-03,14:40:17,4963215,0.
0034,-0.0185,-0.9540,1.1900,-0.5600,0.2100
2026-07-03,14:40:17,4963315,0.0049,-0.0205,-0.9565,1.1900,-0.5600,0.1400
2026-07-03,14:40:17,4963415,0.0024,-0.0181,-0.9565,1.2600,-0.4900,0.1400
2026-07-03,14:40:18,4963515,0.0039,-0.0200,-0.9545,1
.1900,-0.4900,0.0700
2026-07-03,14:40:18,4963615,0.0044,-0.0234,-0.9526,1.1900,-0.5600,0.1400
2026-07-03,14:40:18,4963715,0.0044,-0.0200,-0.9560,1.2600,-0.5600,0.1400
2026-07-03,14:40:18,4963815,0.0034,-0.0205,-0.9555,1.1900,-0.6300,0.1400
2026-07-03,14:40:18,4963915,0.0034,-0.0220,-0.9575,1.2600,-0.4900,0.1400
2026-07-03,14:40:18,4964015,0.0059,-0.0205,-0.9560,1.1900,-0.5600,0.2800
2026-07-03,14:40:18,4964115,0.0024,-0.0181,-0.9570,1.2600,-0.5600,0.0700
2026-07-03,14:40:18,49
64215,0.0044,-0.0185,-0.9545,1.2600,-0.5600,0.1400
2026-07-03,14:40:18,4964315,0.0054,-0.0210,-0.9565,1.1900,-0.6300,0.1400
2026-07-03,14:40:18,4964415,0.0049,-0.0195,-0.9560,1.1900,-0.5600,0.0700
2026-07-03,14:40:19,4964515,0.0034,-0.0205,-
0.9565,1.2600,-0.5600,0.2100
2026-07-03,14:40:19,4964615,0.0054,-0.0205,-0.9540,1.2600,-0.6300,0.0700
2026-07-03,14:40:19,4964715,0.0020,-0.0176,-0.9545,1.3300,-0.5600,0.2100
2026-07-03,14:40:19,4964815,0.0034,-0.0200,-0.9545,1.1200,-0.5600,
0.1400
2026-07-03,14:40:19,4964915,0.0049,-0.0195,-0.9555,1.2600,-0.4200,0.1400
2026-07-03,14:40:19,4965015,0.0034,-0.0185,-0.9545,1.1900,-0.6300,0.1400
2026-07-03,14:40:19,4965119,0.0039,-0.0215,-0.9545,1.2600,-0.5600,0.1400
2026-07-03,14:
40:19,4965215,0.0049,-0.0195,-0.9575,1.1900,-0.6300,0.1400
2026-07-03,14:40:19,4965315,0.0015,-0.0205,-0.9579,1.1900,-0.4900,0.0700
2026-07-03,14:40:19,4965415,0.0044,-0.0210,-0.9550,1.2600,-0.5600,0.1400
2026-07-03,14:40:20,4965515,0.0024,-
0.0195,-0.9545,1.3300,-0.7000,0.1400
2026-07-03,14:40:20,4965615,0.0044,-0.0195,-0.9550,1.2600,-0.4900,0.2100
2026-07-03,14:40:20,4965715,0.0049,-0.0190,-0.9550,1.2600,-0.4900,0.1400
2026-07-03,14:40:20,4965815,0.0049,-0.0210,-0.9540,1.1900,
-0.4900,0.1400
2026-07-03,14:40:20,4965915,0.0059,-0.0195,-0.9540,1.1200,-0.5600,0.1400
2026-07-03,14:40:20,4966015,0.0024,-0.0185,-0.9555,1.2600,-0.5600,0.2100
2026-07-03,14:40:20,4966115,0.0063,-0.0181,-0.9550,1.2600,-0.4900,0.1400
2026-0
7-03,14:40:20,4966215,0.0034,-0.0195,-0.9540,1.2600,-0.4900,0.1400
2026-07-03,14:40:20,4966315,0.0063,-0.0185,-0.9540,1.2600,-0.5600,0.1400
2026-07-03,14:40:20,4966415,0.0059,-0.0190,-0.9545,1.1200,-0.5600,0.1400
2026-07-03,14:40:21,4966515,
0.0059,-0.0190,-0.9570,1.1200,-0.6300,0.2100
2026-07-03,14:40:21,4966615,0.0034,-0.0181,-0.9545,1.2600,-0.5600,0.1400
2026-07-03,14:40:21,4966715,0.0039,-0.0190,-0.9555,1.1900,-0.6300,0.1400
2026-07-03,14:40:21,4966815,0.0049,-0.0205,-0.9550
,1.2600,-0.4200,0.2100
2026-07-03,14:40:21,4966915,0.0044,-0.0205,-0.9560,1.1900,-0.4900,0.2100
2026-07-03,14:40:21,4967015,0.0039,-0.0190,-0.9550,1.2600,-0.5600,0.1400
2026-07-03,14:40:21,4967115,0.0039,-0.0200,-0.9540,1.1900,-0.5600,0.2100
2026-07-03,14:40:21,4967215,0.0034,-0.0171,-0.9536,1.3300,-0.5600,0.2100
2026-07-03,14:40:21,4967315,0.0024,-0.0185,-0.9540,1.2600,-0.5600,0.0700
2026-07-03,14:40:21,4967415,0.0029,-0.0171,-0.9555,1.2600,-0.6300,0.1400
2026-07-03,14:40:22,
4967515,0.0049,-0.0210,-0.9536,1.3300,-0.4900,0.1400
2026-07-03,14:40:22,4967615,0.0054,-0.0190,-0.9536,1.1900,-0.4900,0.1400
2026-07-03,14:40:22,4967720,0.0024,-0.0200,-0.9565,1.2600,-0.6300,0.1400
2026-07-03,14:40:22,4967815,0.0034,-0.0195
,-0.9570,1.2600,-0.4200,0.1400
2026-07-03,14:40:22,4967915,0.0020,-0.0181,-0.9550,1.2600,-0.4900,0.1400
2026-07-03,14:40:22,4968015,0.0049,-0.0190,-0.9579,1.1900,-0.6300,0.1400
2026-07-03,14:40:22,4968115,0.0015,-0.0190,-0.9570,1.1900,-0.560
0,0.1400
2026-07-03,14:40:22,4968215,0.0049,-0.0185,-0.9540,1.2600,-0.5600,0.0700
2026-07-03,14:40:22,4968315,0.0049,-0.0176,-0.9570,1.2600,-0.4200,0.1400
2026-07-03,14:40:22,4968419,0.0068,-0.0195,-0.9545,1.3300,-0.4200,0.0700
2026-07-03,1
4:40:23,4968515,0.0029,-0.0215,-0.9536,1.3300,-0.4200,0.0700
2026-07-03,14:40:23,4968615,0.0024,-0.0200,-0.9545,1.2600,-0.4900,0.2100
2026-07-03,14:40:23,4968715,0.0044,-0.0205,-0.9555,1.2600,-0.5600,0.1400
2026-07-03,14:40:23,4968815,0.0063
,-0.0205,-0.9545,1.2600,-0.6300,0.2100
2026-07-03,14:40:23,4968915,0.0054,-0.0200,-0.9545,1.1900,-0.4900,0.1400
2026-07-03,14:40:23,4969015,0.0049,-0.0210,-0.9555,1.3300,-0.3500,0.1400
2026-07-03,14:40:23,4969120,0.0049,-0.0215,-0.9570,1.190
0,-0.5600,0.1400
2026-07-03,14:40:23,4969215,0.0059,-0.0210,-0.9570,1.2600,-0.5600,0.2100
2026-07-03,14:40:23,4969315,0.0034,-0.0171,-0.9545,1.1900,-0.6300,0.1400
2026-07-03,14:40:23,4969415,0.0073,-0.0156,-0.9599,1.1900,-0.7000,0.2100
2026
-07-03,14:40:24,4969515,0.0142,-0.0190,-0.9599,1.1900,-0.5600,0.1400
2026-07-03,14:40:24,4969615,0.0112,-0.0195,-0.9594,1.1900,-0.7000,0.0700
2026-07-03,14:40:24,4969715,0.0083,-0.0156,-0.9531,1.2600,-0.7000,0.2100
2026-07-03,14:40:24,496981
5,0.0063,-0.0190,-0.9516,1.1200,-0.8400,0.2100
2026-07-03,14:40:24,4969915,0.0254,-0.0386,-0.9765,0.6300,-1.2600,0.0700
2026-07-03,14:40:24,4970015,-0.0068,-0.0015,-0.9453,1.3300,-0.4200,0.0700
2026-07-03,14:40:24,4970119,0.0015,-0.0307,-0.9
496,1.1900,-0.6300,0.1400
2026-07-03,14:40:24,4970215,0.0005,-0.0146,-0.9521,1.1900,-0.5600,0.2800
2026-07-03,14:40:24,4970315,0.0078,-0.0195,-0.9604,1.2600,-0.6300,0.1400
2026-07-03,14:40:24,4970415,0.0044,-0.0215,-0.9575,1.2600,-0.5600,0.2
100
2026-07-03,14:40:25,4970515,-0.0010,-0.0195,-0.9536,1.2600,-0.6300,0.0700
2026-07-03,14:40:25,4970615,0.0029,-0.0200,-0.9565,1.3300,-0.5600,0.2100
2026-07-03,14:40:25,4970715,0.0015,-0.0200,-0.9540,1.2600,-0.4900,0.1400
2026-07-03,14:40
:25,4970815,0.0049,-0.0210,-0.9550,1.1900,-0.6300,0.1400
2026-07-03,14:40:25,4970915,0.0029,-0.0176,-0.9555,1.2600,-0.5600,0.2100
2026-07-03,14:40:25,4971015,0.0039,-0.0205,-0.9545,1.2600,-0.4900,0.1400
2026-07-03,14:40:25,4971115,0.0034,-0.
0215,-0.9555,1.1900,-0.5600,0.1400
2026-07-03,14:40:25,4971215,0.0034,-0.0200,-0.9545,1.2600,-0.6300,0.0700
2026-07-03,14:40:25,4971315,0.0049,-0.0195,-0.9545,1.2600,-0.6300,0.1400
2026-07-03,14:40:25,4971415,0.0024,-0.0195,-0.9575,1.2600,-0
.4900,0.1400
2026-07-03,14:40:26,4971515,0.0034,-0.0190,-0.9565,1.2600,-0.4900,0.1400
2026-07-03,14:40:26,4971615,0.0044,-0.0195,-0.9545,1.3300,-0.6300,0.1400
2026-07-03,14:40:26,4971715,0.0049,-0.0190,-0.9550,1.2600,-0.5600,0.1400
2026-07-
03,14:40:26,4971815,0.0034,-0.0195,-0.9545,1.2600,-0.5600,0.2100
2026-07-03,14:40:26,4971915,0.0024,-0.0181,-0.9560,1.1900,-0.4900,0.1400
2026-07-03,14:40:26,4972015,0.0029,-0.0215,-0.9560,1.2600,-0.6300,0.2100
2026-07-03,14:40:26,4972115,0.
0029,-0.0210,-0.9550,1.2600,-0.4200,0.1400
2026-07-03,14:40:26,4972215,0.0039,-0.0215,-0.9565,1.2600,-0.4900,0.2100
2026-07-03,14:40:26,4972315,0.0020,-0.0190,-0.9545,1.1200,-0.5600,0.2100
2026-07-03,14:40:26,4972415,0.0044,-0.0215,-0.9555,1
.1900,-0.4900,0.2100
2026-07-03,14:40:27,4972515,0.0029,-0.0195,-0.9550,1.1900,-0.4900,0.1400
2026-07-03,14:40:27,4972615,0.0020,-0.0205,-0.9555,1.1900,-0.6300,0.0700
2026-07-03,14:40:27,4972715,0.0034,-0.0190,-0.9560,1.2600,-0.4900,0.0700
2026-07-03,14:40:27,4972815,0.0039,-0.0215,-0.9545,1.1900,-0.5600,0.1400
2026-07-03,14:40:27,4972915,0.0034,-0.0190,-0.9560,1.1900,-0.6300,0.1400
2026-07-03,14:40:27,4973015,0.0034,-0.0215,-0.9555,1.1900,-0.6300,0.2100
2026-07-03,14:40:27,49
73115,0.0039,-0.0205,-0.9540,1.2600,-0.5600,0.1400
2026-07-03,14:40:27,4973215,0.0024,-0.0181,-0.9560,1.2600,-0.5600,0.2100
2026-07-03,14:40:27,4973315,0.0024,-0.0185,-0.9555,1.2600,-0.5600,0.1400
2026-07-03,14:40:27,4973415,0.0044,-0.0205,-
0.9560,1.2600,-0.6300,0.1400
2026-07-03,14:40:28,4973515,0.0034,-0.0200,-0.9555,1.1900,-0.3500,0.1400
2026-07-03,14:40:28,4973615,0.0039,-0.0224,-0.9545,1.1900,-0.4900,0.1400
2026-07-03,14:40:28,4973715,0.0044,-0.0215,-0.9555,1.2600,-0.5600,
0.2100
2026-07-03,14:40:28,4973815,0.0044,-0.0215,-0.9560,1.2600,-0.6300,0.0700
2026-07-03,14:40:28,4973915,0.0005,-0.0190,-0.9550,1.2600,-0.4900,0.1400
2026-07-03,14:40:28,4974015,0.0039,-0.0205,-0.9550,1.2600,-0.6300,0.1400
2026-07-03,14:
40:28,4974115,0.0029,-0.0185,-0.9560,1.2600,-0.6300,0.2100
2026-07-03,14:40:28,4974215,0.0039,-0.0195,-0.9570,1.1900,-0.5600,0.1400
2026-07-03,14:40:28,4974315,0.0024,-0.0210,-0.9560,1.2600,-0.5600,0.1400
2026-07-03,14:40:28,4974415,0.0024,-
0.0210,-0.9555,1.2600,-0.4900,0.0700
2026-07-03,14:40:29,4974515,0.0010,-0.0205,-0.9560,1.1900,-0.5600,0.1400
2026-07-03,14:40:29,4974615,0.0029,-0.0190,-0.9550,1.2600,-0.4900,0.1400
2026-07-03,14:40:29,4974715,0.0020,-0.0210,-0.9565,1.2600,
-0.5600,0.2100
2026-07-03,14:40:29,4974815,0.0029,-0.0200,-0.9545,1.2600,-0.7000,0.1400
2026-07-03,14:40:29,4974915,0.0034,-0.0200,-0.9575,1.2600,-0.5600,0.2100
2026-07-03,14:40:29,4975015,0.0034,-0.0181,-0.9555,1.2600,-0.5600,0.1400
2026-0
7-03,14:40:29,4975119,0.0010,-0.0176,-0.9560,1.2600,-0.6300,0.1400
2026-07-03,14:40:29,4975215,0.0049,-0.0190,-0.9540,1.1200,-0.5600,0.1400
2026-07-03,14:40:29,4975315,0.0044,-0.0195,-0.9540,1.1900,-0.4900,0.2100
2026-07-03,14:40:29,4975415,
0.0015,-0.0195,-0.9560,1.2600,-0.4200,0.1400
2026-07-03,14:40:30,4975515,0.0024,-0.0210,-0.9545,1.1900,-0.5600,0.1400
2026-07-03,14:40:30,4975615,0.0044,-0.0195,-0.9565,1.2600,-0.4900,0.2100
2026-07-03,14:40:30,4975715,0.0005,-0.0181,-0.9540
,1.1900,-0.5600,0.0700
2026-07-03,14:40:30,4975815,0.0024,-0.0200,-0.9575,1.1900,-0.5600,0.1400
2026-07-03,14:40:30,4975915,0.0039,-0.0200,-0.9545,1.2600,-0.6300,0.1400
2026-07-03,14:40:30,4976020,0.0049,-0.0210,-0.9550,1.2600,-0.5600,0.1400
2026-07-03,14:40:30,4976115,0.0029,-0.0185,-0.9555,1.2600,-0.5600,0.1400
2026-07-03,14:40:30,4976215,0.0049,-0.0224,-0.9565,1.3300,-0.5600,0.2100
2026-07-03,14:40:30,4976315,0.0034,-0.0176,-0.9540,1.1900,-0.5600,0.1400
2026-07-03,14:40:30,
4976415,0.0049,-0.0205,-0.9560,1.1900,-0.5600,0.2100
2026-07-03,14:40:31,4976515,0.0039,-0.0205,-0.9565,1.2600,-0.6300,0.1400
2026-07-03,14:40:31,4976615,0.0024,-0.0215,-0.9584,1.2600,-0.6300,0.0700
2026-07-03,14:40:31,4976720,0.0020,-0.0205
,-0.9536,1.1900,-0.5600,0.2100
2026-07-03,14:40:31,4976815,0.0034,-0.0205,-0.9550,1.2600,-0.4900,0.2100
2026-07-03,14:40:31,4976915,0.0039,-0.0215,-0.9575,1.2600,-0.5600,0.1400
2026-07-03,14:40:31,4977015,0.0029,-0.0190,-0.9555,1.1900,-0.560
0,0.1400
2026-07-03,14:40:31,4977115,0.0029,-0.0205,-0.9560,1.2600,-0.3500,0.1400
2026-07-03,14:40:31,4977215,0.0039,-0.0224,-0.9540,1.1900,-0.4900,0.1400
2026-07-03,14:40:31,4977315,0.0029,-0.0190,-0.9545,1.2600,-0.6300,0.1400
2026-07-03,1
4:40:31,4977420,0.0049,-0.0210,-0.9555,1.2600,-0.4900,0.1400
2026-07-03,14:40:32,4977515,0.0029,-0.0171,-0.9545,1.2600,-0.4200,0.0700
2026-07-03,14:40:32,4977615,0.0044,-0.0224,-0.9565,1.1200,-0.5600,0.2100
2026-07-03,14:40:32,4977715,0.0029
,-0.0190,-0.9540,1.1900,-0.5600,0.1400
2026-07-03,14:40:32,4977815,0.0034,-0.0210,-0.9555,1.1900,-0.5600,0.2100
2026-07-03,14:40:32,4977915,0.0034,-0.0200,-0.9570,1.2600,-0.6300,0.0700
2026-07-03,14:40:32,4978015,0.0034,-0.0190,-0.9550,1.190
0,-0.4900,0.2100
2026-07-03,14:40:32,4978115,0.0039,-0.0200,-0.9565,1.1900,-0.6300,0.1400
2026-07-03,14:40:32,4978215,0.0039,-0.0200,-0.9550,1.2600,-0.4900,0.2800
2026-07-03,14:40:32,4978315,0.0034,-0.0181,-0.9540,1.1900,-0.6300,0.1400
2026
-07-03,14:40:32,4978415,0.0039,-0.0210,-0.9550,1.2600,-0.4900,0.1400
2026-07-03,14:40:33,4978515,0.0020,-0.0200,-0.9570,1.1900,-0.5600,0.1400
2026-07-03,14:40:33,4978615,0.0049,-0.0195,-0.9536,1.2600,-0.4900,0.2100
2026-07-03,14:40:33,497871
5,0.0054,-0.0205,-0.9575,1.2600,-0.4900,0.2100
2026-07-03,14:40:33,4978815,0.0010,-0.0210,-0.9560,1.1900,-0.4900,0.2100
2026-07-03,14:40:33,4978915,0.0034,-0.0200,-0.9555,1.2600,-0.5600,0.1400
2026-07-03,14:40:33,4979015,0.0024,-0.0200,-0.95
36,1.1900,-0.6300,0.1400
2026-07-03,14:40:33,4979115,0.0044,-0.0181,-0.9555,1.2600,-0.4900,0.2100
2026-07-03,14:40:33,4979215,0.0029,-0.0181,-0.9545,1.1200,-0.5600,0.2100
2026-07-03,14:40:33,4979315,0.0034,-0.0205,-0.9555,1.2600,-0.4200,0.14
00
2026-07-03,14:40:33,4979415,0.0049,-0.0195,-0.9550,1.2600,-0.5600,0.0700
2026-07-03,14:40:34,4979515,0.0034,-0.0220,-0.9540,1.1900,-0.7000,0.1400
2026-07-03,14:40:34,4979615,0.0010,-0.0190,-0.9555,1.1900,-0.5600,0.1400
2026-07-03,14:40:3
4,4979715,0.0029,-0.0195,-0.9560,1.1900,-0.6300,0.0700
2026-07-03,14:40:34,4979815,0.0044,-0.0200,-0.9526,1.1900,-0.5600,0.1400
2026-07-03,14:40:34,4979915,0.0020,-0.0215,-0.9550,1.1900,-0.5600,0.1400
2026-07-03,14:40:34,4980015,0.0015,-0.01
95,-0.9555,1.3300,-0.5600,0.0700
2026-07-03,14:40:34,4980119,0.0039,-0.0200,-0.9526,1.2600,-0.5600,0.0700
2026-07-03,14:40:34,4980215,0.0020,-0.0200,-0.9550,1.1900,-0.7000,0.2100
2026-07-03,14:40:34,4980315,0.0039,-0.0195,-0.9545,1.2600,-0.6
300,0.1400
2026-07-03,14:40:34,4980415,0.0044,-0.0185,-0.9570,1.1900,-0.5600,0.2100
2026-07-03,14:40:35,4980515,0.0044,-0.0171,-0.9545,1.2600,-0.6300,0.1400
2026-07-03,14:40:35,4980615,0.0034,-0.0205,-0.9555,1.2600,-0.6300,0.1400
2026-07-03
,14:40:35,4980715,0.0029,-0.0200,-0.9545,1.1900,-0.6300,0.1400
2026-07-03,14:40:35,4980815,0.0039,-0.0205,-0.9555,1.1200,-0.6300,0.1400
2026-07-03,14:40:35,4980915,0.0024,-0.0200,-0.9536,1.1900,-0.6300,0.1400
2026-07-03,14:40:35,4981015,0.00
59,-0.0190,-0.9555,1.2600,-0.4900,0.2100
2026-07-03,14:40:35,4981115,0.0029,-0.0185,-0.9560,1.2600,-0.5600,0.1400
2026-07-03,14:40:35,4981215,0.0029,-0.0210,-0.9555,1.2600,-0.6300,0.0700
2026-07-03,14:40:35,4981315,0.0044,-0.0205,-0.9540,1.1
900,-0.5600,0.2100
2026-07-03,14:40:35,4981415,0.0020,-0.0185,-0.9536,1.2600,-0.4900,0.1400
2026-07-03,14:40:36,4981515,0.0020,-0.0195,-0.9570,1.3300,-0.4900,0.1400
2026-07-03,14:40:36,4981615,0.0034,-0.0200,-0.9560,1.2600,-0.5600,0.2100
20
26-07-03,14:40:36,4981715,0.0020,-0.0181,-0.9516,1.2600,-0.5600,0.2100
2026-07-03,14:40:36,4981815,0.0044,-0.0229,-0.9594,1.1900,-0.4900,0.1400
2026-07-03,14:40:36,4981915,0.0029,-0.0185,-0.9560,1.2600,-0.7000,0.2100
2026-07-03,14:40:36,4982
015,0.0029,-0.0234,-0.9550,1.1900,-0.4200,0.1400
2026-07-03,14:40:36,4982115,0.0029,-0.0185,-0.9540,1.2600,-0.5600,0.1400
2026-07-03,14:40:36,4982215,0.0034,-0.0200,-0.9575,1.2600,-0.5600,0.0700
2026-07-03,14:40:36,4982315,0.0024,-0.0229,-0.
9545,1.1900,-0.5600,0.2100
2026-07-03,14:40:36,4982415,0.0024,-0.0176,-0.9531,1.1900,-0.4200,0.1400
2026-07-03,14:40:37,4982515,0.0034,-0.0195,-0.9550,1.2600,-0.6300,0.2100
2026-07-03,14:40:37,4982615,0.0024,-0.0205,-0.9545,1.2600,-0.4900,0.
1400
2026-07-03,14:40:37,4982715,0.0029,-0.0185,-0.9560,1.1900,-0.6300,0.2100
2026-07-03,14:40:37,4982815,0.0024,-0.0176,-0.9550,1.2600,-0.4900,0.1400
2026-07-03,14:40:37,4982915,0.0020,-0.0220,-0.9540,1.2600,-0.5600,0.0700
2026-07-03,14:40
:37,4983015,0.0054,-0.0176,-0.9560,1.1900,-0.6300,0.0700
2026-07-03,14:40:37,4983115,0.0029,-0.0200,-0.9575,1.1900,-0.4900,0.1400
2026-07-03,14:40:37,4983215,0.0029,-0.0171,-0.9555,1.2600,-0.5600,0.1400
2026-07-03,14:40:37,4983315,0.0044,-0.
0205,-0.9555,1.2600,-0.4900,0.2100
2026-07-03,14:40:37,4983415,0.0034,-0.0195,-0.9545,1.2600,-0.6300,0.1400
2026-07-03,14:40:38,4983515,0.0039,-0.0185,-0.9565,1.2600,-0.6300,0.1400
2026-07-03,14:40:38,4983615,0.0015,-0.0195,-0.9565,1.2600,-0
.4900,0.1400
2026-07-03,14:40:38,4983715,0.0029,-0.0200,-0.9531,1.1900,-0.5600,0.2100
2026-07-03,14:40:38,4983815,0.0034,-0.0210,-0.9560,1.2600,-0.5600,0.2100
2026-07-03,14:40:38,4983915,0.0029,-0.0195,-0.9584,1.1900,-0.6300,0.1400
2026-07-
03,14:40:38,4984015,0.0029,-0.0205,-0.9555,1.2600,-0.4900,0.2100
2026-07-03,14:40:38,4984115,0.0044,-0.0195,-0.9555,1.2600,-0.4900,0.1400
2026-07-03,14:40:38,4984215,0.0029,-0.0200,-0.9550,1.2600,-0.7000,0.1400
2026-07-03,14:40:38,4984320,0.
0029,-0.0205,-0.9545,1.2600,-0.5600,0.1400
2026-07-03,14:40:38,4984415,0.0044,-0.0210,-0.9536,1.1900,-0.5600,0.2100
2026-07-03,14:40:39,4984515,0.0020,-0.0185,-0.9565,1.3300,-0.5600,0.2100
2026-07-03,14:40:39,4984615,0.0020,-0.0210,-0.9550,1
.2600,-0.6300,0.1400
2026-07-03,14:40:39,4984715,0.0034,-0.0190,-0.9516,1.2600,-0.6300,0.1400
2026-07-03,14:40:39,4984815,0.0020,-0.0205,-0.9555,1.1900,-0.5600,0.1400
2026-07-03,14:40:39,4984915,0.0020,-0.0185,-0.9536,1.1900,-0.4200,0.1400
2026-07-03,14:40:39,4985021,0.0039,-0.0200,-0.9560,1.2600,-0.5600,0.1400
2026-07-03,14:40:39,4985119,0.0020,-0.0195,-0.9526,1.2600,-0.5600,0.1400
2026-07-03,14:40:39,4985215,0.0044,-0.0210,-0.9555,1.2600,-0.6300,0.2100
2026-07-03,14:40:39,49
85315,0.0044,-0.0210,-0.9545,1.3300,-0.5600,0.0700
2026-07-03,14:40:39,4985415,0.0044,-0.0210,-0.9560,1.2600,-0.5600,0.1400
2026-07-03,14:40:40,4985515,0.0024,-0.0185,-0.9560,1.2600,-0.4900,0.1400
2026-07-03,14:40:40,4985615,0.0044,-0.0215,-
0.9531,1.3300,-0.5600,0.1400
2026-07-03,14:40:40,4985721,0.0034,-0.0176,-0.9550,1.1900,-0.6300,0.2100
2026-07-03,14:40:40,4985815,0.0044,-0.0215,-0.9540,1.2600,-0.4900,0.1400
2026-07-03,14:40:40,4985915,0.0024,-0.0171,-0.9531,1.2600,-0.5600,
0.0700
2026-07-03,14:40:40,4986015,0.0034,-0.0215,-0.9579,1.1900,-0.4200,0.2100
2026-07-03,14:40:40,4986115,0.0029,-0.0190,-0.9536,1.1900,-0.5600,0.1400
2026-07-03,14:40:40,4986215,0.0063,-0.0185,-0.9648,1.1900,-0.6300,0.1400
2026-07-03,14:
40:40,4986315,0.0015,-0.0229,-0.9575,1.2600,-0.5600,0.1400
2026-07-03,14:40:40,4986415,0.0059,-0.0171,-0.9511,1.2600,-0.6300,0.0700
2026-07-03,14:40:41,4986515,0.0005,-0.0215,-0.9579,1.2600,-0.4900,0.1400
2026-07-03,14:40:41,4986615,0.0054,-
0.0185,-0.9550,1.2600,-0.4900,0.1400
2026-07-03,14:40:41,4986715,0.0024,-0.0220,-0.9550,1.1900,-0.5600,0.2100
2026-07-03,14:40:41,4986815,0.0034,-0.0171,-0.9540,1.2600,-0.4200,0.2100
2026-07-03,14:40:41,4986915,0.0044,-0.0190,-0.9638,1.3300,
-0.5600,0.2100
2026-07-03,14:40:41,4987015,0.0078,-0.0185,-0.9492,1.1200,-0.6300,0.0700
2026-07-03,14:40:41,4987115,0.0054,-0.0205,-0.9599,1.3300,-0.4900,0.1400
2026-07-03,14:40:41,4987215,0.0024,-0.0181,-0.9565,1.2600,-0.5600,0.2100
2026-0
7-03,14:40:41,4987315,0.0034,-0.0171,-0.9565,1.2600,-0.5600,0.1400
2026-07-03,14:40:41,4987415,0.0049,-0.0220,-0.9550,1.2600,-0.5600,0.1400
2026-07-03,14:40:42,4987515,0.0024,-0.0181,-0.9531,1.1900,-0.5600,0.2100
2026-07-03,14:40:42,4987615,
0.0010,-0.0210,-0.9536,1.2600,-0.5600,0.0700
2026-07-03,14:40:42,4987715,0.0039,-0.0229,-0.9550,1.1900,-0.5600,0.1400
2026-07-03,14:40:42,4987815,0.0044,-0.0190,-0.9550,1.1200,-0.6300,0.2100
2026-07-03,14:40:42,4987915,0.0054,-0.0229,-0.9545
,1.3300,-0.4900,0.1400
2026-07-03,14:40:42,4988015,0.0039,-0.0185,-0.9550,1.2600,-0.5600,0.1400
2026-07-03,14:40:42,4988115,0.0049,-0.0190,-0.9540,1.3300,-0.4900,0.0700
2026-07-03,14:40:42,4988215,0.0010,-0.0171,-0.9555,1.1900,-0.6300,0.0700
2026-07-03,14:40:42,4988315,0.0039,-0.0220,-0.9560,1.2600,-0.4900,0.1400
2026-07-03,14:40:42,4988415,0.0034,-0.0195,-0.9540,1.1900,-0.5600,0.1400
2026-07-03,14:40:43,4988515,0.0029,-0.0195,-0.9555,1.1900,-0.4900,0.1400
2026-07-03,14:40:43,
4988615,0.0029,-0.0205,-0.9550,1.2600,-0.5600,0.2100
2026-07-03,14:40:43,4988715,0.0044,-0.0195,-0.9560,1.2600,-0.6300,0.1400
2026-07-03,14:40:43,4988815,0.0054,-0.0210,-0.9555,1.1900,-0.5600,0.1400
2026-07-03,14:40:43,4988915,0.0029,-0.0176
,-0.9545,1.1900,-0.5600,0.1400
2026-07-03,14:40:43,4989015,0.0029,-0.0210,-0.9555,1.1900,-0.5600,0.2100
2026-07-03,14:40:43,4989115,0.0039,-0.0195,-0.9536,1.3300,-0.4900,0.2100
2026-07-03,14:40:43,4989215,0.0034,-0.0220,-0.9584,1.1900,-0.630
0,0.0700
2026-07-03,14:40:43,4989315,0.0049,-0.0200,-0.9555,1.1900,-0.5600,0.2100
2026-07-03,14:40:43,4989415,0.0034,-0.0195,-0.9570,1.2600,-0.6300,0.1400
2026-07-03,14:40:44,4989515,0.0044,-0.0210,-0.9555,1.2600,-0.6300,0.2100
2026-07-03,1
4:40:44,4989615,0.0029,-0.0195,-0.9545,1.2600,-0.5600,0.0700
2026-07-03,14:40:44,4989715,0.0029,-0.0210,-0.9560,1.2600,-0.6300,0.2100
2026-07-03,14:40:44,4989815,0.0029,-0.0190,-0.9545,1.2600,-0.5600,0.1400
2026-07-03,14:40:44,4989915,0.0039
,-0.0195,-0.9560,1.1900,-0.6300,0.1400
2026-07-03,14:40:44,4990015,-0.0005,-0.0210,-0.9418,1.0500,-0.5600,0.0700
2026-07-03,14:40:44,4990119,0.0020,-0.0210,-0.9555,1.3300,-0.4200,0.1400
2026-07-03,14:40:44,4990215,0.0024,-0.0176,-0.9579,1.26
00,-0.6300,0.1400
2026-07-03,14:40:44,4990315,0.0039,-0.0215,-0.9565,1.3300,-0.7000,0.2100
2026-07-03,14:40:44,4990415,0.0059,-0.0176,-0.9443,0.9100,-0.4900,0.1400
2026-07-03,14:40:45,4990515,0.0024,-0.0176,-0.9511,1.3300,-0.6300,0.0700
202
6-07-03,14:40:45,4990615,0.0054,-0.0229,-0.9492,1.1200,-0.6300,0.2100
2026-07-03,14:40:45,4990715,0.0020,-0.0195,-0.9589,1.1900,-0.5600,0.2100
2026-07-03,14:40:45,4990815,0.0024,-0.0185,-0.9536,1.2600,-0.4900,0.2100
2026-07-03,14:40:45,49909
15,0.0059,-0.0215,-0.9550,1.1900,-0.5600,0.0700
2026-07-03,14:40:45,4991015,0.0024,-0.0176,-0.9550,1.3300,-0.4200,0.1400
2026-07-03,14:40:45,4991115,0.0049,-0.0200,-0.9570,1.2600,-0.4900,0.2100
2026-07-03,14:40:45,4991215,0.0049,-0.0185,-0.9
531,1.1900,-0.5600,0.1400
2026-07-03,14:40:45,4991315,0.0034,-0.0200,-0.9545,1.3300,-0.5600,0.1400
2026-07-03,14:40:45,4991415,0.0024,-0.0190,-0.9570,1.1900,-0.5600,0.2100
2026-07-03,14:40:46,4991515,0.0059,-0.0215,-0.9565,1.1900,-0.5600,0.1
400
2026-07-03,14:40:46,4991615,0.0020,-0.0181,-0.9560,1.1900,-0.6300,0.2100
2026-07-03,14:40:46,4991715,0.0034,-0.0210,-0.9570,1.1900,-0.4900,0.1400
2026-07-03,14:40:46,4991815,0.0024,-0.0176,-0.9511,1.3300,-0.2100,0.0000
2026-07-03,14:40:
46,4991915,0.0224,-0.0259,-0.9501,0.7700,-1.4000,0.3500
2026-07-03,14:40:46,4992015,0.0049,-0.0259,-0.9477,1.2600,-0.1400,0.0000
2026-07-03,14:40:46,4992115,0.0034,-0.0220,-0.9223,1.3300,-0.3500,0.1400
2026-07-03,14:40:46,4992215,-0.0044,-0.
0171,-0.9643,1.3300,-0.5600,0.2100
2026-07-03,14:40:46,4992315,0.0044,-0.0249,-0.9565,1.1900,-0.3500,0.1400
2026-07-03,14:40:46,4992415,0.0122,-0.0244,-0.9692,0.9800,-0.9100,0.1400
2026-07-03,14:40:47,4992515,0.0117,-0.0117,-0.9482,1.1200,-0
.7000,0.2100
2026-07-03,14:40:47,4992620,0.0200,-0.0156,-0.9609,1.3300,-0.4200,0.1400
2026-07-03,14:40:47,4992715,0.0039,-0.0171,-0.9555,1.1900,-0.5600,0.1400
2026-07-03,14:40:47,4992815,0.0039,-0.0205,-0.9540,1.1900,-0.7700,0.0700
2026-07-
03,14:40:47,4992915,-0.0010,-0.0215,-0.9531,1.2600,-0.4900,0.1400
2026-07-03,14:40:47,4993015,-0.0073,-0.0224,-0.9389,1.3300,-0.2800,0.1400
2026-07-03,14:40:47,4993115,-0.0171,-0.0073,-0.8828,1.6100,-0.6300,0.4900
2026-07-03,14:40:47,4993215
,0.0176,-0.0439,-0.9770,1.1900,-0.4900,0.0700
2026-07-03,14:40:47,4993321,0.0034,-0.0176,-0.9443,1.1200,-0.5600,0.1400
2026-07-03,14:40:47,4993415,-0.0024,-0.0215,-0.9555,1.3300,-0.4900,0.2100
2026-07-03,14:40:48,4993515,0.0044,-0.0200,-0.95
50,1.1900,-0.5600,0.2100
2026-07-03,14:40:48,4993615,0.0063,-0.0185,-0.9545,1.2600,-0.5600,0.2800
2026-07-03,14:40:48,4993715,0.0054,-0.0200,-0.9570,1.2600,-0.5600,0.2100
2026-07-03,14:40:48,4993815,0.0034,-0.0181,-0.9526,1.1200,-0.4900,0.21
00
2026-07-03,14:40:48,4993915,0.0059,-0.0215,-0.9565,1.1900,-0.5600,0.1400
2026-07-03,14:40:48,4994021,0.0059,-0.0215,-0.9540,1.2600,-0.4900,0.1400
2026-07-03,14:40:48,4994115,0.0044,-0.0200,-0.9550,1.2600,-0.4200,0.2100
2026-07-03,14:40:4
8,4994215,0.0093,-0.0220,-0.9555,1.1900,-0.4900,0.0700
2026-07-03,14:40:48,4994315,0.0034,-0.0220,-0.9501,1.1200,-0.8400,0.1400
2026-07-03,14:40:48,4994415,-0.0112,-0.0098,-0.9487,1.1200,-0.7000,0.2800
2026-07-03,14:40:49,4994515,0.0020,-0.0
366,-0.9828,1.4700,-0.7000,0.2100
2026-07-03,14:40:49,4994615,-0.0073,-0.0161,-0.9111,1.4000,-0.2100,0.2800
2026-07-03,14:40:49,4994715,-0.0102,0.0595,-0.9667,1.1200,-0.8400,0.3500
2026-07-03,14:40:49,4994815,0.0161,-0.0264,-0.9745,1.2600,-0
.8400,0.0700
2026-07-03,14:40:49,4994915,0.0059,-0.0200,-0.9536,1.2600,-0.7000,0.1400
2026-07-03,14:40:49,4995015,0.0044,-0.0176,-0.9550,1.1900,-0.6300,0.1400
2026-07-03,14:40:49,4995119,0.0044,-0.0205,-0.9536,1.1900,-0.7000,0.2100
2026-07-
03,14:40:49,4995215,-0.0039,-0.0273,-0.9555,1.2600,-0.6300,0.2800
2026-07-03,14:40:49,4995315,-0.0015,-0.0229,-0.9594,1.2600,-0.6300,0.1400
2026-07-03,14:40:49,4995415,0.0034,-0.0234,-0.9589,1.2600,-0.4900,0.1400
2026-07-03,14:40:50,4995515,
0.0102,-0.0278,-0.9570,1.1900,-0.7000,0.2100
2026-07-03,14:40:50,4995615,0.0107,-0.0166,-0.9516,1.2600,-0.4900,0.1400
2026-07-03,14:40:50,4995715,0.0073,-0.0200,-0.9560,1.2600,-0.4900,0.0700
2026-07-03,14:40:50,4995815,0.0083,-0.0195,-0.9579
,1.2600,-0.5600,0.1400
2026-07-03,14:40:50,4995915,0.0078,-0.0200,-0.9550,1.2600,-0.5600,0.2100
2026-07-03,14:40:50,4996015,0.0024,-0.0215,-0.9555,1.1900,-0.4900,0.1400
2026-07-03,14:40:50,4996115,0.0059,-0.0185,-0.9545,1.1900,-0.6300,0.1400
2026-07-03,14:40:50,4996215,0.0063,-0.0190,-0.9540,1.2600,-0.4900,0.1400
2026-07-03,14:40:50,4996315,0.0024,-0.0146,-0.9521,1.2600,-0.4900,0.1400
2026-07-03,14:40:50,4996415,0.0044,-0.0195,-0.9536,1.1900,-0.7700,0.2100
2026-07-03,14:40:51,
4996515,0.0054,-0.0181,-0.9511,1.1900,-0.4900,0.1400
2026-07-03,14:40:51,4996615,0.0020,-0.0224,-0.9560,1.3300,-0.4900,0.1400
2026-07-03,14:40:51,4996715,0.0137,-0.0171,-0.9560,1.2600,-0.6300,0.1400
2026-07-03,14:40:51,4996815,0.0093,-0.0161
,-0.9521,1.1900,-0.5600,0.1400
2026-07-03,14:40:51,4996915,0.0083,-0.0185,-0.9545,1.1900,-0.4200,0.0700
2026-07-03,14:40:51,4997015,0.0068,-0.0195,-0.9550,1.1900,-0.6300,0.0700
2026-07-03,14:40:51,4997115,-0.0005,-0.0190,-0.9521,1.1900,-0.84
00,0.2100
2026-07-03,14:40:51,4997215,0.0063,-0.0224,-0.9560,1.2600,-0.5600,0.2100
2026-07-03,14:40:51,4997315,0.0059,-0.0185,-0.9506,1.3300,-0.5600,0.1400
2026-07-03,14:40:51,4997415,0.0083,-0.0200,-0.9560,1.1900,-0.4200,0.1400
2026-07-03,
14:40:52,4997515,0.0054,-0.0190,-0.9492,1.2600,-0.2800,0.2100
2026-07-03,14:40:52,4997615,0.0034,-0.0190,-0.9550,1.1200,-0.7700,0.2100
2026-07-03,14:40:52,4997715,0.0073,-0.0220,-0.9589,1.2600,-0.6300,0.1400
2026-07-03,14:40:52,4997815,0.004
9,-0.0190,-0.9540,1.2600,-0.4200,0.2100
2026-07-03,14:40:52,4997915,0.0039,-0.0176,-0.9501,1.2600,-0.2800,0.1400
2026-07-03,14:40:52,4998015,0.0000,-0.0117,-0.9135,0.7700,-0.8400,0.3500
2026-07-03,14:40:52,4998115,0.0078,-0.0166,-0.9799,1.40
00,-0.2800,0.1400
2026-07-03,14:40:52,4998215,0.0029,-0.0181,-0.9496,1.2600,-0.4900,0.1400
2026-07-03,14:40:52,4998315,0.0068,-0.0210,-0.9536,1.3300,-0.4200,0.1400
2026-07-03,14:40:52,4998415,0.0039,-0.0220,-0.9560,1.2600,-0.4900,0.2100
202
6-07-03,14:40:53,4998515,0.0034,-0.0176,-0.9560,1.2600,-0.4900,0.1400
2026-07-03,14:40:53,4998615,0.0049,-0.0205,-0.9545,1.1900,-0.4900,0.1400
2026-07-03,14:40:53,4998715,0.0039,-0.0181,-0.9575,1.1900,-0.5600,0.1400
2026-07-03,14:40:53,49988
15,0.0059,-0.0205,-0.9536,1.2600,-0.7000,0.0700
2026-07-03,14:40:53,4998915,0.0024,-0.0200,-0.9550,1.2600,-0.5600,0.1400
2026-07-03,14:40:53,4999015,0.0054,-0.0195,-0.9570,1.3300,-0.4900,0.2100
2026-07-03,14:40:53,4999115,0.0044,-0.0200,-0.9
560,1.1900,-0.5600,0.2800
2026-07-03,14:40:53,4999215,0.0063,-0.0205,-0.9545,1.2600,-0.6300,0.1400
2026-07-03,14:40:53,4999315,0.0068,-0.0215,-0.9609,1.1900,-0.7000,0.1400
2026-07-03,14:40:53,4999415,0.0083,-0.0181,-0.9521,1.1900,-0.7700,0.2
100
2026-07-03,14:40:54,4999515,0.0044,-0.0185,-0.9550,1.1900,-0.6300,0.1400
2026-07-03,14:40:54,4999615,0.0068,-0.0210,-0.9570,1.1900,-0.4900,0.2100
2026-07-03,14:40:54,4999715,-0.0005,-0.0181,-0.9540,1.2600,-0.5600,0.2100
2026-07-03,14:40
:54,4999815,0.0034,-0.0205,-0.9545,1.3300,-0.2800,0.0700
2026-07-03,14:40:54,4999915,0.0088,-0.0224,-0.9516,1.1900,-0.7000,0.1400
2026-07-03,14:40:54,5000015,0.0034,-0.0185,-0.9482,1.1200,-0.3500,0.2100
2026-07-03,14:40:54,5000119,0.0059,-0.
0205,-0.9589,1.1900,-0.4900,0.0700
2026-07-03,14:40:54,5000221,0.0044,-0.0200,-0.9555,1.3300,-0.4200,0.2100
2026-07-03,14:40:54,5000315,0.0054,-0.0181,-0.9555,1.1900,-0.4900,0.1400
2026-07-03,14:40:54,5000415,0.0059,-0.0176,-0.9584,1.1900,-0
.5600,0.2100
2026-07-03,14:40:55,5000515,0.0044,-0.0200,-0.9575,1.1900,-0.5600,0.0700
2026-07-03,14:40:55,5000615,0.0044,-0.0215,-0.9555,1.2600,-0.5600,0.1400
2026-07-03,14:40:55,5000715,0.0068,-0.0205,-0.9550,1.2600,-0.4900,0.1400
2026-07-
03,14:40:55,5000815,0.0059,-0.0234,-0.9618,1.2600,-0.5600,0.1400
2026-07-03,14:40:55,5000919,0.0015,-0.0190,-0.9550,1.1900,-0.5600,0.1400
2026-07-03,14:40:55,5001015,0.0049,-0.0181,-0.9536,1.2600,-0.7000,0.0700
2026-07-03,14:40:55,5001115,0.
0049,-0.0220,-0.9555,1.1900,-0.6300,0.1400
2026-07-03,14:40:55,5001215,0.0054,-0.0185,-0.9545,1.2600,-0.4900,0.1400
2026-07-03,14:40:55,5001315,0.0054,-0.0229,-0.9579,1.2600,-0.4900,0.2100
2026-07-03,14:40:55,5001415,0.0039,-0.0161,-0.9555,1
.2600,-0.5600,0.1400
2026-07-03,14:40:56,5001515,0.0034,-0.0220,-0.9565,1.1900,-0.6300,0.1400
2026-07-03,14:40:56,5001620,0.0044,-0.0185,-0.9545,1.2600,-0.4900,0.2100
2026-07-03,14:40:56,5001715,0.0068,-0.0210,-0.9550,1.3300,-0.7000,0.2100
2026-07-03,14:40:56,5001815,0.0049,-0.0205,-0.9560,1.1900,-0.7700,0.1400
2026-07-03,14:40:56,5001915,0.0044,-0.0210,-0.9526,1.2600,-0.4900,0.2100
2026-07-03,14:40:56,5002015,0.0054,-0.0190,-0.9565,1.2600,-0.4200,0.2100
2026-07-03,14:40:56,50
02115,0.0054,-0.0200,-0.9550,1.2600,-0.5600,0.1400
2026-07-03,14:40:56,5002215,0.0049,-0.0210,-0.9536,1.1900,-0.5600,0.1400
2026-07-03,14:40:56,5002315,0.0044,-0.0200,-0.9540,1.1900,-0.5600,0.1400
2026-07-03,14:40:56,5002415,0.0059,-0.0195,-
0.9565,1.2600,-0.4200,0.2100
2026-07-03,14:40:57,5002515,0.0054,-0.0185,-0.9531,1.2600,-0.5600,0.1400
2026-07-03,14:40:57,5002615,0.0049,-0.0220,-0.9550,1.2600,-0.4900,0.1400
2026-07-03,14:40:57,5002715,0.0054,-0.0190,-0.9545,1.1900,-0.4900,
0.1400
2026-07-03,14:40:57,5002815,0.0083,-0.0220,-0.9545,1.2600,-0.6300,0.1400
2026-07-03,14:40:57,5002915,0.0029,-0.0200,-0.9550,1.2600,-0.5600,0.1400
2026-07-03,14:40:57,5003015,0.0024,-0.0205,-0.9550,1.1900,-0.6300,0.2100
2026-07-03,14:
40:57,5003115,0.0044,-0.0210,-0.9550,1.2600,-0.6300,0.0700
2026-07-03,14:40:57,5003215,0.0044,-0.0215,-0.9550,1.2600,-0.5600,0.1400
2026-07-03,14:40:57,5003315,0.0039,-0.0210,-0.9550,1.2600,-0.6300,0.1400
2026-07-03,14:40:57,5003415,0.0068,-
0.0205,-0.9579,1.0500,-0.6300,0.1400
2026-07-03,14:40:58,5003515,0.0054,-0.0195,-0.9565,1.1900,-0.5600,0.0700
2026-07-03,14:40:58,5003615,0.0039,-0.0210,-0.9560,1.2600,-0.4900,0.2100
2026-07-03,14:40:58,5003715,0.0044,-0.0190,-0.9560,1.2600,
-0.5600,0.2800
2026-07-03,14:40:58,5003815,0.0049,-0.0195,-0.9540,1.3300,-0.4900,0.2100
2026-07-03,14:40:58,5003915,0.0039,-0.0195,-0.9550,1.2600,-0.5600,0.1400
2026-07-03,14:40:58,5004015,0.0063,-0.0210,-0.9545,1.3300,-0.3500,0.1400
2026-0
7-03,14:40:58,5004115,0.0049,-0.0200,-0.9570,1.1900,-0.4900,0.2100
2026-07-03,14:40:58,5004215,0.0049,-0.0190,-0.9560,1.2600,-0.6300,0.1400
2026-07-03,14:40:58,5004315,0.0034,-0.0200,-0.9579,1.2600,-0.5600,0.1400
2026-07-03,14:40:58,5004415,
0.0034,-0.0220,-0.9540,1.2600,-0.4900,0.1400
2026-07-03,14:40:59,5004515,0.0044,-0.0185,-0.9540,1.4000,-0.4200,0.2100
2026-07-03,14:40:59,5004615,0.0044,-0.0210,-0.9540,1.1900,-0.6300,0.2100
2026-07-03,14:40:59,5004715,0.0049,-0.0205,-0.9555
,1.2600,-0.4900,0.0700
2026-07-03,14:40:59,5004815,0.0059,-0.0210,-0.9560,1.1900,-0.5600,0.0700
2026-07-03,14:40:59,5004915,0.0059,-0.0205,-0.9570,1.1900,-0.6300,0.2100
2026-07-03,14:40:59,5005015,0.0044,-0.0195,-0.9555,1.2600,-0.5600,0.1400
2026-07-03,14:40:59,5005119,0.0034,-0.0234,-0.9575,1.2600,-0.6300,0.2100
2026-07-03,14:40:59,5005215,0.0049,-0.0205,-0.9555,1.1900,-0.4200,0.1400
2026-07-03,14:40:59,5005315,0.0034,-0.0195,-0.9560,1.1900,-0.3500,0.1400
2026-07-03,14:40:59,
5005415,0.0039,-0.0220,-0.9550,1.1900,-0.6300,0.0700
2026-07-03,14:41:00,5005515,0.0068,-0.0220,-0.9536,1.2600,-0.6300,0.1400
2026-07-03,14:41:00,5005615,0.0059,-0.0181,-0.9575,1.1900,-0.5600,0.1400
2026-07-03,14:41:00,5005715,0.0044,-0.0200
,-0.9545,1.1900,-0.5600,0.2100
2026-07-03,14:41:00,5005815,0.0059,-0.0210,-0.9526,1.1200,-0.6300,0.2100
2026-07-03,14:41:00,5005915,0.0049,-0.0215,-0.9545,1.1900,-0.4200,0.1400
2026-07-03,14:41:00,5006015,0.0054,-0.0176,-0.9570,1.1900,-0.560
0,0.0700
2026-07-03,14:41:00,5006115,0.0044,-0.0195,-0.9531,1.2600,-0.6300,0.1400
2026-07-03,14:41:00,5006215,0.0049,-0.0215,-0.9565,1.1900,-0.6300,0.1400
2026-07-03,14:41:00,5006315,0.0044,-0.0210,-0.9560,1.1900,-0.6300,0.2100
2026-07-03,1
4:41:00,5006415,0.0054,-0.0210,-0.9536,1.2600,-0.6300,0.2100
2026-07-03,14:41:01,5006515,0.0054,-0.0215,-0.9555,1.1900,-0.7000,0.1400
2026-07-03,14:41:01,5006615,0.0034,-0.0210,-0.9579,1.2600,-0.5600,0.1400
2026-07-03,14:41:01,5006715,0.0039
,-0.0190,-0.9526,1.2600,-0.4900,0.1400
2026-07-03,14:41:01,5006815,0.0054,-0.0195,-0.9550,1.3300,-0.5600,0.1400
2026-07-03,14:41:01,5006915,0.0044,-0.0210,-0.9565,1.2600,-0.4900,0.2800
2026-07-03,14:41:01,5007015,0.0049,-0.0210,-0.9565,1.330
0,-0.5600,0.2100
2026-07-03,14:41:01,5007115,0.0044,-0.0195,-0.9555,1.3300,-0.7000,0.1400
2026-07-03,14:41:01,5007215,0.0049,-0.0190,-0.9536,1.2600,-0.4900,0.1400
2026-07-03,14:41:01,5007315,0.0039,-0.0195,-0.9501,1.1900,-0.5600,0.1400
2026
-07-03,14:41:01,5007415,0.0044,-0.0210,-0.9575,1.2600,-0.5600,0.1400
2026-07-03,14:41:02,5007515,0.0039,-0.0215,-0.9550,1.1900,-0.6300,0.0700
2026-07-03,14:41:02,5007615,0.0068,-0.0234,-0.9560,1.1900,-0.6300,0.1400
2026-07-03,14:41:02,500771
5,0.0034,-0.0205,-0.9536,1.2600,-0.5600,0.2100
2026-07-03,14:41:02,5007815,0.0049,-0.0200,-0.9565,1.2600,-0.4900,0.1400
2026-07-03,14:41:02,5007915,0.0054,-0.0200,-0.9565,1.2600,-0.5600,0.1400
2026-07-03,14:41:02,5008015,0.0054,-0.0210,-0.95
50,1.2600,-0.5600,0.0700
2026-07-03,14:41:02,5008115,0.0059,-0.0190,-0.9570,1.2600,-0.6300,0.0700
2026-07-03,14:41:02,5008215,0.0044,-0.0200,-0.9560,1.2600,-0.5600,0.2100
2026-07-03,14:41:02,5008315,0.0054,-0.0205,-0.9560,1.1900,-0.5600,0.14
00
2026-07-03,14:41:02,5008415,0.0044,-0.0181,-0.9560,1.1900,-0.4900,0.2100
2026-07-03,14:41:03,5008521,0.0039,-0.0205,-0.9555,1.1900,-0.5600,0.1400
2026-07-03,14:41:03,5008615,0.0029,-0.0200,-0.9511,1.1900,-0.5600,0.1400
2026-07-03,14:41:0
3,5008715,0.0059,-0.0195,-0.9550,1.2600,-0.5600,0.2100
2026-07-03,14:41:03,5008815,0.0054,-0.0210,-0.9545,1.1900,-0.5600,0.1400
2026-07-03,14:41:03,5008915,0.0020,-0.0215,-0.9550,1.1900,-0.5600,0.1400
2026-07-03,14:41:03,5009015,0.0044,-0.02
05,-0.9560,1.2600,-0.6300,0.2100
2026-07-03,14:41:03,5009115,0.0039,-0.0181,-0.9560,1.2600,-0.5600,0.1400
2026-07-03,14:41:03,5009220,0.0068,-0.0190,-0.9570,1.1200,-0.5600,0.0700
2026-07-03,14:41:03,5009315,0.0029,-0.0210,-0.9560,1.1900,-0.5
600,0.1400
2026-07-03,14:41:03,5009415,0.0034,-0.0190,-0.9536,1.2600,-0.4200,0.1400
2026-07-03,14:41:04,5009515,0.0049,-0.0210,-0.9560,1.3300,-0.5600,0.0700
2026-07-03,14:41:04,5009615,0.0054,-0.0205,-0.9555,1.2600,-0.5600,0.2100
2026-07-03
,14:41:04,5009715,0.0049,-0.0205,-0.9555,1.1900,-0.5600,0.1400
2026-07-03,14:41:04,5009815,0.0054,-0.0195,-0.9550,1.2600,-0.5600,0.1400
2026-07-03,14:41:04,5009920,0.0093,-0.0161,-0.9521,1.1200,-0.5600,0.2100
2026-07-03,14:41:04,5010015,0.00
73,-0.0210,-0.9565,1.1200,-0.7700,0.2800
2026-07-03,14:41:04,5010119,0.0044,-0.0190,-0.9545,1.1900,-0.5600,0.2100
2026-07-03,14:41:04,5010215,0.0005,-0.0229,-0.9560,1.3300,-0.3500,0.2100
2026-07-03,14:41:04,5010315,0.0034,-0.0210,-0.9570,1.1
900,-0.4900,0.1400
2026-07-03,14:41:04,5010415,0.0044,-0.0181,-0.9540,1.2600,-0.7000,0.2100
2026-07-03,14:41:05,5010515,0.0034,-0.0210,-0.9579,1.2600,-0.4900,0.2100
2026-07-03,14:41:05,5010615,0.0034,-0.0195,-0.9394,1.6100,-0.3500,0.2800
20
26-07-03,14:41:05,5010715,0.0146,-0.0298,-0.9599,1.2600,-0.4200,0.0700
2026-07-03,14:41:05,5010815,0.0005,-0.0210,-0.9545,1.1900,-0.4200,0.1400
2026-07-03,14:41:05,5010915,0.0029,-0.0171,-0.9594,1.4000,-0.4200,0.1400
2026-07-03,14:41:05,5011
015,0.0088,-0.0195,-0.9555,1.1900,-0.5600,0.0700
2026-07-03,14:41:05,5011115,0.0078,-0.0200,-0.9531,1.1900,-0.3500,0.2100
2026-07-03,14:41:05,5011215,0.0063,-0.0171,-0.9565,1.3300,-0.5600,0.1400
2026-07-03,14:41:05,5011315,0.0049,-0.0185,-0.
9555,1.2600,-0.6300,0.1400
2026-07-03,14:41:05,5011415,0.0044,-0.0200,-0.9555,1.1900,-0.4900,0.2100
2026-07-03,14:41:06,5011515,0.0059,-0.0229,-0.9540,1.1900,-0.4900,0.0700
2026-07-03,14:41:06,5011615,0.0063,-0.0190,-0.9545,1.2600,-0.4900,0.
0700
2026-07-03,14:41:06,5011715,0.0063,-0.0185,-0.9560,1.1900,-0.7000,0.0700
2026-07-03,14:41:06,5011815,0.0054,-0.0190,-0.9565,1.2600,-0.5600,0.2100
2026-07-03,14:41:06,5011915,0.0044,-0.0185,-0.9545,1.1900,-0.7700,0.1400
2026-07-03,14:41
:06,5012015,-0.0005,-0.0112,-0.9467,0.9800,-0.6300,0.1400
2026-07-03,14:41:06,5012115,0.0142,-0.0215,-0.9628,1.1900,-0.4200,0.0700
2026-07-03,14:41:06,5012215,0.0107,-0.0151,-0.9555,1.1900,-0.5600,0.0700
2026-07-03,14:41:06,5012315,0.0049,-0
.0142,-0.9457,1.3300,-0.6300,0.1400
2026-07-03,14:41:06,5012415,0.0068,-0.0229,-0.9579,1.1900,-0.5600,0.0700
2026-07-03,14:41:07,5012515,0.0015,-0.0210,-0.9521,1.0500,-0.5600,0.1400
2026-07-03,14:41:07,5012615,0.0073,-0.0229,-0.9565,1.2600,-
0.3500,0.1400
2026-07-03,14:41:07,5012715,0.0020,-0.0176,-0.9565,1.2600,-0.6300,0.2100
2026-07-03,14:41:07,5012815,0.0049,-0.0210,-0.9555,1.3300,-0.3500,0.0700
2026-07-03,14:41:07,5012915,0.0054,-0.0229,-0.9570,1.2600,-0.5600,0.1400
2026-07
-03,14:41:07,5013015,0.0083,-0.0205,-0.9443,1.1200,-0.5600,0.1400
2026-07-03,14:41:07,5013115,0.0044,-0.0220,-0.9550,1.1900,-0.4900,0.1400
2026-07-03,14:41:07,5013215,0.0020,-0.0200,-0.9536,1.1900,-0.6300,0.1400
2026-07-03,14:41:07,5013315,0
.0029,-0.0171,-0.9501,1.2600,-0.4900,0.1400
2026-07-03,14:41:07,5013415,0.0078,-0.0229,-0.9575,1.2600,-0.5600,0.2100
2026-07-03,14:41:08,5013515,0.0024,-0.0215,-0.9589,1.1900,-0.4900,0.2100
2026-07-03,14:41:08,5013615,0.0068,-0.0220,-0.9536,
1.1900,-0.6300,0.1400
2026-07-03,14:41:08,5013715,0.0068,-0.0181,-0.9584,1.1900,-0.4900,0.0700
2026-07-03,14:41:08,5013815,0.0063,-0.0190,-0.9570,1.2600,-0.4900,0.0700
2026-07-03,14:41:08,5013915,0.0102,-0.0215,-0.9584,1.2600,-0.4900,0.0700
2026-07-03,14:41:08,5014015,0.0073,-0.0200,-0.9594,1.2600,-0.6300,0.1400
2026-07-03,14:41:08,5014115,0.0044,-0.0210,-0.9555,1.1900,-0.4900,0.1400
2026-07-03,14:41:08,5014215,0.0049,-0.0234,-0.9575,1.2600,-0.6300,0.2100
2026-07-03,14:41:08,5
014315,0.0073,-0.0190,-0.9599,1.2600,-0.6300,0.0700
2026-07-03,14:41:08,5014415,0.0039,-0.0210,-0.9570,1.1900,-0.7000,0.1400
2026-07-03,14:41:09,5014515,0.0024,-0.0195,-0.9550,1.2600,-0.5600,0.1400
2026-07-03,14:41:09,5014615,0.0059,-0.0195,
-0.9536,1.3300,-0.5600,0.0700
2026-07-03,14:41:09,5014715,0.0049,-0.0181,-0.9555,1.1900,-0.5600,0.1400
2026-07-03,14:41:09,5014815,0.0049,-0.0210,-0.9550,1.2600,-0.6300,0.1400
2026-07-03,14:41:09,5014915,0.0083,-0.0239,-0.9565,1.1200,-0.6300
,0.1400
2026-07-03,14:41:09,5015015,0.0024,-0.0205,-0.9545,1.1900,-0.6300,0.1400
2026-07-03,14:41:09,5015119,0.0034,-0.0239,-0.9545,1.1200,-0.5600,0.1400
2026-07-03,14:41:09,5015215,0.0049,-0.0200,-0.9555,1.2600,-0.4900,0.2100
2026-07-03,14
:41:09,5015315,0.0059,-0.0200,-0.9560,1.1900,-0.5600,0.2100
2026-07-03,14:41:09,5015415,0.0073,-0.0195,-0.9575,1.1900,-0.4900,0.0700
2026-07-03,14:41:10,5015515,0.0063,-0.0205,-0.9550,1.2600,-0.4900,0.2100
2026-07-03,14:41:10,5015615,0.0044,
-0.0195,-0.9560,1.2600,-0.4900,0.2100
2026-07-03,14:41:10,5015715,0.0034,-0.0220,-0.9555,1.2600,-0.5600,0.0700
2026-07-03,14:41:10,5015815,0.0049,-0.0210,-0.9575,1.1900,-0.5600,0.1400
2026-07-03,14:41:10,5015915,0.0044,-0.0205,-0.9570,1.2600
,-0.4900,0.2100
2026-07-03,14:41:10,5016015,0.0063,-0.0190,-0.9565,1.1200,-0.6300,0.1400
2026-07-03,14:41:10,5016115,0.0059,-0.0220,-0.9536,1.3300,-0.4900,0.0700
2026-07-03,14:41:10,5016215,0.0029,-0.0190,-0.9565,1.2600,-0.6300,0.0700
2026-
07-03,14:41:10,5016315,0.0088,-0.0200,-0.9575,1.2600,-0.5600,0.1400
2026-07-03,14:41:10,5016415,0.0059,-0.0200,-0.9531,1.2600,-0.4900,0.1400
2026-07-03,14:41:11,5016515,0.0059,-0.0215,-0.9560,1.2600,-0.7000,0.1400
2026-07-03,14:41:11,5016615
,0.0059,-0.0200,-0.9565,1.1900,-0.5600,0.1400
2026-07-03,14:41:11,5016715,0.0068,-0.0190,-0.9555,1.2600,-0.4900,0.2100
2026-07-03,14:41:11,5016820,0.0049,-0.0185,-0.9565,1.1900,-0.5600,0.2100
2026-07-03,14:41:11,5016915,0.0044,-0.0215,-0.957
0,1.2600,-0.5600,0.2100
2026-07-03,14:41:11,5017015,0.0044,-0.0181,-0.9545,1.1900,-0.6300,0.0700
2026-07-03,14:41:11,5017115,0.0054,-0.0205,-0.9550,1.1900,-0.6300,0.2100
2026-07-03,14:41:11,5017215,0.0049,-0.0190,-0.9545,1.2600,-0.5600,0.140
0
2026-07-03,14:41:11,5017315,0.0054,-0.0200,-0.9545,1.2600,-0.7000,0.1400
2026-07-03,14:41:11,5017415,0.0029,-0.0200,-0.9570,1.2600,-0.7000,0.0700
2026-07-03,14:41:12,5017520,0.0063,-0.0185,-0.9570,1.1900,-0.7000,0.0700
2026-07-03,14:41:12
,5017615,0.0044,-0.0200,-0.9555,1.1900,-0.5600,0.1400
2026-07-03,14:41:12,5017715,0.0059,-0.0210,-0.9550,1.2600,-0.5600,0.1400
2026-07-03,14:41:12,5017815,0.0034,-0.0229,-0.9545,1.1200,-0.5600,0.1400
2026-07-03,14:41:12,5017915,0.0049,-0.021
0,-0.9555,1.2600,-0.6300,0.2800
2026-07-03,14:41:12,5018015,0.0054,-0.0205,-0.9570,1.1900,-0.6300,0.0700
2026-07-03,14:41:12,5018115,0.0063,-0.0210,-0.9579,1.1900,-0.7000,0.1400
2026-07-03,14:41:12,5018220,0.0044,-0.0200,-0.9536,1.1900,-0.63
00,0.1400
2026-07-03,14:41:12,5018315,0.0049,-0.0210,-0.9565,1.2600,-0.6300,0.1400
2026-07-03,14:41:12,5018415,0.0054,-0.0195,-0.9536,1.2600,-0.5600,0.2100
2026-07-03,14:41:13,5018515,0.0049,-0.0205,-0.9555,1.2600,-0.5600,0.1400
2026-07-03,
14:41:13,5018615,0.0083,-0.0205,-0.9575,1.2600,-0.4900,0.2100
2026-07-03,14:41:13,5018715,0.0049,-0.0185,-0.9555,1.2600,-0.6300,0.0700
2026-07-03,14:41:13,5018815,0.0068,-0.0205,-0.9565,1.1900,-0.5600,0.2100
2026-07-03,14:41:13,5018919,0.006
3,-0.0185,-0.9536,1.1900,-0.5600,0.1400
2026-07-03,14:41:13,5019015,0.0044,-0.0185,-0.9555,1.2600,-0.4900,0.1400
2026-07-03,14:41:13,5019115,0.0083,-0.0200,-0.9550,1.1900,-0.4900,0.1400
2026-07-03,14:41:13,5019215,0.0063,-0.0210,-0.9560,1.19
00,-0.5600,0.1400
2026-07-03,14:41:13,5019315,0.0059,-0.0195,-0.9555,1.1900,-0.5600,0.2100
2026-07-03,14:41:13,5019415,0.0054,-0.0171,-0.9540,1.2600,-0.6300,0.1400
2026-07-03,14:41:14,5019515,0.0044,-0.0190,-0.9565,1.2600,-0.7000,0.1400
202
6-07-03,14:41:14,5019615,0.0054,-0.0181,-0.9550,1.1900,-0.4900,0.2100
2026-07-03,14:41:14,5019715,0.0044,-0.0220,-0.9540,1.1900,-0.4900,0.2100
2026-07-03,14:41:14,5019815,0.0059,-0.0190,-0.9545,1.2600,-0.4900,0.1400
2026-07-03,14:41:14,50199
15,0.0059,-0.0205,-0.9565,1.1900,-0.5600,0.2100
2026-07-03,14:41:14,5020015,0.0039,-0.0195,-0.9575,1.2600,-0.6300,0.1400
2026-07-03,14:41:14,5020119,0.0063,-0.0190,-0.9555,1.3300,-0.4900,0.2100
2026-07-03,14:41:14,5020215,0.0054,-0.0190,-0.9
555,1.2600,-0.6300,0.1400
2026-07-03,14:41:14,5020315,0.0049,-0.0195,-0.9550,1.1900,-0.5600,0.1400
2026-07-03,14:41:14,5020415,0.0049,-0.0229,-0.9560,1.1900,-0.7000,0.1400
2026-07-03,14:41:15,5020515,0.0059,-0.0190,-0.9545,1.3300,-0.5600,0.1
400
2026-07-03,14:41:15,5020615,0.0039,-0.0195,-0.9550,1.2600,-0.5600,0.2100
2026-07-03,14:41:15,5020715,0.0049,-0.0190,-0.9570,1.1900,-0.5600,0.0700
2026-07-03,14:41:15,5020815,0.0020,-0.0210,-0.9545,1.2600,-0.6300,0.1400
2026-07-03,14:41:
15,5020915,0.0034,-0.0224,-0.9589,1.1200,-0.9100,0.1400
2026-07-03,14:41:15,5021015,0.0039,-0.0181,-0.9540,1.0500,-0.8400,0.2100
2026-07-03,14:41:15,5021115,0.0044,-0.0185,-0.9555,1.1900,-0.6300,0.1400
2026-07-03,14:41:15,5021215,0.0122,-0.0
371,-0.9784,1.1900,-0.4200,0.1400
2026-07-03,14:41:15,5021315,0.0063,-0.0107,-0.9457,1.2600,-0.4900,0.2100
2026-07-03,14:41:15,5021415,0.0112,-0.0224,-0.9814,1.5400,0.2800,0.1400
2026-07-03,14:41:16,5021515,0.0015,-0.0239,-0.9726,1.1200,-0.4
200,0.1400
2026-07-03,14:41:16,5021615,0.0054,-0.0176,-0.9511,1.2600,-0.4200,0.1400
2026-07-03,14:41:16,5021715,0.0068,-0.0215,-0.9550,1.1900,-0.4900,0.2100
2026-07-03,14:41:16,5021815,0.0063,-0.0195,-0.9531,1.2600,-0.6300,0.1400
2026-07-03
,14:41:16,5021915,0.0049,-0.0205,-0.9540,1.1900,-0.6300,0.2100
2026-07-03,14:41:16,5022015,0.0044,-0.0210,-0.9570,1.1200,-0.4200,0.2100
2026-07-03,14:41:16,5022115,0.0054,-0.0205,-0.9560,1.2600,-0.6300,0.2100
2026-07-03,14:41:16,5022215,0.00
68,-0.0166,-0.9555,1.1900,-0.5600,0.1400
2026-07-03,14:41:16,5022315,0.0073,-0.0185,-0.9531,1.2600,-0.5600,0.2100
2026-07-03,14:41:16,5022415,0.0063,-0.0185,-0.9565,1.1900,-0.4900,0.2800
2026-07-03,14:41:17,5022515,0.0024,-0.0181,-0.9555,1.2
600,-0.6300,0.1400
2026-07-03,14:41:17,5022615,0.0024,-0.0234,-0.9555,1.1900,-0.5600,0.1400
2026-07-03,14:41:17,5022715,0.0054,-0.0190,-0.9536,1.1900,-0.4900,0.2100
2026-07-03,14:41:17,5022815,0.0059,-0.0171,-0.9545,1.1900,-0.6300,0.1400
20
26-07-03,14:41:17,5022915,0.0029,-0.0200,-0.9550,1.1900,-0.4900,0.1400
2026-07-03,14:41:17,5023015,0.0054,-0.0205,-0.9560,1.2600,-0.4900,0.0700
2026-07-03,14:41:17,5023115,0.0059,-0.0205,-0.9540,1.2600,-0.6300,0.2100
2026-07-03,14:41:17,5023
215,0.0054,-0.0200,-0.9579,1.1900,-0.6300,0.1400
2026-07-03,14:41:17,5023315,0.0073,-0.0195,-0.9555,1.2600,-0.5600,0.1400
2026-07-03,14:41:17,5023415,0.0088,-0.0181,-0.9584,1.2600,-0.5600,0.2100
2026-07-03,14:41:18,5023515,0.0073,-0.0205,-0.
9555,1.3300,-0.4900,0.0700
2026-07-03,14:41:18,5023615,0.0059,-0.0229,-0.9560,1.2600,-0.6300,0.1400
2026-07-03,14:41:18,5023715,0.0063,-0.0200,-0.9550,1.2600,-0.5600,0.2100
2026-07-03,14:41:18,5023815,0.0059,-0.0200,-0.9550,1.2600,-0.6300,0.
1400
2026-07-03,14:41:18,5023915,0.0049,-0.0234,-0.9565,1.2600,-0.5600,0.0700
2026-07-03,14:41:18,5024015,0.0044,-0.0229,-0.9579,1.2600,-0.5600,0.2100
2026-07-03,14:41:18,5024115,0.0068,-0.0205,-0.9555,1.1900,-0.5600,0.1400
2026-07-03,14:41
:18,5024215,0.0049,-0.0181,-0.9560,1.2600,-0.5600,0.2100
2026-07-03,14:41:18,5024315,0.0073,-0.0200,-0.9545,1.1900,-0.4900,0.1400
2026-07-03,14:41:18,5024415,0.0044,-0.0210,-0.9570,1.2600,-0.6300,0.2100
2026-07-03,14:41:19,5024515,0.0049,-0.
0200,-0.9599,1.2600,-0.5600,0.2100
2026-07-03,14:41:19,5024615,0.0049,-0.0200,-0.9560,1.2600,-0.4900,0.2100
2026-07-03,14:41:19,5024715,0.0073,-0.0210,-0.9555,1.2600,-0.6300,0.1400
2026-07-03,14:41:19,5024815,0.0068,-0.0215,-0.9550,1.1900,-0
.5600,0.1400
2026-07-03,14:41:19,5024915,0.0039,-0.0195,-0.9560,1.3300,-0.4900,0.1400
2026-07-03,14:41:19,5025015,0.0049,-0.0176,-0.9526,1.2600,-0.5600,0.1400
2026-07-03,14:41:19,5025119,0.0083,-0.0205,-0.9560,1.2600,-0.5600,0.2100
2026-07-
03,14:41:19,5025215,0.0107,-0.0278,-0.9516,1.1200,-0.7000,0.1400
2026-07-03,14:41:19,5025315,0.0029,-0.0185,-0.9536,1.4000,-0.5600,0.1400
2026-07-03,14:41:19,5025415,0.0049,-0.0185,-0.9550,1.2600,-0.4900,0.2100
2026-07-03,14:41:20,5025515,0.
0059,-0.0215,-0.9579,1.2600,-0.4200,0.1400
2026-07-03,14:41:20,5025615,0.0068,-0.0195,-0.9550,1.3300,-0.4200,0.1400
2026-07-03,14:41:20,5025715,0.0068,-0.0205,-0.9565,1.2600,-0.7000,0.1400
2026-07-03,14:41:20,5025820,0.0068,-0.0156,-0.9560,1
.1900,-0.9800,0.1400
2026-07-03,14:41:20,5025915,0.0000,-0.0307,-0.9750,1.1900,-0.4900,0.2100
2026-07-03,14:41:20,5026015,0.0107,-0.0151,-0.9755,1.1900,-0.5600,0.1400
2026-07-03,14:41:20,5026115,-0.0059,-0.0137,-0.9394,1.4700,-0.3500,0.0000
2026-07-03,14:41:20,5026215,-0.0005,-0.0337,-0.9545,1.1200,-0.4900,0.1400
2026-07-03,14:41:20,5026315,-0.0020,-0.0205,-0.9550,1.1900,-0.4900,0.1400
2026-07-03,14:41:20,5026415,0.0034,-0.0205,-0.9560,1.2600,-0.4200,0.2100
2026-07-03,14:41:21
,5026520,0.0078,-0.0210,-0.9570,1.2600,-0.4200,0.1400
2026-07-03,14:41:21,5026615,0.0049,-0.0205,-0.9565,1.1900,-0.4900,0.2100
2026-07-03,14:41:21,5026715,0.0039,-0.0210,-0.9570,1.2600,-0.6300,0.2100
2026-07-03,14:41:21,5026815,0.0044,-0.018
1,-0.9550,1.2600,-0.4900,0.1400
2026-07-03,14:41:21,5026915,0.0063,-0.0181,-0.9575,1.1900,-0.5600,0.0700
2026-07-03,14:41:21,5027015,0.0049,-0.0195,-0.9540,1.1900,-0.6300,0.1400
2026-07-03,14:41:21,5027115,0.0059,-0.0195,-0.9550,1.1900,-0.56
00,0.0700
2026-07-03,14:41:21,5027221,0.0049,-0.0220,-0.9560,1.1200,-0.4900,0.1400
2026-07-03,14:41:21,5027315,0.0034,-0.0200,-0.9545,1.2600,-0.4900,0.1400
2026-07-03,14:41:21,5027415,0.0054,-0.0190,-0.9531,1.2600,-0.4900,0.2100
2026-07-03,
14:41:22,5027515,0.0044,-0.0220,-0.9560,1.1900,-0.4200,0.2100
2026-07-03,14:41:22,5027615,0.0073,-0.0195,-0.9545,1.2600,-0.5600,0.1400
2026-07-03,14:41:22,5027715,0.0059,-0.0210,-0.9565,1.3300,-0.5600,0.2100
2026-07-03,14:41:22,5027815,0.004
4,-0.0200,-0.9560,1.2600,-0.4200,0.1400
2026-07-03,14:41:22,5027915,0.0034,-0.0210,-0.9560,1.2600,-0.5600,0.1400
2026-07-03,14:41:22,5028015,0.0029,-0.0205,-0.9570,1.2600,-0.5600,0.0700
2026-07-03,14:41:22,5028115,0.0059,-0.0215,-0.9511,1.19
00,-0.4200,0.1400
2026-07-03,14:41:22,5028215,0.0059,-0.0181,-0.9521,1.1900,-0.4900,0.1400
2026-07-03,14:41:22,5028315,0.0054,-0.0185,-0.9570,1.2600,-0.4900,0.1400
2026-07-03,14:41:22,5028415,0.0044,-0.0215,-0.9555,1.1900,-0.5600,0.1400
202
6-07-03,14:41:23,5028515,0.0059,-0.0220,-0.9540,1.2600,-0.6300,0.1400
2026-07-03,14:41:23,5028615,0.0049,-0.0220,-0.9565,1.2600,-0.5600,0.1400
2026-07-03,14:41:23,5028715,0.0044,-0.0205,-0.9540,1.2600,-0.4900,0.1400
2026-07-03,14:41:23,50288
15,0.0054,-0.0190,-0.9555,1.2600,-0.6300,0.1400
2026-07-03,14:41:23,5028915,0.0054,-0.0200,-0.9555,1.2600,-0.5600,0.0700
2026-07-03,14:41:23,5029015,0.0049,-0.0200,-0.9570,1.1900,-0.5600,0.1400
2026-07-03,14:41:23,5029115,0.0059,-0.0215,-0.9
575,1.2600,-0.5600,0.1400
2026-07-03,14:41:23,5029215,0.0054,-0.0205,-0.9550,1.1900,-0.6300,0.2100
2026-07-03,14:41:23,5029315,0.0073,-0.0210,-0.9560,1.2600,-0.4200,0.1400
2026-07-03,14:41:23,5029415,0.0054,-0.0176,-0.9540,1.2600,-0.5600,0.1
400
2026-07-03,14:41:24,5029515,0.0044,-0.0181,-0.9555,1.2600,-0.6300,0.1400
2026-07-03,14:41:24,5029615,0.0034,-0.0200,-0.9526,1.2600,-0.7000,0.1400
2026-07-03,14:41:24,5029715,0.0073,-0.0200,-0.9579,1.1900,-0.4900,0.1400
2026-07-03,14:41:
24,5029815,0.0039,-0.0200,-0.9560,1.1200,-0.5600,0.1400
2026-07-03,14:41:24,5029915,0.0063,-0.0200,-0.9555,1.2600,-0.5600,0.1400
2026-07-03,14:41:24,5030015,0.0054,-0.0205,-0.9540,1.1900,-0.5600,0.0700
2026-07-03,14:41:24,5030119,0.0063,-0.0
195,-0.9536,1.3300,-0.5600,0.2100
2026-07-03,14:41:24,5030215,0.0068,-0.0181,-0.9536,1.2600,-0.4900,0.2100
2026-07-03,14:41:24,5030315,0.0068,-0.0200,-0.9565,1.2600,-0.5600,0.1400
2026-07-03,14:41:24,5030415,0.0063,-0.0195,-0.9560,1.1900,-0.
4900,0.1400
2026-07-03,14:41:25,5030515,0.0054,-0.0210,-0.9540,1.1200,-0.6300,0.2100
2026-07-03,14:41:25,5030615,0.0068,-0.0205,-0.9536,1.2600,-0.4900,0.1400
2026-07-03,14:41:25,5030715,0.0063,-0.0195,-0.9545,1.1900,-0.4900,0.2100
2026-07-0
3,14:41:25,5030815,0.0049,-0.0181,-0.9555,1.2600,-0.4900,0.2100
2026-07-03,14:41:25,5030915,0.0059,-0.0205,-0.9555,1.1900,-0.5600,0.1400
2026-07-03,14:41:25,5031015,0.0054,-0.0210,-0.9575,1.1900,-0.7700,0.1400
2026-07-03,14:41:25,5031115,0.0
054,-0.0205,-0.9536,1.1200,-0.7700,0.2100
2026-07-03,14:41:25,5031215,0.0020,-0.0146,-0.9589,1.2600,-0.5600,0.0700
2026-07-03,14:41:25,5031315,0.0049,-0.0166,-0.9506,1.2600,-0.4900,0.2100
2026-07-03,14:41:25,5031415,-0.0029,-0.0210,-0.9350,1
.4000,-0.1400,0.1400
2026-07-03,14:41:26,5031515,-0.0039,0.0054,-0.9140,1.0500,-0.7000,0.2800
2026-07-03,14:41:26,5031615,0.0166,-0.0346,-0.9770,1.1900,-0.7000,0.0700
2026-07-03,14:41:26,5031715,0.0059,-0.0142,-0.9536,1.1900,-0.4900,0.0700
2026-07-03,14:41:26,5031815,0.0054,-0.0200,-0.9570,1.3300,-0.4900,0.0700
2026-07-03,14:41:26,5031915,0.0059,-0.0195,-0.9575,1.3300,-0.6300,0.0700
2026-07-03,14:41:26,5032015,0.0054,-0.0200,-0.9555,1.3300,-0.6300,0.1400
2026-07-03,14:41:26,50
32115,0.0054,-0.0185,-0.9555,1.2600,-0.5600,0.1400
2026-07-03,14:41:26,5032215,0.0039,-0.0190,-0.9540,1.2600,-0.6300,0.2100
2026-07-03,14:41:26,5032315,0.0044,-0.0220,-0.9570,1.2600,-0.4900,0.1400
2026-07-03,14:41:26,5032415,0.0059,-0.0151,-
0.9550,1.3300,-0.4200,0.2800
2026-07-03,14:41:27,5032515,0.0039,-0.0195,-0.9550,1.1900,-0.5600,0.2100
2026-07-03,14:41:27,5032615,0.0029,-0.0200,-0.9526,1.1900,-0.5600,0.2100
2026-07-03,14:41:27,5032715,0.0073,-0.0190,-0.9555,1.2600,-0.5600,
0.1400
2026-07-03,14:41:27,5032815,0.0044,-0.0239,-0.9579,1.1900,-0.5600,0.1400
2026-07-03,14:41:27,5032915,0.0078,-0.0146,-0.9526,1.1900,-0.4900,0.1400
2026-07-03,14:41:27,5033015,0.0107,-0.0239,-0.9560,1.1900,-0.4900,0.1400
2026-07-03,14:
41:27,5033115,0.0088,-0.0171,-0.9526,1.2600,-0.6300,0.1400
2026-07-03,14:41:27,5033215,-0.0034,-0.0146,-0.9487,1.2600,-0.5600,0.2100
2026-07-03,14:41:27,5033315,0.0029,-0.0249,-0.9579,1.2600,-0.5600,0.1400
2026-07-03,14:41:27,5033419,0.0054,
-0.0185,-0.9536,1.3300,-0.5600,0.1400
2026-07-03,14:41:28,5033515,0.0059,-0.0200,-0.9589,1.2600,-0.5600,0.2100
2026-07-03,14:41:28,5033615,0.0039,-0.0224,-0.9555,1.2600,-0.5600,0.1400
2026-07-03,14:41:28,5033715,0.0063,-0.0220,-0.9575,1.2600
,-0.7700,0.1400
2026-07-03,14:41:28,5033815,0.0024,-0.0205,-0.9536,1.3300,-0.6300,0.2100
2026-07-03,14:41:28,5033915,0.0005,-0.0259,-0.9565,1.1200,-0.5600,0.1400
2026-07-03,14:41:28,5034015,0.0142,-0.0283,-0.9667,1.1900,-0.7700,0.1400
2026-
07-03,14:41:28,5034120,0.0083,-0.0107,-0.9516,1.2600,-0.4900,0.1400
2026-07-03,14:41:28,5034215,0.0083,-0.0205,-0.9584,1.2600,-0.6300,0.1400
2026-07-03,14:41:28,5034315,0.0073,-0.0205,-0.9540,1.1900,-0.4900,0.2100
2026-07-03,14:41:28,5034415
,0.0029,-0.0161,-0.9594,1.3300,-0.4900,0.1400
2026-07-03,14:41:29,5034515,0.0068,-0.0181,-0.9589,1.3300,-0.6300,0.1400
2026-07-03,14:41:29,5034615,0.0010,-0.0185,-0.9599,1.1200,-0.5600,0.1400
2026-07-03,14:41:29,5034715,0.0073,-0.0215,-0.957
9,1.1900,-0.7700,0.1400
2026-07-03,14:41:29,5034820,0.0029,-0.0220,-0.9604,1.1900,-0.4900,0.1400
2026-07-03,14:41:29,5034915,0.0029,-0.0215,-0.9492,1.1200,-0.8400,0.2100
2026-07-03,14:41:29,5035015,0.0088,-0.0166,-0.9511,1.2600,-0.4900,0.140
0
2026-07-03,14:41:29,5035119,0.0112,-0.0181,-0.9521,1.1900,-0.6300,0.2100
2026-07-03,14:41:29,5035215,0.0098,-0.0171,-0.9565,1.1900,-0.5600,0.0700
2026-07-03,14:41:29,5035315,0.0093,-0.0215,-0.9570,1.1900,-0.4900,0.1400
2026-07-03,14:41:29
,5035415,0.0039,-0.0205,-0.9526,1.1900,-0.6300,0.2100
2026-07-03,14:41:30,5035520,0.0059,-0.0210,-0.9609,1.3300,-0.4900,0.1400
2026-07-03,14:41:30,5035615,0.0049,-0.0185,-0.9531,1.1900,-0.5600,0.1400
2026-07-03,14:41:30,5035715,0.0068,-0.021
5,-0.9555,1.1900,-0.5600,0.1400
2026-07-03,14:41:30,5035815,0.0039,-0.0181,-0.9550,1.1900,-0.6300,0.1400
2026-07-03,14:41:30,5035915,0.0039,-0.0195,-0.9555,1.3300,-0.4200,0.2100
2026-07-03,14:41:30,5036015,0.0063,-0.0171,-0.9516,1.3300,-0.63
00,0.2100
2026-07-03,14:41:30,5036115,0.0029,-0.0185,-0.9594,1.1200,-0.6300,0.2100
2026-07-03,14:41:30,5036215,0.0049,-0.0215,-0.9643,1.1900,-0.4900,0.1400
2026-07-03,14:41:30,5036315,0.0093,-0.0229,-0.9560,1.1200,-0.3500,0.0700
2026-07-03,
14:41:30,5036415,0.0049,-0.0185,-0.9540,1.1900,-0.4200,0.1400
2026-07-03,14:41:31,5036515,0.0029,-0.0224,-0.9643,1.4000,-0.4900,0.2100
2026-07-03,14:41:31,5036615,0.0093,-0.0215,-0.9550,1.1900,-0.7000,0.1400
2026-07-03,14:41:31,5036715,0.005
4,-0.0185,-0.9570,1.2600,-0.4900,0.2100
2026-07-03,14:41:31,5036815,0.0098,-0.0259,-0.9589,1.4000,-0.8400,0.2100
2026-07-03,14:41:31,5036915,0.0059,-0.0181,-0.9487,1.2600,-0.6300,0.2100
2026-07-03,14:41:31,5037015,0.0059,-0.0254,-0.9589,1.12
00,-0.4200,0.0700
2026-07-03,14:41:31,5037115,-0.0010,-0.0176,-0.9540,1.2600,-0.5600,0.2100
2026-07-03,14:41:31,5037215,0.0068,-0.0205,-0.9545,1.2600,-0.5600,0.2800
2026-07-03,14:41:31,5037315,0.0107,-0.0205,-0.9560,1.1900,-0.4900,0.1400
20
26-07-03,14:41:31,5037415,0.0107,-0.0146,-0.9526,1.2600,-0.7700,0.0700
2026-07-03,14:41:32,5037515,0.0088,-0.0181,-0.9560,1.3300,-0.5600,0.1400
2026-07-03,14:41:32,5037615,0.0078,-0.0190,-0.9589,1.1900,-0.5600,0.0700
2026-07-03,14:41:32,5037
715,0.0024,-0.0210,-0.9545,1.1900,-0.6300,0.0700
2026-07-03,14:41:32,5037815,0.0044,-0.0268,-0.9633,1.1900,-0.4900,0.1400
2026-07-03,14:41:32,5037915,0.0073,-0.0224,-0.9550,1.4000,-0.6300,0.2100
2026-07-03,14:41:32,5038015,0.0044,-0.0220,-0.
9296,1.1900,-0.4200,0.1400
2026-07-03,14:41:32,5038115,0.0005,-0.0205,-0.9501,1.3300,-0.4200,0.2100
2026-07-03,14:41:32,5038215,0.0044,-0.0166,-0.9540,1.1900,-0.5600,0.2100
2026-07-03,14:41:32,5038315,0.0063,-0.0171,-0.9555,1.1900,-0.5600,0.
1400
2026-07-03,14:41:32,5038415,0.0083,-0.0205,-0.9540,1.2600,-0.5600,0.1400
2026-07-03,14:41:33,5038515,0.0068,-0.0229,-0.9662,1.3300,-0.4900,0.0700
2026-07-03,14:41:33,5038615,0.0039,-0.0185,-0.9550,1.2600,-0.4900,0.1400
2026-07-03,14:41
:33,5038715,0.0049,-0.0234,-0.9560,1.3300,-0.4900,0.1400
2026-07-03,14:41:33,5038815,0.0063,-0.0239,-0.9628,1.1200,-0.6300,0.1400
2026-07-03,14:41:33,5038915,0.0063,-0.0200,-0.9516,1.2600,-0.4200,0.2100
2026-07-03,14:41:33,5039015,0.0059,-0.
0195,-0.9579,1.2600,-0.6300,0.1400
2026-07-03,14:41:33,5039115,0.0029,-0.0151,-0.9706,1.2600,-0.4900,0.0700
2026-07-03,14:41:33,5039215,0.0054,-0.0190,-0.9628,1.4700,-0.3500,0.2100
2026-07-03,14:41:33,5039315,0.0024,-0.0229,-0.9526,1.2600,-0
.3500,0.1400
2026-07-03,14:41:33,5039415,0.0059,-0.0234,-0.9579,1.2600,-0.6300,0.1400
2026-07-03,14:41:34,5039515,0.0044,-0.0200,-0.9560,1.2600,-0.5600,0.1400
2026-07-03,14:41:34,5039615,0.0034,-0.0205,-0.9545,1.1900,-0.4900,0.2100
2026-07-
03,14:41:34,5039715,0.0059,-0.0195,-0.9550,1.1200,-0.5600,0.1400
2026-07-03,14:41:34,5039815,0.0005,-0.0220,-0.9536,1.3300,-0.4900,0.2100
2026-07-03,14:41:34,5039915,0.0000,-0.0215,-0.9643,1.4000,-0.3500,0.1400
2026-07-03,14:41:34,5040015,0.
0029,-0.0181,-0.9604,1.2600,-0.6300,0.2800
2026-07-03,14:41:34,5040119,0.0039,-0.0200,-0.9550,1.1200,-0.7700,0.2800
2026-07-03,14:41:34,5040215,0.0044,-0.0195,-0.9526,1.1900,-0.7700,0.2100
2026-07-03,14:41:34,5040315,0.0039,-0.0210,-0.9667,1
.1200,-0.5600,0.2100
2026-07-03,14:41:34,5040415,-0.0093,-0.0254,-0.9589,1.3300,-0.5600,0.0700
2026-07-03,14:41:35,5040515,-0.0039,-0.0278,-0.9472,1.1900,-0.4200,0.2100
2026-07-03,14:41:35,5040615,0.0034,-0.0181,-0.9584,1.3300,-0.3500,0.1400
2026-07-03,14:41:35,5040715,0.0010,-0.0205,-0.9536,1.2600,-0.5600,0.1400
2026-07-03,14:41:35,5040815,0.0073,-0.0200,-0.9550,1.3300,-0.4200,0.1400
2026-07-03,14:41:35,5040915,0.0068,-0.0205,-0.9560,1.1900,-0.5600,0.2100
2026-07-03,14:41:35,
5041015,0.0068,-0.0190,-0.9565,1.1900,-0.5600,0.0700
2026-07-03,14:41:35,5041115,0.0044,-0.0195,-0.9536,1.2600,-0.4900,0.1400
2026-07-03,14:41:35,5041215,0.0054,-0.0200,-0.9575,1.2600,-0.6300,0.1400
2026-07-03,14:41:35,5041315,0.0054,-0.0239
,-0.9594,1.2600,-0.5600,0.2100
2026-07-03,14:41:35,5041415,-0.0024,-0.0205,-0.9531,1.4000,-0.6300,0.1400
2026-07-03,14:41:36,5041515,0.0063,-0.0185,-0.9521,1.1900,-0.7000,0.2100
2026-07-03,14:41:36,5041615,0.0044,-0.0215,-0.9540,1.2600,-0.56
00,0.1400
2026-07-03,14:41:36,5041720,0.0073,-0.0161,-0.9545,1.2600,-0.6300,0.1400
2026-07-03,14:41:36,5041815,0.0088,-0.0215,-0.9536,1.1200,-0.5600,0.0700
2026-07-03,14:41:36,5041915,0.0049,-0.0200,-0.9536,1.3300,-0.6300,0.0700
2026-07-03,
14:41:36,5042015,0.0034,-0.0220,-0.9575,1.2600,-0.4200,0.0700
2026-07-03,14:41:36,5042115,0.0020,-0.0210,-0.9521,1.2600,-0.5600,0.1400
2026-07-03,14:41:36,5042215,0.0034,-0.0215,-0.9555,1.1900,-0.4900,0.1400
2026-07-03,14:41:36,5042315,0.002
0,-0.0210,-0.9570,1.1900,-0.6300,0.0000
2026-07-03,14:41:36,5042419,0.0044,-0.0229,-0.9540,1.2600,-0.4900,0.0700
2026-07-03,14:41:37,5042515,0.0034,-0.0200,-0.9550,1.1900,-0.6300,0.0700
2026-07-03,14:41:37,5042615,0.0059,-0.0215,-0.9560,1.26
00,-0.4900,0.1400
2026-07-03,14:41:37,5042715,0.0049,-0.0205,-0.9565,1.1900,-0.5600,0.0700
2026-07-03,14:41:37,5042815,0.0034,-0.0210,-0.9555,1.1900,-0.5600,0.1400
2026-07-03,14:41:37,5042915,0.0039,-0.0190,-0.9526,1.1900,-0.5600,0.1400
202
6-07-03,14:41:37,5043015,0.0054,-0.0229,-0.9589,1.2600,-0.5600,0.1400
2026-07-03,14:41:37,5043120,0.0039,-0.0200,-0.9565,1.2600,-0.6300,0.0700
2026-07-03,14:41:37,5043215,0.0024,-0.0215,-0.9555,1.2600,-0.6300,0.1400
2026-07-03,14:41:37,50433
15,0.0039,-0.0205,-0.9540,1.1900,-0.5600,0.2100
2026-07-03,14:41:37,5043415,0.0054,-0.0205,-0.9526,1.2600,-0.4200,0.2100
2026-07-03,14:41:38,5043515,0.0063,-0.0195,-0.9555,1.1900,-0.6300,0.1400
2026-07-03,14:41:38,5043615,0.0073,-0.0185,-0.9
589,1.3300,-0.8400,0.1400
2026-07-03,14:41:38,5043715,0.0063,-0.0210,-0.9545,1.2600,-0.4900,0.1400
2026-07-03,14:41:38,5043815,0.0049,-0.0205,-0.9560,1.2600,-0.4200,0.3500
2026-07-03,14:41:38,5043915,0.0068,-0.0200,-0.9550,1.2600,-0.5600,0.2
100
2026-07-03,14:41:38,5044015,0.0054,-0.0185,-0.9560,1.2600,-0.5600,0.1400
2026-07-03,14:41:38,5044115,0.0054,-0.0205,-0.9555,1.1900,-0.5600,0.1400
2026-07-03,14:41:38,5044215,0.0044,-0.0220,-0.9555,1.1900,-0.5600,0.2800
2026-07-03,14:41:
38,5044315,0.0044,-0.0205,-0.9565,1.2600,-0.4900,0.1400
2026-07-03,14:41:38,5044415,0.0039,-0.0210,-0.9560,1.2600,-0.5600,0.1400
2026-07-03,14:41:39,5044515,0.0039,-0.0181,-0.9565,1.3300,-0.5600,0.2100
2026-07-03,14:41:39,5044615,0.0049,-0.0
190,-0.9560,1.2600,-0.4900,0.1400
2026-07-03,14:41:39,5044715,0.0044,-0.0200,-0.9565,1.1900,-0.5600,0.1400
2026-07-03,14:41:39,5044815,0.0020,-0.0195,-0.9565,1.1900,-0.7000,0.2100
2026-07-03,14:41:39,5044915,0.0054,-0.0205,-0.9555,1.1900,-0.
5600,0.1400
2026-07-03,14:41:39,5045015,0.0049,-0.0200,-0.9545,1.2600,-0.4900,0.1400
2026-07-03,14:41:39,5045119,0.0044,-0.0210,-0.9565,1.1900,-0.7000,0.0700
2026-07-03,14:41:39,5045215,0.0063,-0.0205,-0.9550,1.1900,-0.5600,0.2100
2026-07-0
3,14:41:39,5045315,0.0024,-0.0200,-0.9560,1.1900,-0.4900,0.0700
2026-07-03,14:41:39,5045415,0.0034,-0.0195,-0.9550,1.1900,-0.5600,0.1400
2026-07-03,14:41:40,5045515,0.0054,-0.0195,-0.9570,1.1900,-0.4900,0.0700
2026-07-03,14:41:40,5045615,0.0
059,-0.0200,-0.9565,1.1200,-0.6300,0.1400
2026-07-03,14:41:40,5045715,0.0039,-0.0200,-0.9545,1.2600,-0.5600,0.1400
2026-07-03,14:41:40,5045815,0.0039,-0.0215,-0.9570,1.2600,-0.5600,0.1400
2026-07-03,14:41:40,5045915,0.0059,-0.0195,-0.9521,1.
2600,-0.5600,0.1400
2026-07-03,14:41:40,5046015,0.0059,-0.0210,-0.9540,1.1900,-0.4900,0.2100
2026-07-03,14:41:40,5046115,0.0063,-0.0185,-0.9540,1.1900,-0.4900,0.1400
2026-07-03,14:41:40,5046215,0.0059,-0.0210,-0.9555,1.2600,-0.5600,0.1400
2
026-07-03,14:41:40,5046315,0.0063,-0.0200,-0.9579,1.1900,-0.4900,0.1400
2026-07-03,14:41:40,5046415,0.0044,-0.0215,-0.9545,1.1900,-0.5600,0.2100
2026-07-03,14:41:41,5046515,0.0049,-0.0210,-0.9560,1.1200,-0.4900,0.1400
2026-07-03,14:41:41,504
6615,0.0034,-0.0200,-0.9550,1.1900,-0.4200,0.0700
2026-07-03,14:41:41,5046715,0.0068,-0.0205,-0.9550,1.2600,-0.5600,0.2100
2026-07-03,14:41:41,5046815,0.0049,-0.0176,-0.9594,1.2600,-0.5600,0.2100
2026-07-03,14:41:41,5046915,0.0054,-0.0181,-0
.9550,1.3300,-0.4200,0.1400
2026-07-03,14:41:41,5047015,0.0044,-0.0195,-0.9550,1.2600,-0.5600,0.2800
2026-07-03,14:41:41,5047115,0.0034,-0.0195,-0.9565,1.1900,-0.5600,0.1400
2026-07-03,14:41:41,5047215,0.0054,-0.0220,-0.9584,1.2600,-0.5600,0
.1400
2026-07-03,14:41:41,5047315,0.0059,-0.0200,-0.9560,1.3300,-0.5600,0.1400
2026-07-03,14:41:41,5047415,0.0063,-0.0190,-0.9584,1.1900,-0.7000,0.2100
2026-07-03,14:41:42,5047515,0.0059,-0.0210,-0.9536,1.2600,-0.5600,0.2800
2026-07-03,14:4
1:42,5047615,0.0059,-0.0200,-0.9540,1.2600,-0.4200,0.2100
2026-07-03,14:41:42,5047715,0.0039,-0.0195,-0.9555,1.1900,-0.4900,0.2100
2026-07-03,14:41:42,5047815,0.0049,-0.0205,-0.9570,1.2600,-0.5600,0.2100
2026-07-03,14:41:42,5047915,0.0039,-0
.0200,-0.9536,1.1900,-0.4200,0.2100
2026-07-03,14:41:42,5048015,0.0054,-0.0185,-0.9545,1.1900,-0.4200,0.1400
2026-07-03,14:41:42,5048115,0.0054,-0.0195,-0.9560,1.2600,-0.7000,0.1400
2026-07-03,14:41:42,5048215,0.0063,-0.0215,-0.9526,1.1900,-
0.4900,0.1400
2026-07-03,14:41:42,5048315,0.0049,-0.0210,-0.9575,1.2600,-0.5600,0.0700
2026-07-03,14:41:42,5048415,0.0054,-0.0210,-0.9531,1.2600,-0.6300,0.2100
2026-07-03,14:41:43,5048515,0.0054,-0.0190,-0.9565,1.1900,-0.4900,0.1400
2026-07
-03,14:41:43,5048615,0.0034,-0.0190,-0.9521,1.2600,-0.5600,0.2100
2026-07-03,14:41:43,5048715,0.0049,-0.0210,-0.9540,1.1900,-0.4900,0.2100
2026-07-03,14:41:43,5048815,0.0068,-0.0205,-0.9565,1.1900,-0.6300,0.1400
2026-07-03,14:41:43,5048915,0
.0039,-0.0185,-0.9545,1.2600,-0.6300,0.0700
2026-07-03,14:41:43,5049015,0.0049,-0.0210,-0.9565,1.1900,-0.5600,0.2100
2026-07-03,14:41:43,5049115,0.0044,-0.0205,-0.9550,1.1900,-0.5600,0.1400
2026-07-03,14:41:43,5049215,0.0083,-0.0205,-0.9531,
1.1900,-0.7000,0.2100
2026-07-03,14:41:43,5049315,0.0068,-0.0229,-0.9516,1.2600,-0.7000,0.1400
2026-07-03,14:41:43,5049415,0.0034,-0.0220,-0.9501,1.1900,-0.9100,0.0700
2026-07-03,14:41:44,5049515,0.0054,-0.0205,-0.9579,1.1200,-0.7700,0.1400
2026-07-03,14:41:44,5049615,0.0054,-0.0224,-0.9506,1.2600,-0.9800,0.2800
2026-07-03,14:41:44,5049715,0.0107,-0.0234,-0.9575,1.3300,-0.3500,0.0700
2026-07-03,14:41:44,5049815,-0.0005,-0.0224,-0.9565,1.1200,-0.6300,0.1400
2026-07-03,14:41:44,
5049915,0.0005,-0.0205,-0.9545,1.2600,-0.5600,0.2100
2026-07-03,14:41:44,5050020,0.0029,-0.0220,-0.9526,1.1900,-0.4900,0.1400
2026-07-03,14:41:44,5050119,0.0049,-0.0200,-0.9555,1.1900,-0.6300,0.1400
2026-07-03,14:41:44,5050215,0.0049,-0.0200
,-0.9555,1.3300,-0.6300,0.1400
2026-07-03,14:41:44,5050315,0.0063,-0.0190,-0.9570,1.1900,-0.6300,0.2100
2026-07-03,14:41:44,5050415,0.0059,-0.0195,-0.9545,1.3300,-0.6300,0.0700
2026-07-03,14:41:45,5050515,0.0068,-0.0190,-0.9540,1.1200,-0.560
0,0.1400
2026-07-03,14:41:45,5050615,0.0049,-0.0200,-0.9545,1.2600,-0.7000,0.1400
2026-07-03,14:41:45,5050721,0.0039,-0.0200,-0.9594,1.2600,-0.4900,0.2100
2026-07-03,14:41:45,5050815,0.0044,-0.0200,-0.9555,1.2600,-0.6300,0.0700
2026-07-03,1
4:41:45,5050915,0.0044,-0.0185,-0.9550,1.1900,-0.5600,0.1400
2026-07-03,14:41:45,5051015,0.0049,-0.0190,-0.9550,1.1900,-0.6300,0.1400
2026-07-03,14:41:45,5051115,0.0063,-0.0210,-0.9560,1.1900,-0.5600,0.2100
2026-07-03,14:41:45,5051215,0.0029
,-0.0190,-0.9565,1.2600,-0.5600,0.0700
2026-07-03,14:41:45,5051315,0.0063,-0.0220,-0.9555,1.2600,-0.4900,0.2100
2026-07-03,14:41:45,5051420,0.0049,-0.0200,-0.9575,1.3300,-0.4900,0.1400
2026-07-03,14:41:46,5051515,0.0044,-0.0176,-0.9575,1.260
0,-0.4900,0.2100
2026-07-03,14:41:46,5051615,0.0078,-0.0210,-0.9545,1.2600,-0.4900,0.2800
2026-07-03,14:41:46,5051715,0.0039,-0.0205,-0.9565,1.1900,-0.6300,0.2100
2026-07-03,14:41:46,5051815,0.0049,-0.0176,-0.9565,1.1200,-0.4900,0.0700
2026
-07-03,14:41:46,5051915,0.0039,-0.0205,-0.9560,1.1900,-0.4900,0.2100
2026-07-03,14:41:46,5052015,0.0039,-0.0205,-0.9555,1.2600,-0.5600,0.2800
2026-07-03,14:41:46,5052115,0.0049,-0.0195,-0.9555,1.2600,-0.6300,0.2100
2026-07-03,14:41:46,505221
5,0.0049,-0.0215,-0.9540,1.1900,-0.4900,0.1400
2026-07-03,14:41:46,5052315,0.0044,-0.0205,-0.9560,1.2600,-0.4200,0.1400
2026-07-03,14:41:46,5052415,0.0044,-0.0210,-0.9565,1.2600,-0.4900,0.1400
2026-07-03,14:41:47,5052515,0.0059,-0.0200,-0.95
60,1.2600,-0.4200,0.1400
2026-07-03,14:41:47,5052615,0.0044,-0.0200,-0.9550,1.2600,-0.4900,0.2100
2026-07-03,14:41:47,5052715,0.0020,-0.0190,-0.9584,1.2600,-0.4900,0.2100
2026-07-03,14:41:47,5052815,0.0044,-0.0215,-0.9565,1.2600,-0.6300,0.07
00
2026-07-03,14:41:47,5052915,0.0049,-0.0229,-0.9550,1.2600,-0.4900,0.1400
2026-07-03,14:41:47,5053015,0.0054,-0.0190,-0.9540,1.2600,-0.5600,0.1400
2026-07-03,14:41:47,5053115,0.0044,-0.0215,-0.9536,1.1900,-0.4900,0.2100
2026-07-03,14:41:4
7,5053215,0.0039,-0.0171,-0.9379,1.4700,-0.4200,0.1400
2026-07-03,14:41:47,5053315,0.0034,-0.0190,-0.9575,1.1200,-0.6300,0.1400
2026-07-03,14:41:47,5053415,0.0049,-0.0176,-0.9555,1.1900,-0.6300,0.0700
2026-07-03,14:41:48,5053515,0.0044,-0.02
15,-0.9540,1.3300,-0.4900,0.1400
2026-07-03,14:41:48,5053615,0.0029,-0.0195,-0.9536,1.2600,-0.7000,0.1400
2026-07-03,14:41:48,5053715,0.0034,-0.0195,-0.9550,1.1900,-0.5600,0.2100
2026-07-03,14:41:48,5053815,0.0044,-0.0195,-0.9560,1.2600,-0.6
300,0.2100
2026-07-03,14:41:48,5053915,0.0049,-0.0190,-0.9555,1.2600,-0.5600,0.2100
2026-07-03,14:41:48,5054015,0.0044,-0.0200,-0.9550,1.1900,-0.4900,0.1400
2026-07-03,14:41:48,5054115,0.0034,-0.0190,-0.9545,1.2600,-0.5600,0.1400
2026-07-03
,14:41:48,5054215,0.0044,-0.0200,-0.9545,1.1900,-0.5600,0.2800
2026-07-03,14:41:48,5054315,0.0029,-0.0220,-0.9536,1.2600,-0.7000,0.1400
2026-07-03,14:41:48,5054415,0.0063,-0.0210,-0.9540,1.3300,-0.4900,0.2100
2026-07-03,14:41:49,5054515,0.00
54,-0.0190,-0.9560,1.2600,-0.6300,0.2800
2026-07-03,14:41:49,5054615,0.0015,-0.0166,-0.9536,1.1900,-0.5600,0.1400
2026-07-03,14:41:49,5054715,0.0063,-0.0215,-0.9565,1.3300,-0.6300,0.2100
2026-07-03,14:41:49,5054815,0.0044,-0.0190,-0.9521,1.2
600,-0.4200,0.1400
2026-07-03,14:41:49,5054915,0.0034,-0.0181,-0.9560,1.2600,-0.5600,0.2100
2026-07-03,14:41:49,5055015,0.0049,-0.0176,-0.9565,1.1900,-0.6300,0.2100
2026-07-03,14:41:49,5055119,0.0039,-0.0210,-0.9540,1.2600,-0.6300,0.0700
20
26-07-03,14:41:49,5055215,0.0044,-0.0185,-0.9521,1.2600,-0.6300,0.1400
2026-07-03,14:41:49,5055315,0.0049,-0.0224,-0.9536,1.1900,-0.4200,0.1400
2026-07-03,14:41:49,5055415,0.0039,-0.0190,-0.9560,1.2600,-0.4200,0.2100
2026-07-03,14:41:50,5055
515,0.0029,-0.0210,-0.9560,1.1900,-0.5600,0.2100
2026-07-03,14:41:50,5055615,0.0049,-0.0205,-0.9531,1.2600,-0.5600,0.1400
2026-07-03,14:41:50,5055715,0.0063,-0.0190,-0.9560,1.2600,-0.4900,0.2100
2026-07-03,14:41:50,5055815,0.0034,-0.0205,-0.
9570,1.2600,-0.5600,0.2800
2026-07-03,14:41:50,5055915,0.0044,-0.0220,-0.9545,1.2600,-0.6300,0.2100
2026-07-03,14:41:50,5056015,0.0034,-0.0200,-0.9555,1.2600,-0.7000,0.1400
2026-07-03,14:41:50,5056115,0.0034,-0.0190,-0.9560,1.2600,-0.6300,0.
2100
2026-07-03,14:41:50,5056215,0.0054,-0.0220,-0.9540,1.2600,-0.6300,0.0700
2026-07-03,14:41:50,5056315,0.0029,-0.0205,-0.9550,1.1900,-0.7000,0.1400
2026-07-03,14:41:50,5056415,0.0059,-0.0190,-0.9555,1.1900,-0.5600,0.1400
2026-07-03,14:41
:51,5056515,0.0034,-0.0200,-0.9536,1.3300,-0.5600,0.2100
2026-07-03,14:41:51,5056615,0.0049,-0.0205,-0.9501,1.2600,-0.5600,0.2100
2026-07-03,14:41:51,5056715,0.0024,-0.0185,-0.9604,1.1900,-0.7000,0.1400
2026-07-03,14:41:51,5056815,-0.0005,-0
.0224,-0.9472,1.2600,-0.5600,0.1400
2026-07-03,14:41:51,5056915,0.0044,-0.0200,-0.9589,1.2600,-0.4900,0.1400
2026-07-03,14:41:51,5057015,0.0015,-0.0210,-0.9575,1.2600,-0.6300,0.2100
2026-07-03,14:41:51,5057115,0.0029,-0.0176,-0.9536,1.2600,-
0.4200,0.2100
2026-07-03,14:41:51,5057215,0.0049,-0.0200,-0.9570,1.2600,-0.5600,0.1400
2026-07-03,14:41:51,5057315,0.0034,-0.0195,-0.9536,1.2600,-0.4900,0.2100
2026-07-03,14:41:51,5057415,0.0044,-0.0215,-0.9565,1.2600,-0.5600,0.1400
2026-07
-03,14:41:52,5057515,0.0015,-0.0171,-0.9536,1.3300,-0.4900,0.1400
2026-07-03,14:41:52,5057615,0.0034,-0.0195,-0.9550,1.1900,-0.5600,0.1400
2026-07-03,14:41:52,5057715,0.0054,-0.0176,-0.9531,1.2600,-0.5600,0.1400
2026-07-03,14:41:52,5057815,0
.0063,-0.0195,-0.9565,1.1900,-0.6300,0.0700
2026-07-03,14:41:52,5057915,0.0044,-0.0210,-0.9570,1.2600,-0.6300,0.1400
2026-07-03,14:41:52,5058015,0.0044,-0.0190,-0.9584,1.2600,-0.4200,0.2100
2026-07-03,14:41:52,5058115,0.0068,-0.0176,-0.9555,
1.1900,-0.5600,0.1400
2026-07-03,14:41:52,5058215,0.0044,-0.0185,-0.9555,1.1900,-0.5600,0.0700
2026-07-03,14:41:52,5058321,0.0054,-0.0181,-0.9560,1.2600,-0.5600,0.1400
2026-07-03,14:41:52,5058415,0.0088,-0.0190,-0.9545,1.1900,-0.5600,0.2100
2026-07-03,14:41:53,5058515,0.0054,-0.0185,-0.9570,1.1900,-0.5600,0.2100
2026-07-03,14:41:53,5058615,0.0010,-0.0210,-0.9545,1.2600,-0.4900,0.0700
2026-07-03,14:41:53,5058715,0.0024,-0.0171,-0.9536,1.3300,-0.4900,0.1400
2026-07-03,14:41:53,5
058815,0.0010,-0.0205,-0.9584,1.1200,-0.5600,0.1400
2026-07-03,14:41:53,5058915,0.0039,-0.0195,-0.9545,1.3300,-0.5600,0.2100
2026-07-03,14:41:53,5059020,0.0020,-0.0229,-0.9575,1.1900,-0.6300,0.0700
2026-07-03,14:41:53,5059115,0.0054,-0.0156,
-0.9560,1.1200,-0.6300,0.1400
2026-07-03,14:41:53,5059215,0.0039,-0.0205,-0.9526,1.2600,-0.4900,0.1400
2026-07-03,14:41:53,5059315,0.0029,-0.0190,-0.9536,1.3300,-0.5600,0.2100
2026-07-03,14:41:53,5059415,0.0049,-0.0200,-0.9570,1.2600,-0.5600
,0.2100
2026-07-03,14:41:54,5059515,0.0049,-0.0195,-0.9550,1.1200,-0.4200,0.2100
2026-07-03,14:41:54,5059615,0.0049,-0.0205,-0.9560,1.2600,-0.6300,0.2100
2026-07-03,14:41:54,5059721,0.0068,-0.0200,-0.9555,1.2600,-0.6300,0.1400
2026-07-03,14
:41:54,5059815,0.0044,-0.0210,-0.9555,1.1900,-0.4900,0.2100
2026-07-03,14:41:54,5059915,0.0034,-0.0200,-0.9570,1.2600,-0.6300,0.2100
2026-07-03,14:41:54,5060015,0.0034,-0.0195,-0.9555,1.1900,-0.4900,0.2100
2026-07-03,14:41:54,5060119,0.0024,
-0.0210,-0.9550,1.1900,-0.6300,0.2100
2026-07-03,14:41:54,5060215,0.0029,-0.0215,-0.9550,1.1900,-0.4900,0.0700
2026-07-03,14:41:54,5060315,0.0039,-0.0215,-0.9579,1.2600,-0.5600,0.1400
2026-07-03,14:41:54,5060420,0.0034,-0.0205,-0.9540,1.1900
,-0.5600,0.2100
2026-07-03,14:41:55,5060515,0.0034,-0.0200,-0.9540,1.2600,-0.7000,0.0700
2026-07-03,14:41:55,5060615,0.0020,-0.0224,-0.9584,1.2600,-0.5600,0.0700
2026-07-03,14:41:55,5060715,0.0024,-0.0210,-0.9545,1.1900,-0.3500,0.1400
2026-
07-03,14:41:55,5060815,0.0029,-0.0229,-0.9555,1.1900,-0.5600,0.0700
2026-07-03,14:41:55,5060915,0.0039,-0.0200,-0.9550,1.2600,-0.5600,0.0700
2026-07-03,14:41:55,5061015,0.0039,-0.0195,-0.9540,1.2600,-0.5600,0.1400
2026-07-03,14:41:55,5061115
,0.0039,-0.0185,-0.9545,1.2600,-0.6300,0.1400
2026-07-03,14:41:55,5061215,0.0034,-0.0205,-0.9545,1.1900,-0.4900,0.0700
# SESSION STOP
# SESSION START
2026-07-03,14:55:41,5886928,0.0049,-0.0181,-0.9570,1.1900,-0.4900,0.1400
2026-07-03,14:55
:41,5887028,0.0039,-0.0215,-0.9570,1.1200,-0.5600,0.2100
2026-07-03,14:55:41,5887127,0.0054,-0.0185,-0.9550,1.1900,-0.4900,0.1400
2026-07-03,14:55:41,5887228,0.0054,-0.0200,-0.9584,1.2600,-0.4900,0.0700
2026-07-03,14:55:41,5887328,0.0015,-0.
0181,-0.9540,1.2600,-0.4200,0.1400
2026-07-03,14:55:41,5887428,0.0024,-0.0190,-0.9560,1.1900,-0.4900,0.1400
2026-07-03,14:55:42,5887528,0.0024,-0.0200,-0.9560,1.1900,-0.5600,0.1400
2026-07-03,14:55:42,5887627,0.0024,-0.0190,-0.9570,1.2600,-0
.6300,0.1400
2026-07-03,14:55:42,5887728,0.0034,-0.0195,-0.9555,1.1900,-0.4900,0.1400
2026-07-03,14:55:42,5887828,0.0054,-0.0205,-0.9545,1.1900,-0.6300,0.2100
2026-07-03,14:55:42,5887928,0.0054,-0.0229,-0.9545,1.1900,-0.6300,0.1400
2026-07-
03,14:55:42,5888028,0.0010,-0.0200,-0.9560,1.1900,-0.6300,0.1400
2026-07-03,14:55:42,5888127,0.0059,-0.0190,-0.9565,1.2600,-0.6300,0.1400
2026-07-03,14:55:42,5888228,0.0039,-0.0210,-0.9536,1.2600,-0.5600,0.2100
2026-07-03,14:55:42,5888328,0.
0044,-0.0195,-0.9540,1.3300,-0.5600,0.1400
2026-07-03,14:55:42,5888428,0.0034,-0.0215,-0.9570,1.1900,-0.5600,0.2100
2026-07-03,14:55:43,5888528,0.0034,-0.0200,-0.9540,1.1900,-0.7000,0.1400
2026-07-03,14:55:43,5888627,0.0039,-0.0200,-0.9584,0
.9100,-0.7700,0.2100
2026-07-03,14:55:43,5888733,0.0034,-0.0205,-0.9575,1.4000,-0.4200,0.1400
2026-07-03,14:55:43,5888828,0.0044,-0.0171,-0.9565,1.2600,-0.4200,0.0700
2026-07-03,14:55:43,5888928,0.0029,-0.0210,-0.9589,1.2600,-0.5600,0.1400
2026-07-03,14:55:43,5889028,0.0039,-0.0195,-0.9545,1.2600,-0.5600,0.1400
# SESSION STOP
# SESSION START
2026-07-03,15:12:49,6914783,0.0024,-0.0190,-0.9579,1.3300,-0.6300,0.1400
2026-07-03,15:12:49,6914881,0.0029,-0.0181,-0.9575,1.1900,-0.28
00,0.0700
2026-07-03,15:12:49,6914981,0.0049,-0.0220,-0.9575,1.4000,-0.3500,0.1400
2026-07-03,15:12:49,6915081,0.0024,-0.0185,-0.9575,1.4700,-0.5600,0.1400
2026-07-03,15:12:49,6915181,0.0029,-0.0200,-0.9594,1.0500,-0.4200,0.1400
2026-07-03,
15:12:49,6915281,0.0059,-0.0229,-0.9584,1.2600,-0.6300,0.0700
# SESSION STOP
# SESSION START
2026-07-03,15:15:04,20770,0.0054,-0.0195,-0.9545,1.3300,-0.4200,0.1400
2026-07-03,15:15:04,20869,0.0044,-0.0215,-0.9560,1.1200,-0.6300,0.1400
2026
-07-03,15:15:04,20969,0.0034,-0.0210,-0.9575,1.3300,-0.4900,0.1400
2026-07-03,15:15:05,21074,0.0049,-0.0210,-0.9550,1.1200,-0.4900,0.1400
2026-07-03,15:15:05,21168,0.0073,-0.0210,-0.9540,1.3300,-0.5600,0.1400
2026-07-03,15:15:05,21269,0.0049
,-0.0220,-0.9555,1.2600,-0.4900,0.0700
2026-07-03,15:15:05,21369,0.0054,-0.0210,-0.9565,1.3300,-0.4200,0.1400
2026-07-03,15:15:05,21469,0.0029,-0.0190,-0.9540,1.1900,-0.4900,0.1400
2026-07-03,15:15:05,21569,0.0068,-0.0205,-0.9536,1.2600,-0.4
900,0.1400
2026-07-03,15:15:05,21668,0.0039,-0.0185,-0.9540,1.2600,-0.4900,0.2100
2026-07-03,15:15:05,21769,0.0054,-0.0215,-0.9536,1.1900,-0.4900,0.0700
2026-07-03,15:15:05,21869,0.0039,-0.0215,-0.9536,1.2600,-0.4200,0.1400
2026-07-03,15:15
:05,21969,0.0044,-0.0215,-0.9550,1.2600,-0.4200,0.1400
2026-07-03,15:15:06,22069,0.0049,-0.0190,-0.9531,1.1900,-0.7000,0.0700
2026-07-03,15:15:06,22168,0.0059,-0.0229,-0.9550,1.2600,-0.5600,0.2100
2026-07-03,15:15:06,22269,0.0034,-0.0205,-0.
9540,1.1900,-0.5600,0.2100
2026-07-03,15:15:06,22369,0.0044,-0.0190,-0.9536,1.2600,-0.4200,0.2100
2026-07-03,15:15:06,22469,0.0044,-0.0200,-0.9575,1.2600,-0.6300,0.2100
2026-07-03,15:15:06,22569,0.0044,-0.0181,-0.9545,1.2600,-0.5600,0.0700
2026-07-03,15:15:06,22668,0.0059,-0.0195,-0.9540,1.2600,-0.4900,0.1400
2026-07-03,15:15:06,22769,0.0029,-0.0205,-0.9555,1.1900,-0.4900,0.1400
2026-07-03,15:15:06,22869,0.0039,-0.0195,-0.9540,1.1200,-0.6300,0.0700
2026-07-03,15:15:06,22969,0.
0039,-0.0200,-0.9540,1.1900,-0.4900,0.0700
2026-07-03,15:15:07,23069,0.0049,-0.0210,-0.9560,1.2600,-0.4900,0.1400
2026-07-03,15:15:07,23168,0.0044,-0.0210,-0.9555,1.2600,-0.5600,0.0700
2026-07-03,15:15:07,23269,0.0063,-0.0195,-0.9555,1.2600,
-0.4900,0.0700
2026-07-03,15:15:07,23369,0.0044,-0.0210,-0.9550,1.2600,-0.3500,0.1400
2026-07-03,15:15:07,23469,0.0049,-0.0176,-0.9536,1.1900,-0.5600,0.0700
2026-07-03,15:15:07,23569,0.0054,-0.0210,-0.9540,1.1900,-0.4900,0.2100
2026-07-03,1
5:15:07,23668,0.0044,-0.0190,-0.9609,1.1200,-0.4200,0.2100
2026-07-03,15:15:07,23769,0.0044,-0.0181,-0.9589,1.3300,-0.6300,0.1400
2026-07-03,15:15:07,23869,0.0049,-0.0220,-0.9531,1.1900,-0.4200,0.0700
2026-07-03,15:15:07,23973,0.0068,-0.0205
,-0.9536,1.3300,-0.4200,0.1400
2026-07-03,15:15:08,24069,0.0049,-0.0215,-0.9560,1.1900,-0.5600,0.1400
2026-07-03,15:15:08,24168,0.0029,-0.0210,-0.9531,1.3300,-0.6300,0.0700
2026-07-03,15:15:08,24269,0.0039,-0.0210,-0.9540,1.1900,-0.5600,0.14
00
2026-07-03,15:15:08,24369,0.0039,-0.0185,-0.9555,1.1900,-0.4200,0.1400
2026-07-03,15:15:08,24469,0.0068,-0.0200,-0.9540,1.2600,-0.5600,0.2100
2026-07-03,15:15:08,24569,0.0059,-0.0215,-0.9555,1.3300,-0.5600,0.0700
2026-07-03,15:15:08,2466
8,0.0034,-0.0176,-0.9540,1.1900,-0.4200,0.1400
2026-07-03,15:15:08,24769,0.0039,-0.0205,-0.9550,1.1900,-0.4900,0.2100
2026-07-03,15:15:08,24869,0.0044,-0.0205,-0.9565,1.2600,-0.4900,0.2100
2026-07-03,15:15:08,24969,0.0044,-0.0190,-0.9550,1.2
600,-0.4900,0.1400
2026-07-03,15:15:09,25069,0.0049,-0.0210,-0.9579,1.1900,-0.4900,0.2100
2026-07-03,15:15:09,25168,0.0054,-0.0195,-0.9521,1.3300,-0.4900,0.1400
2026-07-03,15:15:09,25269,0.0063,-0.0185,-0.9540,1.1200,-0.6300,0.1400
2026-07-
03,15:15:09,25374,0.0029,-0.0185,-0.9579,1.1900,-0.5600,0.0700
2026-07-03,15:15:09,25475,0.0039,-0.0210,-0.9550,1.2600,-0.4900,0.2100
2026-07-03,15:15:09,25577,0.0034,-0.0215,-0.9575,1.2600,-0.4900,0.1400
2026-07-03,15:15:09,25673,0.0068,-0.
0181,-0.9570,1.2600,-0.4900,0.0700
2026-07-03,15:15:09,25777,0.0034,-0.0195,-0.9560,1.3300,-0.5600,0.1400
2026-07-03,15:15:09,25873,0.0063,-0.0200,-0.9565,1.1900,-0.3500,0.2100
2026-07-03,15:15:09,25973,0.0039,-0.0190,-0.9550,1.2600,-0.4200,
0.1400
2026-07-03,15:15:10,26078,0.0029,-0.0200,-0.9560,1.2600,-0.6300,0.1400
2026-07-03,15:15:10,26173,0.0039,-0.0239,-0.9545,1.1900,-0.4900,0.1400
2026-07-03,15:15:10,26273,0.0059,-0.0195,-0.9560,1.3300,-0.5600,0.0700
2026-07-03,15:15:10,
26373,0.0054,-0.0215,-0.9560,1.3300,-0.4900,0.2100
2026-07-03,15:15:10,26473,0.0034,-0.0205,-0.9550,1.2600,-0.4900,0.0700
2026-07-03,15:15:10,26573,0.0063,-0.0200,-0.9560,1.2600,-0.4200,0.2100
2026-07-03,15:15:10,26673,0.0039,-0.0190,-0.9560
,1.1900,-0.5600,0.1400
2026-07-03,15:15:10,26778,0.0044,-0.0205,-0.9550,1.2600,-0.4200,0.2100
2026-07-03,15:15:10,26873,0.0039,-0.0200,-0.9550,1.2600,-0.4900,0.1400
2026-07-03,15:15:10,26973,0.0054,-0.0137,-0.9087,1.4700,-0.3500,0.0000
2026
-07-03,15:15:11,27073,0.0054,-0.0210,-0.9653,1.1200,-0.5600,0.2100
2026-07-03,15:15:11,27173,0.0039,-0.0181,-0.9531,1.2600,-0.5600,0.2100
2026-07-03,15:15:11,27273,0.0049,-0.0220,-0.9536,1.2600,-0.4900,0.2100
2026-07-03,15:15:11,27373,0.0044
,-0.0200,-0.9550,1.2600,-0.6300,0.2100
2026-07-03,15:15:11,27479,-0.0059,-0.0102,-0.9414,1.3300,-0.3500,0.1400
2026-07-03,15:15:11,27573,0.0059,-0.0400,-0.9701,1.2600,-0.4900,0.3500
2026-07-03,15:15:11,27673,0.0020,-0.0088,-0.9531,1.1900,-0.
6300,0.1400
2026-07-03,15:15:11,27773,0.0088,-0.0268,-0.9687,1.1900,-0.4900,0.0000
2026-07-03,15:15:11,27873,0.0059,-0.0210,-0.9536,1.2600,-0.6300,0.0700
2026-07-03,15:15:11,27973,0.0024,-0.0195,-0.9570,1.2600,-0.4200,0.1400
2026-07-03,15:1
5:12,28073,0.0059,-0.0220,-0.9516,1.3300,-0.4200,0.2100
2026-07-03,15:15:12,28173,0.0044,-0.0161,-0.9555,1.1900,-0.5600,0.1400
2026-07-03,15:15:12,28273,0.0049,-0.0220,-0.9604,1.1900,-0.6300,0.1400
2026-07-03,15:15:12,28373,0.0039,-0.0210,-0
.9511,1.1900,-0.4900,0.0700
2026-07-03,15:15:12,28473,0.0000,-0.0215,-0.9555,1.1900,-0.4900,0.1400
2026-07-03,15:15:12,28573,-0.0005,-0.0156,-0.9550,1.0500,-0.4900,0.1400
2026-07-03,15:15:12,28673,0.0039,-0.0239,-0.9565,1.3300,-0.5600,0.0700
2026-07-03,15:15:12,28773,0.0029,-0.0200,-0.9555,1.1900,-0.4900,0.2100
2026-07-03,15:15:12,28873,0.0024,-0.0195,-0.9570,1.2600,-0.5600,0.1400
2026-07-03,15:15:12,28973,0.0039,-0.0205,-0.9545,1.2600,-0.4200,0.1400
2026-07-03,15:15:13,29073,
0.0029,-0.0220,-0.9545,1.1900,-0.4900,0.0700
2026-07-03,15:15:13,29173,0.0034,-0.0224,-0.9555,1.1900,-0.4200,0.1400
2026-07-03,15:15:13,29273,0.0063,-0.0205,-0.9560,1.1900,-0.4900,0.2100
2026-07-03,15:15:13,29373,0.0034,-0.0224,-0.9565,1.260
0,-0.4900,0.0700
2026-07-03,15:15:13,29473,0.0054,-0.0190,-0.9540,1.1900,-0.4200,0.1400
2026-07-03,15:15:13,29573,0.0029,-0.0190,-0.9555,1.2600,-0.5600,0.0700
2026-07-03,15:15:13,29673,0.0044,-0.0171,-0.9536,1.1900,-0.5600,0.0700
2026-07-03
,15:15:13,29773,0.0044,-0.0190,-0.9540,1.3300,-0.4900,0.1400
2026-07-03,15:15:13,29873,0.0054,-0.0210,-0.9550,1.1900,-0.5600,0.1400
2026-07-03,15:15:13,29973,0.0029,-0.0195,-0.9540,1.2600,-0.4900,0.1400
2026-07-03,15:15:14,30073,0.0054,-0.02
00,-0.9555,1.1900,-0.5600,0.1400
2026-07-03,15:15:14,30173,0.0034,-0.0195,-0.9570,1.3300,-0.5600,0.0700
2026-07-03,15:15:14,30273,0.0044,-0.0210,-0.9545,1.1900,-0.4900,0.0700
2026-07-03,15:15:14,30373,0.0034,-0.0195,-0.9540,1.1900,-0.4200,0.
1400
2026-07-03,15:15:14,30473,0.0044,-0.0210,-0.9555,1.2600,-0.4900,0.1400
2026-07-03,15:15:14,30573,0.0054,-0.0200,-0.9540,1.1900,-0.6300,0.1400
2026-07-03,15:15:14,30673,0.0044,-0.0200,-0.9536,1.2600,-0.5600,0.1400
2026-07-03,15:15:14,30
777,0.0049,-0.0210,-0.9565,1.1900,-0.4900,0.0700
2026-07-03,15:15:14,30873,0.0039,-0.0200,-0.9545,1.1900,-0.4900,0.1400
2026-07-03,15:15:14,30973,0.0029,-0.0195,-0.9555,1.1900,-0.4900,0.1400
2026-07-03,15:15:15,31073,0.0039,-0.0205,-0.9550,1
.2600,-0.5600,0.1400
2026-07-03,15:15:15,31173,0.0044,-0.0190,-0.9565,1.1900,-0.5600,0.1400
2026-07-03,15:15:15,31273,0.0034,-0.0195,-0.9560,1.2600,-0.4900,0.2800
2026-07-03,15:15:15,31373,0.0054,-0.0190,-0.9579,1.3300,-0.4900,0.1400
2026-0
7-03,15:15:15,31473,0.0049,-0.0200,-0.9521,1.2600,-0.6300,0.1400
2026-07-03,15:15:15,31573,0.0029,-0.0190,-0.9584,1.2600,-0.4900,0.0700
2026-07-03,15:15:15,31673,0.0044,-0.0185,-0.9570,1.2600,-0.2800,0.2100
2026-07-03,15:15:15,31773,0.0024,-
0.0220,-0.9540,1.2600,-0.4200,0.1400
2026-07-03,15:15:15,31873,0.0029,-0.0205,-0.9560,1.2600,-0.4900,0.1400
2026-07-03,15:15:15,31973,0.0044,-0.0210,-0.9550,1.2600,-0.4200,0.2100
2026-07-03,15:15:16,32073,0.0044,-0.0205,-0.9531,1.1900,-0.490
0,0.2100
2026-07-03,15:15:16,32173,0.0063,-0.0224,-0.9555,1.1900,-0.4900,0.1400
2026-07-03,15:15:16,32273,0.0059,-0.0093,-0.9326,1.4700,0.2800,-0.1400
2026-07-03,15:15:16,32373,0.0581,-0.0971,-0.9853,1.8900,0.4900,-0.3500
2026-07-03,15:15:1
6,32478,-0.1181,-0.0024,-0.9492,0.6300,-0.7000,-0.0700
2026-07-03,15:15:16,32573,-0.0132,-0.0142,-0.9579,1.4000,-0.2100,0.0700
2026-07-03,15:15:16,32673,0.0068,-0.0200,-0.9521,1.1900,-0.8400,0.3500
2026-07-03,15:15:16,32773,0.0132,-0.0200,-0
.9492,1.2600,-0.4900,0.0700
2026-07-03,15:15:16,32873,0.0063,-0.0215,-0.9614,1.1900,-0.3500,0.0700
2026-07-03,15:15:16,32973,0.0024,-0.0190,-0.9516,1.3300,-0.4200,0.0700
2026-07-03,15:15:17,33073,0.0000,-0.0254,-0.9511,1.1200,-0.7000,0.2100
2026-07-03,15:15:17,33179,-0.0054,-0.0210,-0.9526,1.1900,-0.3500,0.1400
2026-07-03,15:15:17,33273,0.0112,-0.0137,-0.9672,1.1200,-0.6300,0.1400
2026-07-03,15:15:17,33373,0.0156,-0.0122,-0.9516,1.2600,-0.4900,0.1400
2026-07-03,15:15:17,33473,
0.0024,-0.0132,-0.9540,1.1900,-0.4900,0.0700
2026-07-03,15:15:17,33573,-0.0029,-0.0195,-0.9550,1.1900,-0.4900,0.0700
2026-07-03,15:15:17,33673,-0.0005,-0.0273,-0.9589,1.1900,-0.4900,0.0700
2026-07-03,15:15:17,33773,0.0088,-0.0220,-0.9579,1.1
900,-0.6300,0.1400
2026-07-03,15:15:17,33878,0.0068,-0.0156,-0.9531,1.2600,-0.7000,0.1400
2026-07-03,15:15:17,33973,0.0098,-0.0185,-0.9570,1.1900,-0.7700,0.1400
2026-07-03,15:15:18,34073,-0.0010,-0.0224,-0.9462,1.3300,-0.5600,0.1400
2026-07
-03,15:15:18,34173,0.0122,-0.0361,-0.9540,1.2600,-0.2800,0.1400
2026-07-03,15:15:18,34273,0.0410,-0.0312,-1.0180,0.7700,-1.1900,0.2100
2026-07-03,15:15:18,34373,0.0151,-0.0005,-0.9521,1.4700,0.0000,-0.1400
2026-07-03,15:15:18,34473,-0.0068,-
0.0459,-0.9736,1.1900,-0.4900,-0.0700
2026-07-03,15:15:18,34579,-0.0068,-0.0112,-0.9399,1.3300,-0.4900,0.2800
2026-07-03,15:15:18,34673,0.0142,-0.0224,-0.9628,1.2600,-0.5600,0.1400
2026-07-03,15:15:18,34773,0.0107,-0.0151,-0.9521,1.1900,-0.4
200,0.0700
2026-07-03,15:15:18,34873,0.0063,-0.0210,-0.9565,1.1900,-0.4200,0.2100
2026-07-03,15:15:18,34973,0.0063,-0.0205,-0.9536,1.3300,-0.6300,0.1400
2026-07-03,15:15:19,35073,0.0024,-0.0210,-0.9536,1.1900,-0.4900,0.2100
2026-07-03,15:15
:19,35173,0.0049,-0.0234,-0.9540,1.2600,-0.5600,0.1400
2026-07-03,15:15:19,35273,0.0039,-0.0200,-0.9540,1.1900,-0.4900,0.1400
2026-07-03,15:15:19,35373,0.0049,-0.0195,-0.9526,1.2600,-0.5600,0.1400
2026-07-03,15:15:19,35473,0.0054,-0.0205,-0.
9540,1.2600,-0.5600,0.0700
2026-07-03,15:15:19,35573,0.0039,-0.0200,-0.9575,1.2600,-0.4200,0.2100
2026-07-03,15:15:19,35673,0.0039,-0.0205,-0.9545,1.1900,-0.4200,0.1400
2026-07-03,15:15:19,35777,0.0044,-0.0234,-0.9550,1.2600,-0.4200,0.1400
2026-07-03,15:15:19,35873,0.0044,-0.0205,-0.9545,1.2600,-0.5600,0.1400
2026-07-03,15:15:19,35973,0.0044,-0.0185,-0.9540,1.2600,-0.5600,0.0700
2026-07-03,15:15:20,36073,0.0020,-0.0205,-0.9501,1.2600,-0.4900,0.1400
2026-07-03,15:15:20,36173,0.
0068,-0.0205,-0.9560,1.2600,-0.4900,0.2100
2026-07-03,15:15:20,36273,0.0059,-0.0220,-0.9545,1.1900,-0.4900,0.1400
2026-07-03,15:15:20,36373,0.0063,-0.0224,-0.9545,1.2600,-0.5600,0.1400
2026-07-03,15:15:20,36473,0.0044,-0.0195,-0.9526,1.2600,
-0.4200,0.2100
2026-07-03,15:15:20,36573,0.0044,-0.0190,-0.9545,1.2600,-0.4900,0.1400
2026-07-03,15:15:20,36673,0.0059,-0.0215,-0.9516,1.2600,-0.5600,0.1400
2026-07-03,15:15:20,36773,0.0078,-0.0185,-0.9531,1.2600,-0.5600,0.1400
2026-07-03,1
5:15:20,36873,0.0049,-0.0215,-0.9536,1.3300,-0.4200,0.0700
2026-07-03,15:15:20,36973,0.0034,-0.0200,-0.9560,1.1900,-0.5600,0.1400
2026-07-03,15:15:21,37073,0.0083,-0.0190,-0.9550,1.2600,-0.4900,0.0700
2026-07-03,15:15:21,37173,0.0059,-0.0229
,-0.9555,1.1900,-0.4200,0.2100
2026-07-03,15:15:21,37273,0.0059,-0.0249,-0.9579,1.1900,-0.6300,0.1400
2026-07-03,15:15:21,37373,0.0049,-0.0224,-0.9555,1.2600,-0.8400,0.2100
2026-07-03,15:15:21,37473,0.0020,-0.0229,-0.9492,1.2600,-0.6300,0.14
00
2026-07-03,15:15:21,37573,0.0020,-0.0234,-0.9565,1.1200,-0.6300,0.1400
2026-07-03,15:15:21,37673,0.0015,-0.0195,-0.9536,1.3300,-0.4200,0.1400
2026-07-03,15:15:21,37773,0.0063,-0.0239,-0.9614,1.4000,-0.1400,0.0700
2026-07-03,15:15:21,3787
3,-0.0029,-0.0278,-0.9560,1.1900,-0.2100,0.0700
2026-07-03,15:15:21,37973,0.0107,-0.0151,-0.9526,1.2600,-0.5600,0.2100
2026-07-03,15:15:22,38073,0.0098,-0.0166,-0.9565,1.2600,-0.6300,0.0700
2026-07-03,15:15:22,38173,0.0054,-0.0215,-0.9550,1.
3300,-0.4900,0.2100
2026-07-03,15:15:22,38273,0.0063,-0.0181,-0.9560,1.2600,-0.5600,0.0700
2026-07-03,15:15:22,38373,0.0010,-0.0195,-0.9531,1.2600,-0.4900,0.0700
2026-07-03,15:15:22,38473,0.0039,-0.0224,-0.9545,1.2600,-0.4200,0.1400
2026-07
-03,15:15:22,38573,0.0049,-0.0190,-0.9536,1.2600,-0.4200,0.1400
2026-07-03,15:15:22,38673,0.0059,-0.0234,-0.9560,1.2600,-0.4200,0.2100
2026-07-03,15:15:22,38773,0.0063,-0.0224,-0.9560,1.1900,-0.5600,0.1400
2026-07-03,15:15:22,38873,0.0059,-0
.0200,-0.9472,1.1900,-0.4200,0.1400
2026-07-03,15:15:22,38973,0.0093,-0.0215,-0.9648,1.2600,-0.7000,0.0000
2026-07-03,15:15:23,39073,0.0039,-0.0229,-0.9438,1.1900,-0.6300,0.2100
2026-07-03,15:15:23,39173,0.0059,-0.0181,-0.9570,1.2600,-0.4900
,0.1400
2026-07-03,15:15:23,39273,0.0054,-0.0215,-0.9550,1.2600,-0.4900,0.1400
2026-07-03,15:15:23,39373,0.0024,-0.0215,-0.9540,1.1900,-0.3500,0.2100
2026-07-03,15:15:23,39473,0.0020,-0.0190,-0.9550,1.2600,-0.4900,0.2100
2026-07-03,15:15:23
,39573,0.0044,-0.0200,-0.9511,1.2600,-0.5600,0.2100
2026-07-03,15:15:23,39673,0.0054,-0.0200,-0.9550,1.2600,-0.4900,0.2100
2026-07-03,15:15:23,39773,0.0059,-0.0210,-0.9550,1.2600,-0.4200,0.2100
2026-07-03,15:15:23,39873,0.0054,-0.0210,-0.954
0,1.2600,-0.4200,0.2100
2026-07-03,15:15:23,39973,0.0044,-0.0215,-0.9555,1.2600,-0.4900,0.2100
2026-07-03,15:15:24,40073,0.0049,-0.0200,-0.9565,1.1900,-0.4900,0.0700
2026-07-03,15:15:24,40173,0.0068,-0.0210,-0.9570,1.3300,-0.5600,0.0700
202
6-07-03,15:15:24,40278,0.0044,-0.0259,-0.9526,0.9800,-0.7700,0.2100
2026-07-03,15:15:24,40373,0.0083,-0.0205,-0.9584,1.1200,-0.4200,0.2100
2026-07-03,15:15:24,40473,0.0029,-0.0156,-0.9536,1.2600,-0.3500,0.1400
2026-07-03,15:15:24,40573,0.019
5,-0.0254,-0.9550,1.3300,-0.4900,0.1400
2026-07-03,15:15:24,40673,0.0044,-0.0166,-0.9521,1.2600,-0.5600,0.0700
2026-07-03,15:15:24,40777,0.0049,-0.0210,-0.9589,1.2600,-0.4900,0.0700
2026-07-03,15:15:24,40873,0.0034,-0.0210,-0.9555,1.2600,-0.
4900,0.0700
2026-07-03,15:15:24,40979,0.0020,-0.0210,-0.9521,1.1900,-0.4900,0.1400
2026-07-03,15:15:25,41073,0.0034,-0.0210,-0.9550,1.1900,-0.6300,0.1400
2026-07-03,15:15:25,41173,0.0054,-0.0200,-0.9579,1.2600,-0.5600,0.1400
2026-07-03,15:1
5:25,41273,0.0054,-0.0234,-0.9560,1.2600,-0.4900,0.1400
2026-07-03,15:15:25,41373,0.0078,-0.0176,-0.9550,1.2600,-0.4200,0.2800
2026-07-03,15:15:25,41473,0.0049,-0.0229,-0.9575,1.1900,-0.5600,0.0700
2026-07-03,15:15:25,41573,0.0054,-0.0200,-0
.9536,1.2600,-0.4900,0.1400
2026-07-03,15:15:25,41673,0.0049,-0.0215,-0.9531,1.2600,-0.4900,0.0700
2026-07-03,15:15:25,41773,0.0034,-0.0215,-0.9570,1.1900,-0.4900,0.2100
2026-07-03,15:15:25,41873,0.0063,-0.0210,-0.9540,1.2600,-0.4900,0.1400
2026-07-03,15:15:25,41973,0.0039,-0.0224,-0.9531,1.1900,-0.4200,0.2100
2026-07-03,15:15:26,42073,0.0034,-0.0195,-0.9540,1.2600,-0.4200,0.1400
2026-07-03,15:15:26,42173,0.0044,-0.0210,-0.9536,1.2600,-0.4200,0.2100
2026-07-03,15:15:26,42273,0
.0039,-0.0185,-0.9545,1.2600,-0.5600,0.0700
2026-07-03,15:15:26,42373,0.0059,-0.0215,-0.9526,1.1200,-0.4900,0.0700
2026-07-03,15:15:26,42473,0.0068,-0.0205,-0.9540,1.2600,-0.3500,0.1400
2026-07-03,15:15:26,42573,0.0039,-0.0200,-0.9550,1.2600
,-0.5600,0.1400
2026-07-03,15:15:26,42673,0.0078,-0.0205,-0.9501,1.2600,-0.4900,0.2100
2026-07-03,15:15:26,42773,0.0073,-0.0210,-0.9570,1.1900,-0.6300,0.0700
2026-07-03,15:15:26,42873,0.0039,-0.0220,-0.9516,1.1900,-0.5600,0.0700
2026-07-03,
15:15:26,42973,0.0044,-0.0210,-0.9550,1.2600,-0.6300,0.1400
2026-07-03,15:15:27,43073,0.0054,-0.0190,-0.9545,1.2600,-0.4900,0.2100
2026-07-03,15:15:27,43173,0.0039,-0.0200,-0.9545,1.1900,-0.5600,0.0700
2026-07-03,15:15:27,43273,0.0063,-0.023
4,-0.9550,1.1900,-0.4900,0.1400
2026-07-03,15:15:27,43373,0.0015,-0.0195,-0.9555,1.2600,-0.4900,0.1400
2026-07-03,15:15:27,43473,0.0049,-0.0195,-0.9516,1.2600,-0.4900,0.2100
2026-07-03,15:15:27,43573,0.0039,-0.0205,-0.9570,1.2600,-0.5600,0.2
100
2026-07-03,15:15:27,43673,0.0044,-0.0205,-0.9540,1.2600,-0.5600,0.1400
2026-07-03,15:15:27,43773,0.0049,-0.0176,-0.9536,1.2600,-0.4200,0.1400
2026-07-03,15:15:27,43873,0.0059,-0.0200,-0.9550,1.1900,-0.4900,0.2100
2026-07-03,15:15:27,439
73,0.0068,-0.0200,-0.9550,1.1900,-0.4900,0.0700
2026-07-03,15:15:28,44073,0.0083,-0.0234,-0.9565,1.1900,-0.4900,0.0700
2026-07-03,15:15:28,44173,0.0034,-0.0195,-0.9521,1.1900,-0.5600,0.1400
2026-07-03,15:15:28,44273,0.0059,-0.0210,-0.9521,1.
1900,-0.4200,0.1400
2026-07-03,15:15:28,44373,0.0059,-0.0190,-0.9575,1.1900,-0.5600,0.1400
2026-07-03,15:15:28,44473,0.0054,-0.0181,-0.9521,1.2600,-0.6300,0.1400
2026-07-03,15:15:28,44573,0.0020,-0.0205,-0.9516,1.0500,-0.8400,0.1400
2026-07
-03,15:15:28,44673,0.0015,-0.0210,-0.9550,1.2600,-0.5600,0.1400
2026-07-03,15:15:28,44773,0.0049,-0.0161,-0.9526,1.3300,-0.4200,0.1400
2026-07-03,15:15:28,44873,0.0044,-0.0234,-0.9570,1.2600,-0.5600,0.1400
2026-07-03,15:15:28,44973,0.0098,-0
.0239,-0.9584,1.1900,-0.5600,0.1400
2026-07-03,15:15:29,45073,0.0015,-0.0195,-0.9536,1.1900,-0.2800,0.1400
2026-07-03,15:15:29,45173,0.0039,-0.0200,-0.9550,1.2600,-0.5600,0.1400
2026-07-03,15:15:29,45273,0.0054,-0.0195,-0.9521,1.2600,-0.4900
,0.0700
2026-07-03,15:15:29,45373,0.0068,-0.0195,-0.9516,1.2600,-0.4900,0.2100
2026-07-03,15:15:29,45473,0.0049,-0.0181,-0.9560,1.3300,-0.5600,0.0700
2026-07-03,15:15:29,45573,0.0059,-0.0210,-0.9526,1.3300,-0.5600,0.1400
2026-07-03,15:15:29
,45673,0.0049,-0.0195,-0.9560,1.2600,-0.4200,0.2800
2026-07-03,15:15:29,45777,0.0044,-0.0195,-0.9560,1.2600,-0.6300,0.0700
2026-07-03,15:15:29,45873,0.0073,-0.0210,-0.9531,1.1900,-0.4900,0.0700
2026-07-03,15:15:29,45973,0.0059,-0.0229,-0.960
9,1.2600,-0.4900,0.0700
2026-07-03,15:15:30,46073,0.0059,-0.0229,-0.9570,1.2600,-0.5600,0.1400
2026-07-03,15:15:30,46173,0.0063,-0.0185,-0.9555,1.1900,-0.5600,0.0700
2026-07-03,15:15:30,46273,0.0054,-0.0200,-0.9540,1.2600,-0.4900,0.1400
202
6-07-03,15:15:30,46373,0.0059,-0.0181,-0.9540,1.1900,-0.3500,0.1400
2026-07-03,15:15:30,46473,0.0049,-0.0205,-0.9570,1.2600,-0.4200,0.1400
2026-07-03,15:15:30,46573,0.0020,-0.0195,-0.9618,1.2600,-0.4200,0.0700
2026-07-03,15:15:30,46679,0.004
9,-0.0215,-0.9565,1.1900,-0.4200,0.1400
2026-07-03,15:15:30,46773,0.0039,-0.0185,-0.9496,1.2600,-0.4200,0.1400
2026-07-03,15:15:30,46873,0.0112,-0.0215,-0.9570,1.1900,-0.4200,0.0700
2026-07-03,15:15:30,46973,0.0044,-0.0161,-0.9506,1.2600,-0.
5600,0.1400
2026-07-03,15:15:31,47073,-0.0010,-0.0259,-0.9550,1.2600,-0.5600,0.0700
2026-07-03,15:15:31,47173,0.0015,-0.0205,-0.9540,1.2600,-0.6300,0.2100
2026-07-03,15:15:31,47273,0.0044,-0.0176,-0.9487,1.2600,-0.6300,0.1400
2026-07-03,15:
15:31,47378,0.0093,-0.0151,-0.9575,1.2600,-0.3500,0.1400
2026-07-03,15:15:31,47473,0.0068,-0.0215,-0.9623,1.1900,-0.4200,0.1400
2026-07-03,15:15:31,47573,0.0039,-0.0190,-0.9575,1.2600,-0.4200,0.1400
2026-07-03,15:15:31,47673,0.0034,-0.0205,-
0.9545,1.1900,-0.5600,0.0000
2026-07-03,15:15:31,47773,0.0049,-0.0171,-0.9384,1.2600,-0.6300,0.2100
2026-07-03,15:15:31,47873,0.0039,-0.0166,-0.9531,1.1900,-0.4900,0.2800
2026-07-03,15:15:31,47973,0.0156,-0.0224,-0.9745,1.2600,-0.4200,0.1400
2026-07-03,15:15:32,48073,0.0059,-0.0220,-0.9550,1.2600,-0.4900,0.2100
2026-07-03,15:15:32,48173,0.0098,-0.0205,-0.9589,1.1900,-0.5600,0.1400
2026-07-03,15:15:32,48273,0.0029,-0.0190,-0.9550,1.1900,-0.5600,0.1400
2026-07-03,15:15:32,48373,
-0.0010,-0.0181,-0.9575,1.3300,-0.4200,0.1400
2026-07-03,15:15:32,48473,0.0044,-0.0215,-0.9506,1.1200,-0.4200,0.1400
2026-07-03,15:15:32,48573,0.0107,-0.0210,-0.9560,1.1900,-0.6300,0.2100
2026-07-03,15:15:32,48673,0.0078,-0.0234,-0.9570,1.26
00,-0.5600,0.1400
2026-07-03,15:15:32,48773,0.0044,-0.0176,-0.9482,1.1900,-0.2800,0.2100
2026-07-03,15:15:32,48873,0.0015,-0.0220,-0.9526,1.1900,-0.4200,0.0700
2026-07-03,15:15:32,48973,0.0029,-0.0205,-0.9579,1.2600,-0.6300,0.1400
2026-07-0
3,15:15:33,49073,-0.0010,-0.0156,-0.9862,1.4000,-0.4200,0.0700
2026-07-03,15:15:33,49173,0.0078,-0.0249,-0.9667,1.2600,-0.6300,0.1400
2026-07-03,15:15:33,49273,0.0010,-0.0176,-0.9965,1.2600,-0.4200,0.1400
2026-07-03,15:15:33,49373,0.0054,-0.
0224,-0.9579,1.3300,-0.3500,0.1400
2026-07-03,15:15:33,49473,0.0063,-0.0171,-0.9550,1.1900,-0.5600,0.2100
2026-07-03,15:15:33,49573,0.0010,-0.0181,-0.9511,1.2600,-0.4900,0.1400
2026-07-03,15:15:33,49673,0.0049,-0.0161,-0.9555,1.1900,-0.7000,
0.1400
2026-07-03,15:15:33,49773,0.0068,-0.0220,-0.9599,1.1900,-0.4900,0.2100
2026-07-03,15:15:33,49873,-0.0020,-0.0215,-0.9399,1.2600,-0.4900,0.2100
2026-07-03,15:15:33,49973,0.0015,-0.0278,-0.9970,1.3300,-0.3500,0.0700
2026-07-03,15:15:34
,50073,0.0098,-0.0195,-0.9531,1.2600,-0.5600,0.1400
2026-07-03,15:15:34,50173,0.0010,-0.0132,-0.9511,1.2600,-0.4900,0.0700
2026-07-03,15:15:34,50273,0.0024,-0.0107,-0.9467,1.1900,-0.5600,0.1400
2026-07-03,15:15:34,50373,0.0083,-0.0220,-0.970
1,1.1900,-0.4900,0.0700
2026-07-03,15:15:34,50473,0.0093,-0.0224,-0.9618,1.2600,-0.4900,0.1400
2026-07-03,15:15:34,50573,0.0029,-0.0185,-0.9560,1.1900,-0.4200,0.2100
2026-07-03,15:15:34,50673,-0.0015,-0.0244,-0.9570,1.2600,-0.4200,0.1400
20
26-07-03,15:15:34,50778,0.0000,-0.0166,-0.9511,1.1900,-0.4900,0.1400
2026-07-03,15:15:34,50873,0.0068,-0.0195,-0.9570,1.1900,-0.5600,0.2100
2026-07-03,15:15:34,50973,0.0049,-0.0195,-0.9575,1.1900,-0.4900,0.1400
2026-07-03,15:15:35,51073,0.00
49,-0.0215,-0.9545,1.2600,-0.4900,0.1400
2026-07-03,15:15:35,51173,0.0039,-0.0185,-0.9565,1.2600,-0.4900,0.0700
2026-07-03,15:15:35,51273,0.0083,-0.0273,-0.9599,1.3300,-0.5600,0.1400
2026-07-03,15:15:35,51373,0.0029,-0.0200,-0.9555,1.1900,-0
.6300,0.2100
2026-07-03,15:15:35,51473,0.0039,-0.0195,-0.9355,1.4000,-0.0700,0.0700
2026-07-03,15:15:35,51573,0.0078,-0.0220,-0.9579,1.3300,-0.3500,0.1400
2026-07-03,15:15:35,51673,0.0034,-0.0185,-0.9531,1.2600,-0.4900,0.1400
2026-07-03,15:
15:35,51773,0.0015,-0.0190,-0.9570,1.1900,-0.6300,0.0700
2026-07-03,15:15:35,51873,-0.0010,-0.0195,-0.9511,1.2600,-0.4900,0.0700
2026-07-03,15:15:35,51973,0.0039,-0.0205,-0.9433,1.1900,-0.3500,0.1400
2026-07-03,15:15:36,52073,0.0059,-0.0142,
-0.9521,1.2600,-0.3500,0.0700
2026-07-03,15:15:36,52173,0.0112,-0.0229,-0.9570,1.1900,-0.4900,0.1400
2026-07-03,15:15:36,52273,0.0107,-0.0229,-0.9545,1.2600,-0.7000,0.1400
2026-07-03,15:15:36,52373,0.0029,-0.0195,-0.9399,1.2600,-0.5600,0.140
0
2026-07-03,15:15:36,52473,0.0010,-0.0229,-0.9516,1.2600,-0.4900,0.1400
2026-07-03,15:15:36,52573,0.0024,-0.0220,-0.9560,1.2600,-0.7000,0.0700
2026-07-03,15:15:36,52673,0.0102,-0.0273,-0.9540,1.1900,-0.7700,0.1400
2026-07-03,15:15:36,52773
,0.0044,-0.0176,-0.9560,1.2600,-0.4900,0.2100
2026-07-03,15:15:36,52873,0.0024,-0.0239,-0.9565,1.1900,-0.4900,0.2100
2026-07-03,15:15:36,52973,0.0029,-0.0156,-0.9526,1.2600,-0.5600,0.2100
2026-07-03,15:15:37,53079,0.0102,-0.0205,-0.9579,1.26
00,-0.4900,0.2100
2026-07-03,15:15:37,53173,0.0054,-0.0181,-0.9594,1.1200,-0.5600,0.1400
2026-07-03,15:15:37,53273,0.0039,-0.0210,-0.9487,1.2600,-0.6300,0.0700
2026-07-03,15:15:37,53373,0.0078,-0.0244,-0.9594,1.1900,-0.7700,0.1400
2026-07-0
3,15:15:37,53473,0.0112,-0.0102,-0.9575,1.2600,-0.4200,0.1400
2026-07-03,15:15:37,53573,0.0063,-0.0244,-0.9531,1.1200,-0.5600,0.2100
2026-07-03,15:15:37,53673,0.0059,-0.0146,-0.9565,1.2600,-0.4200,0.1400
2026-07-03,15:15:37,53779,0.0068,-0.0
229,-0.9521,1.2600,-0.4900,0.0700
2026-07-03,15:15:37,53873,0.0068,-0.0181,-0.9536,1.1900,-0.4900,0.2100
2026-07-03,15:15:37,53973,0.0015,-0.0200,-0.9545,1.1900,-0.4200,0.1400
2026-07-03,15:15:38,54073,0.0015,-0.0224,-0.9555,1.2600,-0.4900,0
.1400
2026-07-03,15:15:38,54173,0.0015,-0.0195,-0.9521,1.1900,-0.5600,0.2100
2026-07-03,15:15:38,54273,0.0566,-0.0566,-0.9892,0.9800,-0.9100,0.3500
2026-07-03,15:15:38,54373,0.0268,-0.0088,-0.9506,0.9100,-0.2100,-0.2100
2026-07-03,15:15:38,
54478,-0.0005,-0.0142,-0.9584,1.2600,-0.4200,0.0000
2026-07-03,15:15:38,54573,0.0010,-0.0200,-0.9579,1.4000,-0.6300,0.2800
2026-07-03,15:15:38,54673,0.0059,-0.0239,-0.9536,1.2600,-0.4900,0.1400
2026-07-03,15:15:38,54773,0.0054,-0.0234,-0.955
5,1.2600,-0.4900,0.2100
2026-07-03,15:15:38,54873,0.0029,-0.0215,-0.9545,1.1900,-0.3500,0.0700
2026-07-03,15:15:38,54973,0.0054,-0.0185,-0.9579,1.2600,-0.4900,0.2100
2026-07-03,15:15:39,55073,0.0083,-0.0249,-0.9355,1.2600,-0.6300,0.1400
202
6-07-03,15:15:39,55173,0.0063,-0.0244,-0.9672,1.1900,-0.4900,0.2100
2026-07-03,15:15:39,55273,0.0073,-0.0215,-0.9589,1.2600,-0.5600,0.1400
2026-07-03,15:15:39,55373,0.0112,-0.0200,-0.9609,1.3300,-0.4200,0.1400
2026-07-03,15:15:39,55473,0.008
8,-0.0220,-0.9609,1.2600,-0.3500,0.2100
2026-07-03,15:15:39,55573,0.0117,-0.0273,-0.9614,1.1200,-0.4900,0.0700
2026-07-03,15:15:39,55673,0.0049,-0.0224,-0.9604,1.1900,-0.4200,0.1400
2026-07-03,15:15:39,55777,0.0044,-0.0239,-0.9575,1.2600,-0.
6300,0.1400
2026-07-03,15:15:39,55873,0.0102,-0.0190,-0.9536,1.2600,-0.4900,0.2100
2026-07-03,15:15:39,55973,0.0078,-0.0210,-0.9545,1.3300,-0.5600,0.1400
2026-07-03,15:15:40,56073,0.0063,-0.0215,-0.9555,1.2600,-0.5600,0.0700
2026-07-03,15:1
5:40,56173,0.0063,-0.0200,-0.9570,1.2600,-0.5600,0.0700
2026-07-03,15:15:40,56273,0.0015,-0.0166,-0.9555,1.1900,-0.6300,0.0700
2026-07-03,15:15:40,56373,0.0000,-0.0205,-0.9540,1.3300,-0.4900,0.1400
2026-07-03,15:15:40,56473,0.0068,-0.0215,-0
.9565,1.2600,-0.5600,0.1400
2026-07-03,15:15:40,56573,0.0054,-0.0229,-0.9555,1.1900,-0.4200,0.2100
2026-07-03,15:15:40,56673,0.0078,-0.0205,-0.9565,1.1900,-0.5600,0.1400
2026-07-03,15:15:40,56773,0.0073,-0.0210,-0.9550,1.2600,-0.5600,0.2100
2026-07-03,15:15:40,56873,0.0059,-0.0200,-0.9550,1.1900,-0.4900,0.0700
2026-07-03,15:15:40,56973,0.0044,-0.0210,-0.9550,1.2600,-0.4900,0.2100
2026-07-03,15:15:41,57073,0.0059,-0.0181,-0.9550,1.2600,-0.4200,0.1400
2026-07-03,15:15:41,57173,0
.0059,-0.0210,-0.9555,1.2600,-0.4200,0.2100
2026-07-03,15:15:41,57273,0.0044,-0.0220,-0.9565,1.2600,-0.4900,0.1400
2026-07-03,15:15:41,57373,0.0063,-0.0220,-0.9555,1.1900,-0.4900,0.1400
2026-07-03,15:15:41,57473,0.0044,-0.0190,-0.9545,1.2600
,-0.4900,0.0700
2026-07-03,15:15:41,57573,0.0078,-0.0200,-0.9550,1.3300,-0.2800,0.1400
2026-07-03,15:15:41,57673,0.0059,-0.0200,-0.9536,1.2600,-0.5600,0.0700
2026-07-03,15:15:41,57773,0.0102,-0.0210,-0.9540,1.1200,-0.5600,0.1400
2026-07-03,
15:15:41,57873,0.0059,-0.0195,-0.9565,1.2600,-0.5600,0.0700
2026-07-03,15:15:41,57973,0.0063,-0.0205,-0.9536,1.2600,-0.5600,0.1400
2026-07-03,15:15:42,58073,0.0049,-0.0220,-0.9521,1.2600,-0.6300,0.1400
2026-07-03,15:15:42,58173,0.0034,-0.023
9,-0.9555,1.1900,-0.6300,0.0700
2026-07-03,15:15:42,58273,0.0049,-0.0220,-0.9540,1.2600,-0.4900,0.1400
2026-07-03,15:15:42,58373,0.0049,-0.0224,-0.9555,1.2600,-0.4900,0.1400
2026-07-03,15:15:42,58473,0.0029,-0.0224,-0.9550,1.2600,-0.4900,0.1
400
2026-07-03,15:15:42,58573,0.0059,-0.0210,-0.9560,1.2600,-0.4900,0.1400
2026-07-03,15:15:42,58673,0.0054,-0.0176,-0.9545,1.2600,-0.4200,0.1400
2026-07-03,15:15:42,58773,0.0063,-0.0210,-0.9531,1.1900,-0.5600,0.1400
2026-07-03,15:15:42,588
73,0.0020,-0.0215,-0.9555,1.2600,-0.4900,0.1400
2026-07-03,15:15:42,58973,0.0054,-0.0220,-0.9545,1.1900,-0.4900,0.1400
2026-07-03,15:15:43,59073,0.0044,-0.0185,-0.9565,1.2600,-0.5600,0.1400
2026-07-03,15:15:43,59173,0.0083,-0.0220,-0.9599,1.
2600,-0.4900,0.1400
2026-07-03,15:15:43,59273,0.0063,-0.0200,-0.9545,1.2600,-0.4200,0.0700
2026-07-03,15:15:43,59373,0.0054,-0.0215,-0.9560,1.1900,-0.6300,0.0700
2026-07-03,15:15:43,59473,0.0068,-0.0210,-0.9536,1.2600,-0.5600,0.2100
2026-07
-03,15:15:43,59573,0.0044,-0.0210,-0.9555,1.3300,-0.5600,0.1400
2026-07-03,15:15:43,59673,0.0054,-0.0210,-0.9550,1.1900,-0.5600,0.1400
2026-07-03,15:15:43,59773,0.0034,-0.0195,-0.9540,1.1900,-0.4900,0.1400
2026-07-03,15:15:43,59873,0.0049,-0
.0200,-0.9555,1.2600,-0.4900,0.2100
2026-07-03,15:15:43,59973,0.0054,-0.0215,-0.9560,1.1900,-0.4900,0.0700
2026-07-03,15:15:44,60073,0.0059,-0.0215,-0.9536,1.2600,-0.5600,0.1400
2026-07-03,15:15:44,60179,0.0029,-0.0205,-0.9565,1.2600,-0.5600
,0.1400
2026-07-03,15:15:44,60273,0.0063,-0.0205,-0.9531,1.2600,-0.3500,0.2800
2026-07-03,15:15:44,60373,0.0063,-0.0210,-0.9540,1.3300,-0.4900,0.0700
2026-07-03,15:15:44,60473,0.0044,-0.0205,-0.9545,1.1900,-0.4900,0.1400
2026-07-03,15:15:44
,60573,0.0054,-0.0185,-0.9550,1.2600,-0.4200,0.1400
2026-07-03,15:15:44,60673,0.0054,-0.0200,-0.9560,1.2600,-0.3500,0.1400
2026-07-03,15:15:44,60777,0.0054,-0.0210,-0.9516,1.1900,-0.3500,0.2100
2026-07-03,15:15:44,60877,0.0063,-0.0205,-0.955
5,1.2600,-0.5600,0.0700
2026-07-03,15:15:44,60973,0.0039,-0.0205,-0.9540,1.2600,-0.5600,0.2100
2026-07-03,15:15:45,61073,0.0049,-0.0200,-0.9550,1.2600,-0.5600,0.1400
2026-07-03,15:15:45,61173,0.0049,-0.0200,-0.9545,1.2600,-0.4900,0.1400
202
6-07-03,15:15:45,61273,0.0034,-0.0210,-0.9545,1.3300,-0.4900,0.2100
2026-07-03,15:15:45,61373,0.0039,-0.0195,-0.9550,1.2600,-0.5600,0.0000
2026-07-03,15:15:45,61473,0.0049,-0.0195,-0.9545,1.2600,-0.4200,0.1400
2026-07-03,15:15:45,61573,0.005
4,-0.0195,-0.9540,1.2600,-0.5600,0.1400
2026-07-03,15:15:45,61673,0.0068,-0.0195,-0.9545,1.2600,-0.5600,0.0700
2026-07-03,15:15:45,61773,0.0059,-0.0195,-0.9555,1.1900,-0.5600,0.1400
2026-07-03,15:15:45,61873,0.0049,-0.0224,-0.9531,1.2600,-0.
5600,0.1400
2026-07-03,15:15:45,61973,0.0044,-0.0200,-0.9550,1.2600,-0.4900,0.1400
2026-07-03,15:15:46,62073,0.0068,-0.0200,-0.9545,1.1900,-0.5600,0.1400
2026-07-03,15:15:46,62173,0.0068,-0.0215,-0.9555,1.3300,-0.4900,0.0700
2026-07-03,15:1
5:46,62273,0.0068,-0.0224,-0.9555,1.3300,-0.6300,0.1400
2026-07-03,15:15:46,62373,0.0059,-0.0200,-0.9540,1.3300,-0.4900,0.1400
2026-07-03,15:15:46,62473,0.0059,-0.0210,-0.9531,1.1900,-0.4200,0.2100
2026-07-03,15:15:46,62573,0.0054,-0.0200,-0
.9555,1.2600,-0.4900,0.1400
2026-07-03,15:15:46,62673,0.0034,-0.0210,-0.9526,1.1900,-0.5600,0.1400
2026-07-03,15:15:46,62773,0.0034,-0.0210,-0.9531,1.2600,-0.4900,0.0700
2026-07-03,15:15:46,62873,0.0029,-0.0220,-0.9526,1.2600,-0.3500,0.0700
2026-07-03,15:15:46,62973,0.0078,-0.0151,-0.9531,1.1900,-0.6300,0.1400
2026-07-03,15:15:47,63073,0.0151,-0.0171,-0.9550,1.1900,-0.4200,0.2100
2026-07-03,15:15:47,63173,0.0068,-0.0224,-0.9560,1.1900,-0.4200,0.1400
2026-07-03,15:15:47,63273,0
.0020,-0.0224,-0.9540,1.2600,-0.4900,0.2100
2026-07-03,15:15:47,63373,0.0024,-0.0229,-0.9565,1.2600,-0.4200,0.0700
2026-07-03,15:15:47,63473,0.0068,-0.0200,-0.9545,1.1200,-0.5600,0.2100
2026-07-03,15:15:47,63573,0.0078,-0.0195,-0.9550,1.1900
,-0.6300,0.1400
2026-07-03,15:15:47,63673,0.0088,-0.0190,-0.9536,1.2600,-0.4900,0.0700
2026-07-03,15:15:47,63773,0.0029,-0.0205,-0.9555,1.2600,-0.4900,0.0700
2026-07-03,15:15:47,63873,0.0054,-0.0205,-0.9565,1.2600,-0.5600,0.1400
2026-07-03,
15:15:47,63973,0.0049,-0.0220,-0.9531,1.2600,-0.4900,0.1400
2026-07-03,15:15:48,64073,0.0063,-0.0190,-0.9545,1.2600,-0.6300,0.1400
2026-07-03,15:15:48,64173,0.0059,-0.0190,-0.9516,1.2600,-0.7000,0.0700
2026-07-03,15:15:48,64273,0.0068,-0.019
5,-0.9540,1.1900,-0.4900,0.2100
2026-07-03,15:15:48,64373,0.0083,-0.0176,-0.9526,1.1900,-0.6300,0.0700
2026-07-03,15:15:48,64473,0.0107,-0.0195,-0.9584,1.1900,-0.5600,0.1400
2026-07-03,15:15:48,64573,0.0093,-0.0171,-0.9540,1.2600,-0.5600,0.1
400
2026-07-03,15:15:48,64673,0.0054,-0.0215,-0.9570,1.3300,-0.6300,0.1400
2026-07-03,15:15:48,64773,0.0029,-0.0239,-0.9550,1.2600,-0.5600,0.2100
2026-07-03,15:15:48,64873,0.0005,-0.0229,-0.9536,1.2600,-0.5600,0.1400
2026-07-03,15:15:48,649
73,0.0029,-0.0200,-0.9536,1.2600,-0.4200,0.0700
2026-07-03,15:15:49,65073,0.0044,-0.0185,-0.9560,1.2600,-0.7700,0.1400
2026-07-03,15:15:49,65173,0.0063,-0.0234,-0.9584,1.1200,-0.8400,0.2100
2026-07-03,15:15:49,65273,0.0034,-0.0200,-0.9565,1.
2600,-0.6300,0.1400
2026-07-03,15:15:49,65373,-0.0063,-0.0337,-0.9579,1.1200,-0.7000,0.2100
2026-07-03,15:15:49,65473,-0.0327,-0.0371,-0.9531,1.1900,-0.4200,0.1400
2026-07-03,15:15:49,65573,-0.0024,-0.0195,-0.9667,1.3300,-0.4900,0.2100
2026
-07-03,15:15:49,65673,0.0264,-0.0083,-0.9560,1.2600,-0.5600,0.2800
2026-07-03,15:15:49,65777,0.0224,-0.0107,-0.9516,1.1900,-0.4200,0.1400
2026-07-03,15:15:49,65873,0.0024,-0.0210,-0.9560,1.1900,-0.4200,0.2100
2026-07-03,15:15:49,65973,-0.012
7,-0.0268,-0.9555,1.3300,-0.4200,0.2100
2026-07-03,15:15:50,66073,-0.0083,-0.0259,-0.9536,1.1900,-0.4900,0.2100
2026-07-03,15:15:50,66173,0.0049,-0.0215,-0.9555,1.1900,-0.6300,0.0700
2026-07-03,15:15:50,66273,0.0112,-0.0161,-0.9531,1.2600,-0
.4900,0.1400
2026-07-03,15:15:50,66373,0.0137,-0.0166,-0.9545,1.2600,-0.4900,0.2100
2026-07-03,15:15:50,66473,0.0088,-0.0176,-0.9560,1.2600,-0.4900,0.2100
2026-07-03,15:15:50,66578,0.0015,-0.0220,-0.9565,1.1900,-0.5600,0.1400
2026-07-03,15:
15:50,66673,-0.0034,-0.0229,-0.9526,1.2600,-0.4900,0.1400
2026-07-03,15:15:50,66773,-0.0024,-0.0224,-0.9560,1.1900,-0.4200,0.1400
2026-07-03,15:15:50,66873,0.0020,-0.0215,-0.9555,1.2600,-0.4900,0.1400
2026-07-03,15:15:50,66973,0.0059,-0.0181
,-0.9540,1.3300,-0.4900,0.1400
2026-07-03,15:15:51,67073,0.0083,-0.0200,-0.9555,1.1900,-0.4200,0.1400
2026-07-03,15:15:51,67173,0.0083,-0.0205,-0.9560,1.2600,-0.4200,0.2100
2026-07-03,15:15:51,67278,0.0039,-0.0200,-0.9555,1.3300,-0.4900,0.14
00
2026-07-03,15:15:51,67373,0.0024,-0.0205,-0.9536,1.1900,-0.4900,0.1400
2026-07-03,15:15:51,67473,0.0020,-0.0229,-0.9555,1.1900,-0.4900,0.1400
2026-07-03,15:15:51,67573,0.0015,-0.0215,-0.9531,1.2600,-0.4900,0.1400
2026-07-03,15:15:51,6767
3,0.0015,-0.0210,-0.9560,1.1900,-0.4200,0.2100
2026-07-03,15:15:51,67773,0.0044,-0.0195,-0.9536,1.1200,-0.4900,0.1400
2026-07-03,15:15:51,67873,0.0059,-0.0195,-0.9540,1.2600,-0.4900,0.1400
2026-07-03,15:15:51,67979,0.0054,-0.0185,-0.9550,1.1
900,-0.5600,0.2100
2026-07-03,15:15:52,68073,0.0039,-0.0176,-0.9545,1.2600,-0.5600,0.1400
2026-07-03,15:15:52,68173,0.0034,-0.0171,-0.9545,1.2600,-0.4900,0.0700
2026-07-03,15:15:52,68273,0.0049,-0.0215,-0.9550,1.1900,-0.4900,0.0700
2026-07-
03,15:15:52,68373,0.0034,-0.0195,-0.9540,1.1900,-0.5600,0.1400
2026-07-03,15:15:52,68473,0.0029,-0.0205,-0.9584,1.2600,-0.5600,0.0700
2026-07-03,15:15:52,68573,0.0039,-0.0195,-0.9536,1.2600,-0.4200,0.1400
2026-07-03,15:15:52,68673,0.0024,-0.
0205,-0.9555,1.1900,-0.5600,0.2100
2026-07-03,15:15:52,68773,0.0059,-0.0220,-0.9555,1.1900,-0.5600,0.1400
2026-07-03,15:15:52,68873,0.0024,-0.0229,-0.9550,1.1200,-0.4900,0.1400
2026-07-03,15:15:52,68973,0.0024,-0.0200,-0.9545,1.1900,-0.6300,
0.1400
2026-07-03,15:15:53,69073,0.0034,-0.0200,-0.9531,1.1900,-0.4200,0.1400
2026-07-03,15:15:53,69173,0.0015,-0.0215,-0.9540,1.1900,-0.5600,0.1400
2026-07-03,15:15:53,69273,0.0029,-0.0210,-0.9545,1.2600,-0.5600,0.1400
2026-07-03,15:15:53,
69373,0.0039,-0.0215,-0.9536,1.1900,-0.4900,0.1400
2026-07-03,15:15:53,69473,0.0034,-0.0200,-0.9565,1.1900,-0.5600,0.1400
2026-07-03,15:15:53,69573,0.0039,-0.0195,-0.9560,1.2600,-0.4900,0.1400
2026-07-03,15:15:53,69673,0.0034,-0.0205,-0.9545
,1.1900,-0.6300,0.0700
2026-07-03,15:15:53,69773,0.0049,-0.0220,-0.9540,1.2600,-0.5600,0.2100
2026-07-03,15:15:53,69873,0.0054,-0.0190,-0.9540,1.2600,-0.5600,0.1400
2026-07-03,15:15:53,69973,0.0054,-0.0205,-0.9575,1.2600,-0.4900,0.1400
2026
-07-03,15:15:54,70073,0.0049,-0.0205,-0.9550,1.2600,-0.5600,0.0700
2026-07-03,15:15:54,70173,0.0024,-0.0185,-0.9521,1.3300,-0.4900,0.1400
2026-07-03,15:15:54,70273,0.0044,-0.0195,-0.9575,1.2600,-0.4900,0.0700
2026-07-03,15:15:54,70373,0.0039
,-0.0181,-0.9540,1.2600,-0.5600,0.2100
2026-07-03,15:15:54,70473,-0.0044,-0.0239,-0.9770,1.1200,-0.6300,0.2100
2026-07-03,15:15:54,70573,0.0029,-0.0117,-0.9506,1.1900,-0.4900,0.2100
2026-07-03,15:15:54,70673,-0.0054,-0.0332,-0.9970,1.1200,-0
.5600,0.2800
2026-07-03,15:15:54,70777,-0.0088,-0.0127,-1.0024,1.2600,-0.2800,0.2800
2026-07-03,15:15:54,70873,0.0137,-0.0068,-0.9350,1.4700,-0.6300,0.2800
2026-07-03,15:15:54,70973,0.0137,-0.0132,-0.9560,1.1200,-0.1400,-0.0700
2026-07-03,1
5:15:55,71073,0.0127,-0.0307,-0.9726,1.1200,-0.3500,0.2100
2026-07-03,15:15:55,71173,0.0073,-0.0190,-0.9282,0.9100,-0.5600,0.0000
2026-07-03,15:15:55,71273,0.0122,-0.0044,-0.9545,1.1900,-0.3500,0.1400
2026-07-03,15:15:55,71373,0.0146,-0.0142
,-0.9648,1.3300,-0.5600,0.1400
2026-07-03,15:15:55,71473,0.0073,-0.0215,-0.9423,1.2600,-0.4900,0.1400
2026-07-03,15:15:55,71573,0.0049,-0.0200,-0.9501,1.2600,-0.3500,0.1400
2026-07-03,15:15:55,71673,0.0020,-0.0210,-0.9633,1.2600,-0.5600,0.21
00
2026-07-03,15:15:55,71773,0.0063,-0.0220,-0.9560,1.3300,-0.6300,0.1400
2026-07-03,15:15:55,71873,0.0024,-0.0205,-0.9492,1.1900,-0.4900,0.1400
2026-07-03,15:15:55,71973,0.0039,-0.0185,-0.9579,1.1900,-0.5600,0.1400
2026-07-03,15:15:56,7207
3,0.0039,-0.0185,-0.9560,1.2600,-0.5600,0.2100
2026-07-03,15:15:56,72173,0.0063,-0.0210,-0.9545,1.1900,-0.4900,0.2100
2026-07-03,15:15:56,72273,0.0083,-0.0224,-0.9677,1.1900,-0.4900,0.0700
2026-07-03,15:15:56,72373,0.0000,-0.0166,-0.9506,1.2
600,-0.4900,0.1400
2026-07-03,15:15:56,72473,-0.0010,-0.0185,-0.9526,1.1900,-0.4900,0.0000
2026-07-03,15:15:56,72573,-0.0034,-0.0156,-0.9589,1.4700,-0.4200,0.1400
2026-07-03,15:15:56,72673,0.0029,-0.0273,-0.9516,1.2600,-0.2800,0.0700
2026-0
7-03,15:15:56,72773,0.0039,-0.0283,-0.9614,1.1200,-0.4900,0.2800
2026-07-03,15:15:56,72873,0.0093,-0.0293,-0.9492,1.1900,-0.4200,0.0000
2026-07-03,15:15:56,72973,0.0034,-0.0283,-0.9594,1.1200,-0.4900,0.0700
2026-07-03,15:15:57,73073,0.0039,-
0.0161,-0.9492,1.2600,-0.6300,0.1400
2026-07-03,15:15:57,73173,0.0068,-0.0176,-0.9531,1.3300,-0.4900,0.0700
2026-07-03,15:15:57,73273,0.0063,-0.0224,-0.9550,1.2600,-0.4900,0.1400
2026-07-03,15:15:57,73373,0.0029,-0.0185,-0.9555,1.2600,-0.560
0,0.0700
2026-07-03,15:15:57,73473,0.0054,-0.0215,-0.9555,1.2600,-0.3500,0.1400
2026-07-03,15:15:57,73573,0.0020,-0.0181,-0.9516,1.1900,-0.4900,0.0700
2026-07-03,15:15:57,73678,0.0024,-0.0190,-0.9536,1.2600,-0.6300,0.1400
2026-07-03,15:15:5
7,73773,0.0000,-0.0171,-0.9565,1.3300,-0.5600,0.2100
2026-07-03,15:15:57,73873,0.0054,-0.0229,-0.9565,1.1900,-0.4900,0.1400
2026-07-03,15:15:57,73973,0.0078,-0.0185,-0.9526,1.1900,-0.4900,0.1400
2026-07-03,15:15:58,74073,0.0044,-0.0224,-0.95
75,1.3300,-0.6300,0.0700
2026-07-03,15:15:58,74173,0.0049,-0.0166,-0.9594,1.1900,-0.4900,0.0700
2026-07-03,15:15:58,74273,-0.0010,-0.0185,-0.9643,1.1900,-0.4900,0.1400
2026-07-03,15:15:58,74378,0.0098,-0.0176,-0.9428,1.1200,-0.5600,0.0700
2
026-07-03,15:15:58,74473,-0.0020,-0.0181,-0.9496,1.2600,-0.4900,0.0700
2026-07-03,15:15:58,74573,0.0039,-0.0229,-0.9540,1.2600,-0.3500,0.2100
2026-07-03,15:15:58,74673,0.0049,-0.0185,-0.9555,1.1900,-0.4900,0.1400
2026-07-03,15:15:58,74773,0.
0044,-0.0195,-0.9560,1.1900,-0.4900,0.0700
2026-07-03,15:15:58,74873,0.0029,-0.0185,-0.9540,1.2600,-0.6300,0.1400
2026-07-03,15:15:58,74973,0.0029,-0.0205,-0.9531,1.1900,-0.7000,0.0700
2026-07-03,15:15:59,75079,0.0000,-0.0166,-0.9565,1.2600,
-0.4200,0.1400
2026-07-03,15:15:59,75173,0.0024,-0.0195,-0.9540,1.1900,-0.5600,0.1400
2026-07-03,15:15:59,75273,0.0024,-0.0195,-0.9545,1.1900,-0.4900,0.1400
2026-07-03,15:15:59,75373,0.0044,-0.0205,-0.9565,1.1900,-0.4200,0.2100
2026-07-03,1
5:15:59,75473,0.0049,-0.0200,-0.9545,1.1900,-0.4900,0.1400
2026-07-03,15:15:59,75573,0.0029,-0.0220,-0.9570,1.2600,-0.4900,0.1400
2026-07-03,15:15:59,75673,0.0024,-0.0181,-0.9560,1.1900,-0.4900,0.2100
2026-07-03,15:15:59,75777,0.0054,-0.0190
,-0.9550,1.1900,-0.6300,0.0700
2026-07-03,15:15:59,75873,0.0034,-0.0200,-0.9545,1.2600,-0.4200,0.1400
2026-07-03,15:15:59,75973,0.0044,-0.0210,-0.9560,1.1200,-0.4900,0.2100
2026-07-03,15:16:00,76073,0.0034,-0.0181,-0.9545,1.2600,-0.5600,0.07
00
2026-07-03,15:16:00,76173,0.0044,-0.0200,-0.9526,1.1900,-0.4900,0.1400
2026-07-03,15:16:00,76273,0.0044,-0.0176,-0.9531,1.2600,-0.4900,0.0700
2026-07-03,15:16:00,76373,0.0034,-0.0215,-0.9545,1.1900,-0.5600,0.1400
2026-07-03,15:16:00,7647
3,0.0029,-0.0195,-0.9536,1.2600,-0.5600,0.1400
2026-07-03,15:16:00,76573,0.0039,-0.0195,-0.9555,1.2600,-0.5600,0.1400
2026-07-03,15:16:00,76673,0.0029,-0.0181,-0.9540,1.2600,-0.4900,0.2100
2026-07-03,15:16:00,76773,0.0039,-0.0205,-0.9526,1.2
600,-0.4200,0.0700
2026-07-03,15:16:00,76873,0.0029,-0.0220,-0.9545,1.1900,-0.5600,0.1400
2026-07-03,15:16:00,76973,0.0039,-0.0190,-0.9555,1.1200,-0.4200,0.2100
2026-07-03,15:16:01,77073,0.0044,-0.0200,-0.9526,1.1900,-0.4900,0.2100
2026-07-
03,15:16:01,77173,0.0029,-0.0190,-0.9550,1.1900,-0.4200,0.1400
2026-07-03,15:16:01,77273,0.0044,-0.0200,-0.9550,1.2600,-0.5600,0.0000
2026-07-03,15:16:01,77373,0.0034,-0.0229,-0.9550,1.2600,-0.6300,0.1400
2026-07-03,15:16:01,77473,0.0044,-0.
0210,-0.9560,1.2600,-0.5600,0.0700
2026-07-03,15:16:01,77573,0.0020,-0.0210,-0.9570,1.2600,-0.6300,0.1400
2026-07-03,15:16:01,77673,0.0020,-0.0215,-0.9550,1.2600,-0.5600,0.1400
2026-07-03,15:16:01,77773,0.0034,-0.0210,-0.9545,1.1900,-0.4900,
0.1400
2026-07-03,15:16:01,77873,0.0015,-0.0220,-0.9550,1.2600,-0.4900,0.1400
2026-07-03,15:16:01,77973,0.0034,-0.0190,-0.9550,1.2600,-0.5600,0.0700
2026-07-03,15:16:02,78073,0.0049,-0.0205,-0.9555,1.1900,-0.4200,0.2100
2026-07-03,15:16:02,
78173,0.0039,-0.0195,-0.9565,1.2600,-0.5600,0.1400
2026-07-03,15:16:02,78273,0.0059,-0.0210,-0.9536,1.3300,-0.4900,0.1400
2026-07-03,15:16:02,78373,0.0029,-0.0185,-0.9545,1.2600,-0.5600,0.1400
2026-07-03,15:16:02,78473,0.0039,-0.0215,-0.9550
,1.1900,-0.4200,0.1400
2026-07-03,15:16:02,78573,0.0029,-0.0205,-0.9555,1.3300,-0.5600,0.0700
2026-07-03,15:16:02,78673,0.0049,-0.0185,-0.9540,1.2600,-0.4900,0.1400
2026-07-03,15:16:02,78773,0.0044,-0.0176,-0.9550,1.1900,-0.3500,0.0700
2026
-07-03,15:16:02,78873,0.0034,0.0088,-0.9618,1.4700,-0.4900,0.0700
2026-07-03,15:16:02,78973,0.0171,-0.0342,-0.9482,1.3300,-0.4900,0.0700
2026-07-03,15:16:03,79073,0.0107,-0.0249,-0.9511,0.9800,-0.4200,0.0700
2026-07-03,15:16:03,79173,0.0010,
-0.0083,-0.9540,1.3300,-0.4200,0.1400
2026-07-03,15:16:03,79273,0.0083,-0.0161,-0.9536,1.3300,-0.5600,0.2100
2026-07-03,15:16:03,79373,0.0083,-0.0181,-0.9545,1.1900,-0.4900,0.0700
2026-07-03,15:16:03,79473,0.0102,-0.0185,-0.9560,1.3300,-0.56
00,0.0700
2026-07-03,15:16:03,79573,0.0054,-0.0210,-0.9565,1.1900,-0.5600,0.0700
2026-07-03,15:16:03,79673,0.0039,-0.0205,-0.9526,1.2600,-0.5600,0.2100
2026-07-03,15:16:03,79773,0.0039,-0.0200,-0.9545,1.1900,-0.4900,0.1400
2026-07-03,15:16:
03,79873,0.0010,-0.0200,-0.9555,1.1200,-0.4900,0.2100
2026-07-03,15:16:03,79973,0.0039,-0.0224,-0.9536,1.1900,-0.4900,0.1400
2026-07-03,15:16:04,80078,0.0039,-0.0244,-0.9550,1.1900,-0.7000,0.2100
2026-07-03,15:16:04,80173,0.0044,-0.0210,-0.9
536,1.2600,-0.4200,0.1400
2026-07-03,15:16:04,80273,0.0010,-0.0229,-0.9545,1.2600,-0.6300,0.1400
2026-07-03,15:16:04,80373,0.0029,-0.0176,-0.9565,1.2600,-0.5600,0.2100
2026-07-03,15:16:04,80473,0.0034,-0.0210,-0.9555,1.2600,-0.5600,0.1400
2
026-07-03,15:16:04,80573,0.0044,-0.0190,-0.9570,1.1900,-0.5600,0.1400
2026-07-03,15:16:04,80673,0.0044,-0.0181,-0.9536,1.2600,-0.5600,0.1400
2026-07-03,15:16:04,80779,0.0049,-0.0181,-0.9579,1.1900,-0.2800,0.2100
2026-07-03,15:16:04,80873,0.0
024,-0.0190,-0.9575,1.3300,-0.5600,0.2100
2026-07-03,15:16:04,80973,0.0059,-0.0229,-0.9487,1.1900,-0.5600,0.1400
2026-07-03,15:16:05,81073,0.0024,-0.0220,-0.9565,1.3300,-0.6300,0.1400
2026-07-03,15:16:05,81173,-0.0005,-0.0220,-0.9604,1.2600,
-0.5600,0.1400
2026-07-03,15:16:05,81273,0.0010,-0.0205,-0.9540,1.2600,-0.4900,0.1400
2026-07-03,15:16:05,81373,0.0029,-0.0205,-0.9531,1.2600,-0.5600,0.1400
2026-07-03,15:16:05,81479,0.0044,-0.0088,-0.9487,1.3300,-0.4200,0.0700
2026-07-03,1
5:16:05,81573,0.0132,-0.0200,-0.9374,1.4700,-0.6300,0.0000
2026-07-03,15:16:05,81673,0.0102,-0.0317,-0.9565,1.1200,-0.3500,0.1400
2026-07-03,15:16:05,81773,-0.0010,-0.0068,-0.9506,1.2600,-0.6300,0.1400
2026-07-03,15:16:05,81873,0.0063,-0.018
5,-0.9545,1.3300,-0.4900,0.1400
2026-07-03,15:16:05,81973,0.0102,-0.0249,-0.9565,1.2600,-0.4900,0.0700
2026-07-03,15:16:06,82073,0.0078,-0.0176,-0.9575,1.2600,-0.4900,0.0700
2026-07-03,15:16:06,82173,0.0059,-0.0190,-0.9575,1.2600,-0.6300,0.0
700
2026-07-03,15:16:06,82273,0.0059,-0.0205,-0.9521,1.2600,-0.5600,0.2100
2026-07-03,15:16:06,82373,0.0034,-0.0229,-0.9531,1.2600,-0.4900,0.0700
2026-07-03,15:16:06,82473,0.0044,-0.0195,-0.9545,1.2600,-0.4900,0.1400
2026-07-03,15:16:06,825
73,0.0039,-0.0195,-0.9545,1.1900,-0.5600,0.1400
2026-07-03,15:16:06,82673,0.0049,-0.0190,-0.9540,1.1900,-0.4200,0.2100
2026-07-03,15:16:06,82773,0.0044,-0.0229,-0.9570,1.2600,-0.4200,0.2100
2026-07-03,15:16:06,82873,0.0059,-0.0205,-0.9550,1.
1900,-0.6300,0.2100
2026-07-03,15:16:06,82973,0.0029,-0.0205,-0.9526,1.1900,-0.5600,0.1400
2026-07-03,15:16:07,83073,0.0020,-0.0210,-0.9545,1.1900,-0.5600,0.0700
2026-07-03,15:16:07,83173,0.0024,-0.0195,-0.9531,1.2600,-0.5600,0.2100
2026-07
-03,15:16:07,83273,0.0039,-0.0200,-0.9545,1.2600,-0.4900,0.1400
2026-07-03,15:16:07,83373,0.0054,-0.0205,-0.9545,1.2600,-0.4900,0.1400
2026-07-03,15:16:07,83473,0.0049,-0.0200,-0.9540,1.1900,-0.4900,0.2100
2026-07-03,15:16:07,83573,0.0039,-0
.0205,-0.9575,1.2600,-0.6300,0.0700
2026-07-03,15:16:07,83673,0.0049,-0.0200,-0.9560,1.2600,-0.4900,0.1400
2026-07-03,15:16:07,83773,0.0034,-0.0200,-0.9531,1.1200,-0.4900,0.1400
2026-07-03,15:16:07,83873,0.0039,-0.0200,-0.9545,1.3300,-0.4900
,0.0700
2026-07-03,15:16:07,83973,0.0029,-0.0210,-0.9570,1.1900,-0.4200,0.1400
2026-07-03,15:16:08,84073,0.0049,-0.0190,-0.9550,1.2600,-0.4200,0.1400
2026-07-03,15:16:08,84173,0.0034,-0.0205,-0.9526,1.2600,-0.4900,0.2100
2026-07-03,15:16:08
,84273,0.0044,-0.0200,-0.9565,1.2600,-0.4900,0.1400
2026-07-03,15:16:08,84373,0.0049,-0.0185,-0.9555,1.1900,-0.4200,0.1400
2026-07-03,15:16:08,84473,0.0044,-0.0195,-0.9565,1.2600,-0.4900,0.1400
2026-07-03,15:16:08,84573,0.0039,-0.0200,-0.957
0,1.2600,-0.5600,0.2100
2026-07-03,15:16:08,84673,0.0029,-0.0210,-0.9536,1.2600,-0.4900,0.1400
2026-07-03,15:16:08,84773,0.0059,-0.0210,-0.9550,1.2600,-0.4900,0.1400
2026-07-03,15:16:08,84873,0.0029,-0.0195,-0.9570,1.1900,-0.5600,0.1400
202
6-07-03,15:16:08,84973,0.0034,-0.0190,-0.9531,1.2600,-0.3500,0.1400
2026-07-03,15:16:09,85073,0.0049,-0.0205,-0.9526,1.1900,-0.4900,0.2100
2026-07-03,15:16:09,85173,0.0044,-0.0215,-0.9565,1.2600,-0.4200,0.1400
2026-07-03,15:16:09,85273,0.002
9,-0.0185,-0.9565,1.2600,-0.4200,0.2100
2026-07-03,15:16:09,85373,0.0024,-0.0205,-0.9560,1.1900,-0.4200,0.2100
2026-07-03,15:16:09,85473,0.0024,-0.0220,-0.9555,1.1900,-0.4900,0.2800
2026-07-03,15:16:09,85573,0.0039,-0.0205,-0.9560,1.2600,-0.
5600,0.2100
2026-07-03,15:16:09,85673,0.0024,-0.0195,-0.9526,1.1900,-0.4900,0.1400
2026-07-03,15:16:09,85777,0.0010,-0.0215,-0.9550,1.1900,-0.4900,0.2100
2026-07-03,15:16:09,85873,0.0029,-0.0195,-0.9555,1.2600,-0.5600,0.0700
2026-07-03,15:1
6:09,85973,0.0039,-0.0210,-0.9540,1.1900,-0.4200,0.2100
2026-07-03,15:16:10,86073,0.0068,-0.0171,-0.9550,1.1900,-0.5600,0.1400
2026-07-03,15:16:10,86173,0.0049,-0.0210,-0.9540,1.1900,-0.4900,0.1400
2026-07-03,15:16:10,86273,0.0078,-0.0195,-0
.9555,1.2600,-0.4900,0.1400
2026-07-03,15:16:10,86373,0.0024,-0.0195,-0.9540,1.2600,-0.4900,0.2100
2026-07-03,15:16:10,86473,0.0044,-0.0215,-0.9550,1.1900,-0.4900,0.1400
2026-07-03,15:16:10,86573,0.0054,-0.0190,-0.9536,1.3300,-0.4200,0.2100
2026-07-03,15:16:10,86673,0.0063,-0.0210,-0.9540,1.2600,-0.5600,0.1400
2026-07-03,15:16:10,86773,0.0044,-0.0205,-0.9531,1.1900,-0.4900,0.2100
2026-07-03,15:16:10,86873,0.0049,-0.0220,-0.9531,1.1900,-0.4900,0.1400
2026-07-03,15:16:10,86973,0
.0063,-0.0200,-0.9531,1.2600,-0.4900,0.2100
2026-07-03,15:16:11,87073,0.0039,-0.0220,-0.9570,1.2600,-0.4900,0.1400
2026-07-03,15:16:11,87179,0.0054,-0.0224,-0.9545,1.2600,-0.5600,0.0700
2026-07-03,15:16:11,87273,0.0020,-0.0195,-0.9565,1.1900
,-0.4200,0.1400
2026-07-03,15:16:11,87373,0.0054,-0.0195,-0.9531,1.2600,-0.5600,0.2100
2026-07-03,15:16:11,87473,0.0044,-0.0200,-0.9555,1.3300,-0.4900,0.1400
2026-07-03,15:16:11,87573,0.0049,-0.0205,-0.9536,1.3300,-0.4900,0.1400
2026-07-03,
15:16:11,87673,0.0054,-0.0210,-0.9555,1.3300,-0.4900,0.2100
2026-07-03,15:16:11,87773,0.0034,-0.0220,-0.9540,1.1900,-0.5600,0.1400
2026-07-03,15:16:11,87878,0.0029,-0.0181,-0.9545,1.2600,-0.6300,0.1400
2026-07-03,15:16:11,87973,0.0044,-0.019
5,-0.9550,1.1900,-0.4900,0.2100
2026-07-03,15:16:12,88073,0.0059,-0.0215,-0.9531,1.2600,-0.5600,0.1400
2026-07-03,15:16:12,88173,0.0024,-0.0210,-0.9550,1.2600,-0.4900,0.1400
2026-07-03,15:16:12,88273,0.0044,-0.0195,-0.9579,1.2600,-0.4900,0.1
400
2026-07-03,15:16:12,88373,0.0044,-0.0220,-0.9575,1.1900,-0.4900,0.1400
2026-07-03,15:16:12,88473,0.0039,-0.0215,-0.9536,1.2600,-0.4900,0.1400
2026-07-03,15:16:12,88573,0.0054,-0.0224,-0.9540,1.3300,-0.4900,0.1400
2026-07-03,15:16:12,886
73,0.0039,-0.0176,-0.9540,1.2600,-0.4900,0.0700
2026-07-03,15:16:12,88773,0.0054,-0.0205,-0.9555,1.2600,-0.5600,0.1400
2026-07-03,15:16:12,88873,0.0049,-0.0210,-0.9545,1.2600,-0.4900,0.2100
2026-07-03,15:16:12,88973,0.0044,-0.0200,-0.9545,1.
1900,-0.4900,0.1400
2026-07-03,15:16:13,89073,0.0029,-0.0220,-0.9545,1.2600,-0.5600,0.0700
2026-07-03,15:16:13,89173,0.0054,-0.0220,-0.9540,1.1900,-0.5600,0.1400
2026-07-03,15:16:13,89273,0.0029,-0.0195,-0.9540,1.1900,-0.5600,0.2100
2026-07
-03,15:16:13,89373,0.0049,-0.0190,-0.9545,1.2600,-0.5600,0.1400
2026-07-03,15:16:13,89473,0.0054,-0.0210,-0.9545,1.3300,-0.4900,0.0700
2026-07-03,15:16:13,89573,0.0029,-0.0215,-0.9565,1.1900,-0.4200,0.1400
2026-07-03,15:16:13,89673,0.0049,-0
.0190,-0.9531,1.3300,-0.6300,0.2100
2026-07-03,15:16:13,89773,0.0020,-0.0200,-0.9550,1.2600,-0.3500,0.2100
2026-07-03,15:16:13,89873,0.0039,-0.0190,-0.9531,1.1900,-0.6300,0.2100
2026-07-03,15:16:13,89973,0.0029,-0.0215,-0.9545,1.2600,-0.5600
,0.1400
2026-07-03,15:16:14,90073,0.0049,-0.0200,-0.9584,1.1900,-0.5600,0.1400
2026-07-03,15:16:14,90173,0.0044,-0.0190,-0.9531,1.1900,-0.5600,0.1400
2026-07-03,15:16:14,90273,0.0059,-0.0200,-0.9555,1.1900,-0.4900,0.2100
2026-07-03,15:16:14
,90373,0.0024,-0.0210,-0.9565,1.2600,-0.4200,0.1400
2026-07-03,15:16:14,90473,0.0039,-0.0205,-0.9565,1.2600,-0.4200,0.1400
2026-07-03,15:16:14,90573,0.0029,-0.0210,-0.9545,1.2600,-0.4900,0.1400
2026-07-03,15:16:14,90673,0.0054,-0.0200,-0.955
0,1.2600,-0.6300,0.1400
2026-07-03,15:16:14,90778,0.0044,-0.0220,-0.9536,1.1900,-0.5600,0.1400
2026-07-03,15:16:14,90873,0.0034,-0.0205,-0.9536,1.2600,-0.4900,0.0700
2026-07-03,15:16:14,90973,0.0044,-0.0195,-0.9526,1.1900,-0.6300,0.1400
202
6-07-03,15:16:15,91073,0.0029,-0.0200,-0.9545,1.2600,-0.4900,0.1400
2026-07-03,15:16:15,91173,0.0034,-0.0190,-0.9545,1.1900,-0.4200,0.2100
2026-07-03,15:16:15,91273,0.0049,-0.0200,-0.9560,1.1900,-0.6300,0.1400
2026-07-03,15:16:15,91373,0.004
9,-0.0200,-0.9550,1.2600,-0.4200,0.2800
2026-07-03,15:16:15,91473,0.0044,-0.0195,-0.9550,1.2600,-0.4900,0.0700
2026-07-03,15:16:15,91573,0.0039,-0.0181,-0.9565,1.1900,-0.5600,0.1400
2026-07-03,15:16:15,91673,0.0029,-0.0210,-0.9550,1.2600,-0.
4900,0.1400
2026-07-03,15:16:15,91773,0.0044,-0.0181,-0.9550,1.2600,-0.4900,0.2100
2026-07-03,15:16:15,91873,0.0073,-0.0220,-0.9555,1.2600,-0.5600,0.1400
2026-07-03,15:16:15,91973,0.0049,-0.0200,-0.9555,1.1900,-0.3500,0.2100
2026-07-03,15:1
6:16,92073,0.0024,-0.0205,-0.9545,1.1900,-0.5600,0.0700
2026-07-03,15:16:16,92173,0.0049,-0.0215,-0.9540,1.2600,-0.4900,0.0700
2026-07-03,15:16:16,92273,0.0044,-0.0205,-0.9575,1.2600,-0.4900,0.1400
2026-07-03,15:16:16,92373,0.0029,-0.0205,-0
.9560,1.2600,-0.4900,0.1400
2026-07-03,15:16:16,92473,0.0015,-0.0190,-0.9540,1.1900,-0.4200,0.1400
2026-07-03,15:16:16,92573,0.0059,-0.0215,-0.9531,1.1900,-0.4900,0.1400
2026-07-03,15:16:16,92673,0.0034,-0.0210,-0.9536,1.2600,-0.5600,0.1400
2026-07-03,15:16:16,92773,0.0034,-0.0190,-0.9555,1.2600,-0.5600,0.1400
2026-07-03,15:16:16,92873,0.0024,-0.0210,-0.9555,1.2600,-0.5600,0.1400
2026-07-03,15:16:16,92973,0.0034,-0.0200,-0.9550,1.2600,-0.5600,0.0700
2026-07-03,15:16:17,93073,0
.0039,-0.0185,-0.9550,1.1900,-0.6300,0.0700
2026-07-03,15:16:17,93173,0.0034,-0.0185,-0.9540,1.1900,-0.4900,0.1400
2026-07-03,15:16:17,93273,0.0039,-0.0195,-0.9545,1.1900,-0.4200,0.1400
2026-07-03,15:16:17,93373,0.0044,-0.0190,-0.9560,1.3300
,-0.4200,0.1400
2026-07-03,15:16:17,93473,0.0039,-0.0215,-0.9555,1.1900,-0.5600,0.0700
2026-07-03,15:16:17,93579,0.0054,-0.0210,-0.9560,1.1900,-0.4900,0.1400
2026-07-03,15:16:17,93673,0.0054,-0.0195,-0.9531,1.1900,-0.5600,0.2100
2026-07-03,
15:16:17,93773,0.0039,-0.0215,-0.9560,1.1200,-0.7700,0.2100
2026-07-03,15:16:17,93873,0.0034,-0.0059,-0.9477,1.2600,-0.3500,0.1400
2026-07-03,15:16:17,93973,0.0093,-0.0259,-0.9575,1.1900,-0.3500,0.1400
2026-07-03,15:16:18,94073,0.0059,-0.020
0,-0.9521,1.2600,-0.6300,0.2100
2026-07-03,15:16:18,94173,0.0068,-0.0127,-0.9516,1.3300,-0.3500,0.1400
2026-07-03,15:16:18,94278,0.0093,-0.0210,-0.9599,1.2600,-0.6300,0.2100
2026-07-03,15:16:18,94373,0.0063,-0.0166,-0.9526,1.1900,-0.5600,0.2
100
2026-07-03,15:16:18,94473,0.0083,-0.0210,-0.9565,1.1900,-0.4200,0.1400
2026-07-03,15:16:18,94573,0.0068,-0.0200,-0.9550,1.1900,-0.4900,0.1400
2026-07-03,15:16:18,94673,0.0063,-0.0185,-0.9540,1.1900,-0.4900,0.1400
2026-07-03,15:16:18,947
73,0.0044,-0.0185,-0.9565,1.4000,-0.4200,0.1400
2026-07-03,15:16:18,94873,0.0034,-0.0195,-0.9526,1.1900,-0.5600,0.0700
2026-07-03,15:16:18,94973,0.0020,-0.0210,-0.9540,1.2600,-0.6300,0.2100
2026-07-03,15:16:19,95073,0.0015,-0.0185,-0.9521,1.
1900,-0.4200,0.1400
2026-07-03,15:16:19,95173,0.0015,-0.0210,-0.9599,1.0500,-0.6300,0.1400
2026-07-03,15:16:19,95273,0.0024,-0.0224,-0.9560,1.2600,-0.4900,0.1400
2026-07-03,15:16:19,95373,0.0034,-0.0224,-0.9526,1.3300,-0.4900,0.1400
2026-07
-03,15:16:19,95473,0.0049,-0.0205,-0.9540,1.2600,-0.4900,0.1400
2026-07-03,15:16:19,95573,-0.0005,-0.0190,-0.9555,1.1200,-0.6300,0.0700
2026-07-03,15:16:19,95673,0.0020,-0.0220,-0.9545,1.2600,-0.4200,0.0700
2026-07-03,15:16:19,95777,0.0015,-
0.0210,-0.9521,1.1200,-0.4900,0.2100
2026-07-03,15:16:19,95873,0.0024,-0.0205,-0.9540,1.4700,-0.5600,0.0700
2026-07-03,15:16:19,95973,0.0039,-0.0185,-0.9594,1.0500,-0.5600,0.1400
2026-07-03,15:16:20,96073,0.0054,-0.0185,-0.9531,1.4700,-0.420
0,0.1400
2026-07-03,15:16:20,96173,0.0044,-0.0176,-0.9555,1.2600,-0.4900,0.1400
2026-07-03,15:16:20,96273,0.0049,-0.0195,-0.9565,1.2600,-0.6300,0.0700
2026-07-03,15:16:20,96373,0.0034,-0.0176,-0.9545,1.3300,-0.5600,0.1400
2026-07-03,15:16:2
0,96473,0.0039,-0.0210,-0.9555,1.1900,-0.5600,0.0700
2026-07-03,15:16:20,96573,0.0020,-0.0224,-0.9560,1.4000,-0.6300,0.0700
2026-07-03,15:16:20,96673,0.0039,-0.0215,-0.9545,1.1900,-0.4200,0.0700
2026-07-03,15:16:20,96773,0.0024,-0.0195,-0.95
60,1.1900,-0.6300,0.0700
2026-07-03,15:16:20,96873,0.0015,-0.0171,-0.9536,1.2600,-0.5600,0.0700
2026-07-03,15:16:20,96973,0.0029,-0.0205,-0.9560,1.1900,-0.4900,0.0700
2026-07-03,15:16:21,97073,0.0024,-0.0200,-0.9550,1.1200,-0.6300,0.2100
20
26-07-03,15:16:21,97173,0.0034,-0.0200,-0.9560,1.1900,-0.4900,0.2100
2026-07-03,15:16:21,97273,0.0020,-0.0185,-0.9560,1.2600,-0.5600,0.2100
2026-07-03,15:16:21,97373,0.0034,-0.0229,-0.9560,1.2600,-0.4200,0.2100
2026-07-03,15:16:21,97473,0.00
63,-0.0220,-0.9555,1.2600,-0.6300,0.1400
2026-07-03,15:16:21,97573,0.0039,-0.0205,-0.9560,1.2600,-0.4900,0.1400
2026-07-03,15:16:21,97673,0.0020,-0.0190,-0.9560,1.2600,-0.4900,0.0700
2026-07-03,15:16:21,97773,0.0044,-0.0215,-0.9560,1.1900,-0
.7000,0.0700
2026-07-03,15:16:21,97873,0.0044,-0.0210,-0.9545,1.3300,-0.3500,0.1400
2026-07-03,15:16:21,97973,0.0044,-0.0205,-0.9555,1.2600,-0.4900,0.1400
2026-07-03,15:16:22,98073,0.0049,-0.0210,-0.9550,1.2600,-0.5600,0.1400
2026-07-03,15:
16:22,98173,0.0039,-0.0205,-0.9555,1.2600,-0.4900,0.2100
2026-07-03,15:16:22,98273,0.0054,-0.0224,-0.9555,1.2600,-0.5600,0.1400
2026-07-03,15:16:22,98373,0.0044,-0.0215,-0.9555,1.2600,-0.5600,0.0700
2026-07-03,15:16:22,98473,0.0029,-0.0195,-
0.9545,1.2600,-0.4200,0.1400
2026-07-03,15:16:22,98573,0.0044,-0.0200,-0.9540,1.3300,-0.4900,0.1400
2026-07-03,15:16:22,98673,0.0029,-0.0210,-0.9550,1.1900,-0.5600,0.1400
2026-07-03,15:16:22,98773,0.0039,-0.0205,-0.9555,1.2600,-0.4900,0.2100
2026-07-03,15:16:22,98873,0.0059,-0.0254,-0.9570,0.9800,-0.7000,0.0700
2026-07-03,15:16:22,98973,0.0000,-0.0205,-0.9487,1.1200,-0.4200,0.0700
2026-07-03,15:16:23,99073,-0.0034,-0.0122,-0.9623,1.2600,-0.5600,0.2100
2026-07-03,15:16:23,99173
,0.0044,-0.0249,-0.9536,1.2600,-0.5600,0.1400
2026-07-03,15:16:23,99273,0.0088,-0.0215,-0.9545,1.1900,-0.3500,0.0000
2026-07-03,15:16:23,99373,0.0015,-0.0176,-0.9623,1.2600,-0.5600,0.1400
2026-07-03,15:16:23,99473,0.0024,-0.0205,-0.9536,1.26
00,-0.5600,0.1400
2026-07-03,15:16:23,99573,0.0015,-0.0205,-0.9506,1.3300,-0.4900,0.0700
2026-07-03,15:16:23,99673,0.0044,-0.0166,-0.9575,1.2600,-0.4900,0.1400
2026-07-03,15:16:23,99773,0.0039,-0.0195,-0.9579,1.1900,-0.6300,0.2100
2026-07-0
3,15:16:23,99873,0.0044,-0.0195,-0.9536,1.1900,-0.4200,0.2100
2026-07-03,15:16:23,99978,0.0044,-0.0195,-0.9555,1.1900,-0.5600,0.0700
2026-07-03,15:16:24,100073,0.0034,-0.0195,-0.9579,1.2600,-0.5600,0.0700
2026-07-03,15:16:24,100173,0.0049,-0
.0190,-0.9545,1.1900,-0.5600,0.1400
2026-07-03,15:16:24,100273,0.0024,-0.0200,-0.9540,1.1900,-0.4200,0.1400
2026-07-03,15:16:24,100373,0.0024,-0.0210,-0.9565,1.1900,-0.4900,0.1400
2026-07-03,15:16:24,100473,0.0034,-0.0185,-0.9560,1.1900,-0.4
200,0.2100
2026-07-03,15:16:24,100573,0.0024,-0.0220,-0.9540,1.1900,-0.4900,0.1400
2026-07-03,15:16:24,100678,0.0044,-0.0171,-0.9545,1.1200,-0.6300,0.0700
2026-07-03,15:16:24,100777,0.0034,-0.0210,-0.9531,1.2600,-0.5600,0.0700
2026-07-03,15
:16:24,100873,0.0039,-0.0185,-0.9540,1.1900,-0.4200,0.0700
2026-07-03,15:16:24,100973,0.0049,-0.0205,-0.9536,1.3300,-0.5600,0.0700
2026-07-03,15:16:25,101073,0.0054,-0.0195,-0.9560,1.1900,-0.4900,0.2100
2026-07-03,15:16:25,101173,0.0034,-0.0
195,-0.9545,1.3300,-0.4200,0.1400
2026-07-03,15:16:25,101273,0.0029,-0.0200,-0.9540,1.1900,-0.6300,0.2100
2026-07-03,15:16:25,101377,0.0034,-0.0205,-0.9545,1.3300,-0.5600,0.1400
2026-07-03,15:16:25,101473,0.0039,-0.0195,-0.9550,1.2600,-0.560
0,0.1400
2026-07-03,15:16:25,101573,0.0044,-0.0200,-0.9555,1.1900,-0.6300,0.1400
2026-07-03,15:16:25,101673,0.0039,-0.0200,-0.9550,1.3300,-0.5600,0.1400
2026-07-03,15:16:25,101773,0.0044,-0.0195,-0.9536,1.1900,-0.5600,0.1400
2026-07-03,15:1
6:25,101873,0.0039,-0.0215,-0.9560,1.2600,-0.4900,0.2100
2026-07-03,15:16:25,101973,0.0039,-0.0190,-0.9531,1.1900,-0.4900,0.1400
2026-07-03,15:16:26,102079,0.0044,-0.0200,-0.9550,1.2600,-0.5600,0.2100
2026-07-03,15:16:26,102173,0.0029,-0.019
5,-0.9550,1.2600,-0.4900,0.1400
2026-07-03,15:16:26,102273,0.0039,-0.0205,-0.9555,1.2600,-0.5600,0.0700
2026-07-03,15:16:26,102373,0.0054,-0.0200,-0.9550,1.1200,-0.4900,0.1400
2026-07-03,15:16:26,102473,0.0024,-0.0200,-0.9555,1.2600,-0.6300,
0.1400
2026-07-03,15:16:26,102573,0.0049,-0.0205,-0.9540,1.2600,-0.6300,0.1400
2026-07-03,15:16:26,102673,0.0039,-0.0200,-0.9560,1.1900,-0.4200,0.1400
2026-07-03,15:16:26,102778,0.0010,-0.0205,-0.9545,1.2600,-0.4900,0.1400
2026-07-03,15:16:
26,102873,0.0039,-0.0200,-0.9555,1.1900,-0.4200,0.2100
2026-07-03,15:16:26,102973,0.0024,-0.0190,-0.9570,1.1900,-0.5600,0.1400
2026-07-03,15:16:27,103073,0.0039,-0.0195,-0.9555,1.2600,-0.4900,0.1400
2026-07-03,15:16:27,103173,0.0044,-0.0224,
-0.9545,1.1200,-0.5600,0.1400
2026-07-03,15:16:27,103273,0.0034,-0.0210,-0.9545,1.3300,-0.5600,0.1400
2026-07-03,15:16:27,103373,0.0034,-0.0205,-0.9545,1.2600,-0.5600,0.2100
2026-07-03,15:16:27,103479,0.0024,-0.0190,-0.9550,1.2600,-0.4900,0.
0700
2026-07-03,15:16:27,103573,0.0034,-0.0200,-0.9555,1.1900,-0.4900,0.1400
2026-07-03,15:16:27,103673,0.0049,-0.0200,-0.9545,1.2600,-0.4900,0.1400
2026-07-03,15:16:27,103773,0.0039,-0.0195,-0.9560,1.2600,-0.5600,0.1400
2026-07-03,15:16:27
,103873,0.0024,-0.0181,-0.9555,1.2600,-0.4200,0.2100
2026-07-03,15:16:27,103973,0.0059,-0.0205,-0.9545,1.2600,-0.5600,0.0700
2026-07-03,15:16:28,104073,0.0049,-0.0190,-0.9531,1.3300,-0.5600,0.2100
2026-07-03,15:16:28,104179,0.0054,-0.0210,-0
.9570,1.2600,-0.4900,0.1400
2026-07-03,15:16:28,104273,0.0020,-0.0195,-0.9545,1.1900,-0.5600,0.1400
2026-07-03,15:16:28,104373,0.0122,-0.0268,-0.9911,1.4700,-0.7700,0.0000
2026-07-03,15:16:28,104473,0.0088,-0.0210,-0.9399,1.1200,-0.6300,0.07
00
2026-07-03,15:16:28,104573,0.0029,-0.0200,-0.9482,1.1900,-0.4200,0.0700
2026-07-03,15:16:28,104673,-0.0010,-0.0200,-0.9540,1.1200,-0.5600,0.2800
2026-07-03,15:16:28,104773,-0.0010,-0.0205,-0.9506,1.3300,-0.4900,0.2100
2026-07-03,15:16:28
,104878,0.0039,-0.0224,-0.9560,1.1900,-0.4200,0.1400
2026-07-03,15:16:28,104973,0.0054,-0.0205,-0.9550,1.1900,-0.4900,0.2100
2026-07-03,15:16:29,105073,0.0044,-0.0200,-0.9570,1.1900,-0.4900,0.0700
2026-07-03,15:16:29,105173,0.0044,-0.0220,-0
.9531,1.2600,-0.4200,0.2100
2026-07-03,15:16:29,105273,0.0029,-0.0220,-0.9545,1.2600,-0.5600,0.2800
2026-07-03,15:16:29,105373,0.0039,-0.0220,-0.9545,1.2600,-0.4200,0.1400
2026-07-03,15:16:29,105473,0.0015,-0.0176,-0.9526,1.2600,-0.4200,0.21
00
2026-07-03,15:16:29,105578,0.0049,-0.0205,-0.9540,1.1900,-0.4200,0.0700
2026-07-03,15:16:29,105673,0.0049,-0.0181,-0.9545,1.1900,-0.4900,0.0700
2026-07-03,15:16:29,105777,0.0059,-0.0181,-0.9565,1.2600,-0.4200,0.2100
2026-07-03,15:16:29,1
05873,0.0054,-0.0195,-0.9531,1.1900,-0.5600,0.1400
2026-07-03,15:16:29,105973,0.0015,-0.0195,-0.9550,1.1900,-0.4900,0.0700
2026-07-03,15:16:30,106073,0.0049,-0.0200,-0.9526,1.2600,-0.5600,0.1400
2026-07-03,15:16:30,106173,0.0044,-0.0215,-0.9
560,1.1900,-0.4900,0.2100
2026-07-03,15:16:30,106278,0.0044,-0.0224,-0.9555,1.2600,-0.4900,0.2100
2026-07-03,15:16:30,106373,0.0044,-0.0190,-0.9565,1.2600,-0.4200,0.0700
2026-07-03,15:16:30,106473,0.0063,-0.0185,-0.9536,1.1900,-0.4900,0.1400
2026-07-03,15:16:30,106573,0.0054,-0.0215,-0.9540,1.2600,-0.6300,0.1400
2026-07-03,15:16:30,106677,0.0054,-0.0195,-0.9511,1.2600,-0.4900,0.0700
2026-07-03,15:16:30,106773,0.0059,-0.0195,-0.9570,1.1900,-0.6300,0.0700
2026-07-03,15:16:30,106
873,0.0059,-0.0205,-0.9560,1.2600,-0.5600,0.2100
2026-07-03,15:16:30,106979,0.0059,-0.0200,-0.9531,1.2600,-0.5600,0.1400
2026-07-03,15:16:31,107073,0.0029,-0.0181,-0.9531,1.1900,-0.4900,0.1400
2026-07-03,15:16:31,107173,0.0029,-0.0215,-0.956
5,1.1900,-0.4200,0.0700
2026-07-03,15:16:31,107273,0.0049,-0.0224,-0.9550,1.2600,-0.5600,0.1400
2026-07-03,15:16:31,107373,0.0039,-0.0205,-0.9540,1.1900,-0.5600,0.1400
2026-07-03,15:16:31,107473,0.0039,-0.0190,-0.9545,1.2600,-0.4900,0.1400
2026-07-03,15:16:31,107573,0.0015,-0.0190,-0.9545,1.2600,-0.5600,0.0700
2026-07-03,15:16:31,107679,0.0039,-0.0200,-0.9555,1.1900,-0.4900,0.1400
2026-07-03,15:16:31,107773,0.0044,-0.0210,-0.9555,1.2600,-0.4900,0.1400
2026-07-03,15:16:31,10787
3,0.0034,-0.0185,-0.9531,1.2600,-0.4200,0.2100
2026-07-03,15:16:31,107973,0.0039,-0.0200,-0.9560,1.1900,-0.5600,0.2100
2026-07-03,15:16:32,108073,0.0044,-0.0220,-0.9565,1.2600,-0.5600,0.2100
2026-07-03,15:16:32,108173,0.0034,-0.0190,-0.9540,
1.1900,-0.4900,0.1400
2026-07-03,15:16:32,108273,0.0054,-0.0195,-0.9545,1.1900,-0.6300,0.1400
2026-07-03,15:16:32,108378,0.0034,-0.0210,-0.9565,1.2600,-0.4900,0.0700
2026-07-03,15:16:32,108474,0.0034,-0.0215,-0.9526,1.2600,-0.4200,0.2100
20
26-07-03,15:16:32,108577,0.0039,-0.0200,-0.9545,1.2600,-0.4900,0.1400
2026-07-03,15:16:32,108673,0.0029,-0.0181,-0.9565,1.2600,-0.5600,0.0700
2026-07-03,15:16:32,108773,0.0044,-0.0190,-0.9555,1.1900,-0.4900,0.0700
2026-07-03,15:16:32,108873,
0.0024,-0.0181,-0.9540,1.1900,-0.4200,0.0700
2026-07-03,15:16:32,108973,0.0029,-0.0210,-0.9555,1.1900,-0.4200,0.2100
2026-07-03,15:16:33,109079,0.0024,-0.0195,-0.9560,1.1900,-0.6300,0.1400
2026-07-03,15:16:33,109173,0.0034,-0.0210,-0.9531,1.
2600,-0.4900,0.1400
2026-07-03,15:16:33,109273,0.0054,-0.0205,-0.9570,1.2600,-0.6300,0.0700
2026-07-03,15:16:33,109373,0.0059,-0.0210,-0.9516,1.2600,-0.4900,0.2100
2026-07-03,15:16:33,109473,0.0044,-0.0200,-0.9560,1.1900,-0.4200,0.2100
2026
-07-03,15:16:33,109573,0.0044,-0.0205,-0.9540,1.2600,-0.4200,0.1400
2026-07-03,15:16:33,109673,0.0049,-0.0215,-0.9540,1.1900,-0.4900,0.2100
2026-07-03,15:16:33,109779,0.0020,-0.0190,-0.9550,1.1900,-0.4900,0.2100
2026-07-03,15:16:33,109873,0.
0015,-0.0205,-0.9536,1.1900,-0.4200,0.2800
2026-07-03,15:16:33,109973,0.0029,-0.0210,-0.9560,1.2600,-0.5600,0.1400
2026-07-03,15:16:34,110073,0.0024,-0.0210,-0.9545,1.2600,-0.5600,0.1400
2026-07-03,15:16:34,110173,0.0024,-0.0205,-0.9536,1.26
00,-0.4900,0.2100
2026-07-03,15:16:34,110273,0.0010,-0.0200,-0.9550,1.2600,-0.5600,0.1400
2026-07-03,15:16:34,110373,0.0015,-0.0205,-0.9570,1.1900,-0.5600,0.2100
2026-07-03,15:16:34,110479,0.0044,-0.0200,-0.9545,1.2600,-0.4900,0.0700
2026-0
7-03,15:16:34,110573,0.0039,-0.0215,-0.9565,1.1900,-0.4900,0.2100
2026-07-03,15:16:34,110673,0.0039,-0.0190,-0.9550,1.1900,-0.4900,0.2100
2026-07-03,15:16:34,110777,0.0059,-0.0210,-0.9540,1.1900,-0.4900,0.0700
2026-07-03,15:16:34,110873,0.00
39,-0.0205,-0.9511,1.1900,-0.4900,0.0700
2026-07-03,15:16:34,110973,0.0029,-0.0224,-0.9570,1.2600,-0.4900,0.1400
2026-07-03,15:16:35,111073,0.0039,-0.0205,-0.9565,1.2600,-0.4900,0.1400
2026-07-03,15:16:35,111178,0.0029,-0.0210,-0.9550,1.1900
,-0.6300,0.1400
2026-07-03,15:16:35,111273,0.0024,-0.0190,-0.9501,1.2600,-0.4900,0.1400
2026-07-03,15:16:35,111373,0.0059,-0.0195,-0.9570,1.2600,-0.6300,0.1400
2026-07-03,15:16:35,111473,0.0044,-0.0190,-0.9555,1.2600,-0.4900,0.1400
2026-07-
03,15:16:35,111573,0.0059,-0.0200,-0.9545,1.1900,-0.4900,0.0700
2026-07-03,15:16:35,111673,0.0044,-0.0166,-0.9565,1.1900,-0.4900,0.1400
2026-07-03,15:16:35,111773,0.0044,-0.0185,-0.9550,1.1900,-0.6300,0.1400
2026-07-03,15:16:35,111873,0.0049
,-0.0181,-0.9555,1.1900,-0.5600,0.1400
2026-07-03,15:16:35,111973,0.0063,-0.0220,-0.9536,1.2600,-0.4900,0.0700
2026-07-03,15:16:36,112073,0.0034,-0.0181,-0.9540,1.2600,-0.6300,0.1400
2026-07-03,15:16:36,112173,0.0044,-0.0210,-0.9540,1.3300,-
0.4900,0.1400
2026-07-03,15:16:36,112273,0.0024,-0.0205,-0.9550,1.1900,-0.6300,0.1400
2026-07-03,15:16:36,112373,0.0015,-0.0195,-0.9540,1.2600,-0.4900,0.1400
2026-07-03,15:16:36,112473,0.0044,-0.0210,-0.9540,1.2600,-0.4900,0.1400
2026-07-03
,15:16:36,112573,0.0039,-0.0205,-0.9536,1.1900,-0.4900,0.0700
2026-07-03,15:16:36,112673,0.0024,-0.0190,-0.9550,1.2600,-0.5600,0.2800
2026-07-03,15:16:36,112773,0.0054,-0.0190,-0.9545,1.2600,-0.4900,0.1400
2026-07-03,15:16:36,112873,0.0020,-
0.0205,-0.9555,1.1200,-0.4900,0.0700
2026-07-03,15:16:36,112973,0.0049,-0.0210,-0.9555,1.2600,-0.4200,0.1400
2026-07-03,15:16:37,113073,0.0024,-0.0195,-0.9555,1.1900,-0.5600,0.1400
2026-07-03,15:16:37,113173,0.0054,-0.0190,-0.9550,1.3300,-0.
4900,0.2100
2026-07-03,15:16:37,113273,0.0054,-0.0205,-0.9536,1.1900,-0.4900,0.1400
2026-07-03,15:16:37,113373,0.0034,-0.0181,-0.9526,1.3300,-0.4200,0.1400
2026-07-03,15:16:37,113473,0.0054,-0.0210,-0.9555,1.2600,-0.6300,0.1400
2026-07-03,1
5:16:37,113573,0.0049,-0.0190,-0.9526,1.2600,-0.6300,0.1400
2026-07-03,15:16:37,113673,0.0034,-0.0210,-0.9531,1.1900,-0.4200,0.1400
2026-07-03,15:16:37,113773,0.0039,-0.0210,-0.9584,1.1900,-0.4900,0.1400
2026-07-03,15:16:37,113873,0.0054,-0.
0181,-0.9516,1.3300,-0.4900,0.1400
2026-07-03,15:16:37,113973,0.0049,-0.0244,-0.9526,1.2600,-0.4200,0.1400
2026-07-03,15:16:38,114073,0.0029,-0.0200,-0.9550,1.2600,-0.4900,0.1400
2026-07-03,15:16:38,114173,0.0078,-0.0161,-0.9531,1.2600,-0.56
00,0.1400
2026-07-03,15:16:38,114273,0.0073,-0.0195,-0.9531,1.2600,-0.5600,0.1400
2026-07-03,15:16:38,114373,0.0073,-0.0215,-0.9540,1.2600,-0.4900,0.1400
2026-07-03,15:16:38,114473,0.0000,-0.0078,-0.9438,1.2600,-0.6300,0.0000
2026-07-03,15:
16:38,114573,0.0068,-0.0264,-0.9550,1.1900,-0.4200,0.2100
2026-07-03,15:16:38,114673,0.0093,-0.0161,-0.9594,1.3300,-0.5600,0.0700
2026-07-03,15:16:38,114773,0.0098,-0.0239,-0.9579,1.2600,-0.3500,0.0700
2026-07-03,15:16:38,114873,0.0102,-0.01
90,-0.9565,1.1900,-0.5600,0.1400
2026-07-03,15:16:38,114973,0.0068,-0.0166,-0.9536,1.1900,-0.4900,0.1400
2026-07-03,15:16:39,115073,0.0054,-0.0234,-0.9570,1.2600,-0.4900,0.2800
2026-07-03,15:16:39,115173,0.0049,-0.0190,-0.9570,1.1900,-0.5600
,0.1400
2026-07-03,15:16:39,115273,0.0044,-0.0176,-0.9560,1.2600,-0.4900,0.1400
2026-07-03,15:16:39,115373,0.0049,-0.0200,-0.9584,1.2600,-0.5600,0.2100
2026-07-03,15:16:39,115473,0.0059,-0.0200,-0.9511,1.2600,-0.4200,0.1400
2026-07-03,15:16
:39,115573,0.0059,-0.0259,-0.9618,1.3300,-0.4900,0.1400
2026-07-03,15:16:39,115673,0.0034,-0.0200,-0.9540,1.2600,-0.5600,0.2100
2026-07-03,15:16:39,115777,0.0200,-0.0181,-0.9609,1.2600,-0.4200,0.1400
2026-07-03,15:16:39,115873,0.0181,-0.0171
,-0.9565,1.1900,-0.6300,0.0700
2026-07-03,15:16:39,115973,0.0107,-0.0137,-0.9545,1.2600,-0.5600,0.1400
2026-07-03,15:16:40,116073,0.0049,-0.0185,-0.9521,1.2600,-0.7000,0.1400
2026-07-03,15:16:40,116173,0.0073,-0.0190,-0.9555,1.2600,-0.5600,0
.2100
2026-07-03,15:16:40,116273,0.0039,-0.0210,-0.9545,1.1900,-0.4900,0.2100
2026-07-03,15:16:40,116373,0.0054,-0.0200,-0.9536,1.2600,-0.5600,0.1400
2026-07-03,15:16:40,116473,0.0049,-0.0205,-0.9536,1.1900,-0.4900,0.1400
2026-07-03,15:16:4
0,116573,0.0039,-0.0200,-0.9565,1.2600,-0.4900,0.1400
2026-07-03,15:16:40,116673,0.0068,-0.0176,-0.9560,1.3300,-0.4900,0.1400
2026-07-03,15:16:40,116773,0.0078,-0.0200,-0.9560,1.1900,-0.7000,0.1400
2026-07-03,15:16:40,116873,0.0063,-0.0215,-
0.9526,1.1900,-0.5600,0.2100
2026-07-03,15:16:40,116973,0.0073,-0.0205,-0.9570,1.2600,-0.5600,0.1400
2026-07-03,15:16:41,117073,0.0024,-0.0195,-0.9560,1.2600,-0.4900,0.2100
2026-07-03,15:16:41,117173,0.0034,-0.0234,-0.9560,1.1900,-0.5600,0.0
700
2026-07-03,15:16:41,117273,0.0059,-0.0195,-0.9560,1.1900,-0.4200,0.0700
2026-07-03,15:16:41,117373,0.0039,-0.0176,-0.9560,1.1900,-0.5600,0.2100
2026-07-03,15:16:41,117473,0.0059,-0.0244,-0.9560,1.3300,-0.5600,0.1400
2026-07-03,15:16:41,
117573,0.0044,-0.0195,-0.9536,1.2600,-0.4900,0.2100
2026-07-03,15:16:41,117673,0.0073,-0.0205,-0.9550,1.1900,-0.4900,0.0700
2026-07-03,15:16:41,117773,0.0063,-0.0210,-0.9555,1.1900,-0.4900,0.2100
2026-07-03,15:16:41,117873,0.0054,-0.0185,-0.
9540,1.1900,-0.6300,0.2100
2026-07-03,15:16:41,117973,0.0039,-0.0205,-0.9540,1.2600,-0.5600,0.1400
2026-07-03,15:16:42,118073,0.0029,-0.0205,-0.9555,1.1900,-0.4900,0.0700
2026-07-03,15:16:42,118173,0.0024,-0.0224,-0.9560,1.2600,-0.5600,0.070
0
2026-07-03,15:16:42,118273,0.0029,-0.0200,-0.9570,1.1900,-0.4900,0.1400
2026-07-03,15:16:42,118373,0.0054,-0.0210,-0.9545,1.2600,-0.4200,0.1400
2026-07-03,15:16:42,118473,0.0054,-0.0215,-0.9545,1.1900,-0.4900,0.0700
2026-07-03,15:16:42,11
8573,0.0029,-0.0210,-0.9555,1.2600,-0.4200,0.2100
2026-07-03,15:16:42,118673,0.0039,-0.0185,-0.9550,1.3300,-0.6300,0.0700
2026-07-03,15:16:42,118773,0.0049,-0.0190,-0.9540,1.3300,-0.4900,0.0700
2026-07-03,15:16:42,118873,0.0054,-0.0215,-0.95
55,1.1200,-0.6300,0.1400
2026-07-03,15:16:42,118973,0.0034,-0.0210,-0.9545,1.1900,-0.4200,0.0700
2026-07-03,15:16:43,119073,0.0039,-0.0215,-0.9560,1.2600,-0.4900,0.1400
2026-07-03,15:16:43,119173,0.0078,-0.0215,-0.9550,1.1900,-0.5600,0.0700
2026-07-03,15:16:43,119273,0.0039,-0.0215,-0.9560,1.2600,-0.5600,0.1400
2026-07-03,15:16:43,119373,0.0024,-0.0210,-0.9555,1.1900,-0.4200,0.1400
2026-07-03,15:16:43,119473,0.0039,-0.0220,-0.9536,1.1900,-0.5600,0.1400
2026-07-03,15:16:43,1195
73,0.0020,-0.0200,-0.9560,1.2600,-0.5600,0.1400
2026-07-03,15:16:43,119673,0.0029,-0.0264,-0.9599,1.2600,-0.7000,0.0700
2026-07-03,15:16:43,119773,0.0039,-0.0249,-0.9521,1.1900,-0.4900,0.1400
2026-07-03,15:16:43,119873,0.0054,-0.0200,-0.9545
,1.1900,-0.5600,0.1400
2026-07-03,15:16:43,119973,0.0054,-0.0210,-0.9560,1.2600,-0.4900,0.2100
2026-07-03,15:16:44,120073,0.0034,-0.0210,-0.9560,1.2600,-0.5600,0.1400
2026-07-03,15:16:44,120173,0.0034,-0.0200,-0.9594,1.3300,-0.4900,0.0700
2
026-07-03,15:16:44,120273,0.0088,-0.0171,-0.9526,1.2600,-0.6300,0.0700
2026-07-03,15:16:44,120373,0.0073,-0.0210,-0.9521,1.1900,-0.5600,0.0700
2026-07-03,15:16:44,120473,0.0054,-0.0205,-0.9575,1.1200,-0.4900,0.1400
2026-07-03,15:16:44,120573
,0.0063,-0.0190,-0.9540,1.2600,-0.4900,0.2100
2026-07-03,15:16:44,120673,0.0024,-0.0229,-0.9560,1.1900,-0.5600,0.1400
2026-07-03,15:16:44,120777,0.0020,-0.0229,-0.9550,1.2600,-0.5600,0.2100
2026-07-03,15:16:44,120873,0.0054,-0.0176,-0.9545,1
.1900,-0.5600,0.1400
2026-07-03,15:16:44,120973,0.0029,-0.0215,-0.9560,1.3300,-0.5600,0.1400
2026-07-03,15:16:45,121073,0.0029,-0.0200,-0.9521,1.3300,-0.3500,0.0700
2026-07-03,15:16:45,121173,0.0039,-0.0190,-0.9579,1.2600,-0.5600,0.2100
202
6-07-03,15:16:45,121273,0.0034,-0.0200,-0.9550,1.3300,-0.5600,0.1400
2026-07-03,15:16:45,121373,0.0054,-0.0190,-0.9550,1.2600,-0.5600,0.0700
2026-07-03,15:16:45,121473,0.0049,-0.0215,-0.9545,1.1900,-0.5600,0.0700
2026-07-03,15:16:45,121573,0
.0039,-0.0210,-0.9540,1.2600,-0.4900,0.0700
2026-07-03,15:16:45,121673,0.0049,-0.0205,-0.9560,1.2600,-0.5600,0.1400
2026-07-03,15:16:45,121773,0.0029,-0.0220,-0.9555,1.2600,-0.5600,0.1400
2026-07-03,15:16:45,121873,0.0034,-0.0205,-0.9536,1.1
900,-0.4900,0.2100
2026-07-03,15:16:45,121973,0.0024,-0.0220,-0.9545,1.2600,-0.7000,0.1400
2026-07-03,15:16:46,122073,0.0044,-0.0185,-0.9555,1.2600,-0.6300,0.0700
2026-07-03,15:16:46,122173,0.0039,-0.0215,-0.9550,1.3300,-0.6300,0.1400
2026-
07-03,15:16:46,122273,0.0049,-0.0195,-0.9570,1.2600,-0.4900,0.2100
2026-07-03,15:16:46,122373,0.0059,-0.0210,-0.9511,1.2600,-0.5600,0.1400
2026-07-03,15:16:46,122473,0.0044,-0.0205,-0.9526,1.1900,-0.5600,0.2100
2026-07-03,15:16:46,122573,0.0
024,-0.0200,-0.9540,1.1900,-0.5600,0.1400
2026-07-03,15:16:46,122673,0.0034,-0.0215,-0.9545,1.1900,-0.4200,0.1400
2026-07-03,15:16:46,122773,0.0049,-0.0210,-0.9550,1.1900,-0.5600,0.1400
2026-07-03,15:16:46,122873,0.0049,-0.0205,-0.9565,1.260
0,-0.5600,0.1400
2026-07-03,15:16:46,122973,0.0049,-0.0195,-0.9511,1.2600,-0.5600,0.2100
2026-07-03,15:16:47,123073,0.0034,-0.0234,-0.9516,1.1900,-0.5600,0.1400
2026-07-03,15:16:47,123173,0.0039,-0.0210,-0.9560,1.1900,-0.4900,0.1400
2026-07
-03,15:16:47,123273,0.0039,-0.0200,-0.9560,1.1900,-0.4900,0.1400
2026-07-03,15:16:47,123373,0.0039,-0.0224,-0.9540,1.1900,-0.4900,0.1400
2026-07-03,15:16:47,123473,0.0083,-0.0181,-0.9560,1.2600,-0.5600,0.1400
2026-07-03,15:16:47,123573,0.009
8,-0.0181,-0.9526,1.3300,-0.5600,0.1400
2026-07-03,15:16:47,123673,-0.0059,-0.0166,-0.9589,1.3300,-0.4200,0.1400
2026-07-03,15:16:47,123773,0.0010,-0.0166,-0.9526,1.2600,-0.5600,0.2800
2026-07-03,15:16:47,123873,0.0054,-0.0229,-0.9521,1.3300
,-0.4900,0.2100
2026-07-03,15:16:47,123973,0.0078,-0.0215,-0.9555,1.2600,-0.4900,0.1400
2026-07-03,15:16:48,124073,0.0029,-0.0195,-0.9516,1.1900,-0.5600,0.1400
2026-07-03,15:16:48,124173,-0.0034,-0.0200,-0.9448,1.1900,-0.7000,0.2100
2026-07
-03,15:16:48,124273,0.0044,-0.0068,-0.9277,1.4000,-0.1400,-0.1400
2026-07-03,15:16:48,124373,0.0224,-0.0791,-0.9892,1.3300,-0.4200,-0.4900
2026-07-03,15:16:48,124473,-0.0278,-0.0117,-0.9008,1.1200,-0.4900,0.1400
2026-07-03,15:16:48,124573,0.
0190,-0.0439,-0.9331,0.7700,-1.2600,0.3500
2026-07-03,15:16:48,124673,0.0102,-0.0034,-0.9599,1.4000,0.1400,0.0700
2026-07-03,15:16:48,124773,0.0034,-0.0239,-0.9594,1.1200,-0.6300,0.0700
2026-07-03,15:16:48,124873,0.0234,-0.0068,-0.9477,1.330
0,-0.4900,0.2100
2026-07-03,15:16:48,124973,0.0063,-0.0259,-0.9584,1.1900,-0.5600,0.1400
2026-07-03,15:16:49,125073,0.0093,-0.0190,-0.9536,1.2600,-0.5600,0.2100
2026-07-03,15:16:49,125173,-0.0034,-0.0239,-0.9511,1.1900,-0.4900,0.2100
2026-0
7-03,15:16:49,125273,0.0020,-0.0239,-0.9575,1.2600,-0.5600,0.2100
2026-07-03,15:16:49,125373,0.0044,-0.0229,-0.9550,1.1900,-0.4900,0.2100
2026-07-03,15:16:49,125473,-0.0034,-0.0229,-0.9428,1.2600,-0.6300,0.2800
2026-07-03,15:16:49,125573,-0.
0068,-0.0073,-0.9350,1.5400,-0.0700,-0.7700
2026-07-03,15:16:49,125673,-0.0093,-0.0478,-0.9648,1.1200,-0.8400,0.0000
2026-07-03,15:16:49,125777,-0.0063,0.0107,-0.9257,1.3300,-0.9100,0.2800
2026-07-03,15:16:49,125873,0.0215,-0.0264,-0.9560,1.
3300,-0.4200,0.3500
2026-07-03,15:16:49,125973,0.0078,-0.0239,-0.9575,1.1900,-0.4900,0.0700
2026-07-03,15:16:50,126073,-0.0034,-0.0229,-0.9589,1.1900,-0.5600,0.0700
2026-07-03,15:16:50,126173,-0.0005,-0.0166,-0.9472,1.1900,-0.9800,0.2100
20
26-07-03,15:16:50,126273,0.0117,-0.0205,-0.9526,1.2600,-0.4900,0.2100
2026-07-03,15:16:50,126373,0.0112,-0.0205,-0.9560,1.2600,-0.4900,0.2100
2026-07-03,15:16:50,126473,0.0063,-0.0161,-0.9545,1.2600,-0.4200,0.1400
2026-07-03,15:16:50,126573,
0.0034,-0.0249,-0.9540,1.2600,-0.4900,0.0700
2026-07-03,15:16:50,126673,-0.0005,-0.0181,-0.9506,1.1900,-0.6300,0.2100
2026-07-03,15:16:50,126773,0.0000,-0.0200,-0.9550,1.1900,-0.7700,0.2100
2026-07-03,15:16:50,126873,0.0039,-0.0156,-0.9526,1
.2600,-0.6300,0.0700
2026-07-03,15:16:50,126973,0.0059,-0.0234,-0.9575,1.3300,-0.6300,0.1400
2026-07-03,15:16:51,127073,0.0015,-0.0190,-0.9433,1.4000,-0.0700,0.0700
2026-07-03,15:16:51,127173,-0.0005,0.0210,-0.9516,1.1900,-0.4900,0.1400
202
6-07-03,15:16:51,127273,0.0259,-0.0342,-0.9804,1.3300,-0.6300,0.1400
2026-07-03,15:16:51,127373,0.0107,-0.0156,-0.9477,1.1900,-0.6300,0.0700
2026-07-03,15:16:51,127473,-0.0015,-0.0181,-0.9487,1.3300,-0.2800,0.0700
2026-07-03,15:16:51,127573,
0.0010,-0.0220,-0.9516,1.1900,-0.4900,0.2100
2026-07-03,15:16:51,127673,0.0020,-0.0181,-0.9643,1.1200,-0.7700,0.0700
2026-07-03,15:16:51,127773,0.0068,-0.0195,-0.9477,1.1900,-0.5600,0.0700
2026-07-03,15:16:51,127873,0.0059,-0.0200,-0.9589,1.
2600,-0.4200,0.1400
2026-07-03,15:16:51,127973,0.0054,-0.0200,-0.9575,1.1900,-0.4900,0.2100
2026-07-03,15:16:52,128073,-0.0034,-0.0190,-0.9555,1.3300,-0.3500,0.1400
2026-07-03,15:16:52,128173,-0.0005,-0.0254,-0.9565,1.2600,-0.5600,0.1400
20
26-07-03,15:16:52,128273,0.0083,-0.0195,-0.9575,1.3300,-0.5600,0.2100
2026-07-03,15:16:52,128373,0.0137,-0.0181,-0.9584,1.1900,-0.4900,0.1400
2026-07-03,15:16:52,128473,0.0073,-0.0200,-0.9589,1.1900,-0.6300,0.2800
2026-07-03,15:16:52,128573,
0.0034,-0.0200,-0.9550,1.1900,-0.3500,0.1400
2026-07-03,15:16:52,128673,-0.0010,-0.0234,-0.9550,1.2600,-0.4200,0.0700
2026-07-03,15:16:52,128773,0.0020,-0.0210,-0.9540,1.1900,-0.4900,0.2100
2026-07-03,15:16:52,128873,0.0049,-0.0205,-0.9516,1
.2600,-0.5600,0.1400
2026-07-03,15:16:52,128973,0.0078,-0.0176,-0.9565,1.1900,-0.5600,0.1400
2026-07-03,15:16:53,129073,0.0083,-0.0190,-0.9545,1.1900,-0.5600,0.1400
2026-07-03,15:16:53,129173,0.0063,-0.0215,-0.9565,1.2600,-0.6300,0.2100
202
6-07-03,15:16:53,129273,0.0015,-0.0220,-0.9565,1.1900,-0.4900,0.1400
2026-07-03,15:16:53,129373,-0.0010,-0.0181,-0.9521,1.1900,-0.4900,0.1400
2026-07-03,15:16:53,129473,0.0049,-0.0195,-0.9555,1.3300,-0.6300,0.0700
2026-07-03,15:16:53,129573,
0.0093,-0.0210,-0.9540,1.2600,-0.4900,0.1400
2026-07-03,15:16:53,129673,0.0049,-0.0200,-0.9570,1.2600,-0.5600,0.1400
2026-07-03,15:16:53,129773,0.0029,-0.0205,-0.9545,1.1200,-0.4900,0.1400
2026-07-03,15:16:53,129873,0.0059,-0.0210,-0.9555,1.
2600,-0.4200,0.1400
2026-07-03,15:16:53,129973,0.0054,-0.0205,-0.9531,1.2600,-0.4900,0.1400
2026-07-03,15:16:54,130073,0.0044,-0.0220,-0.9560,1.2600,-0.4900,0.2100
2026-07-03,15:16:54,130173,0.0054,-0.0205,-0.9555,1.2600,-0.7000,0.1400
2026
-07-03,15:16:54,130273,0.0054,-0.0215,-0.9560,1.1900,-0.5600,0.2100
2026-07-03,15:16:54,130373,0.0044,-0.0200,-0.9550,1.2600,-0.4200,0.0700
2026-07-03,15:16:54,130473,0.0024,-0.0195,-0.9550,1.1900,-0.4900,0.1400
2026-07-03,15:16:54,130573,0.
0059,-0.0210,-0.9555,1.2600,-0.6300,0.0700
2026-07-03,15:16:54,130673,0.0044,-0.0205,-0.9540,1.1900,-0.5600,0.1400
2026-07-03,15:16:54,130777,0.0044,-0.0200,-0.9565,1.2600,-0.4200,0.1400
2026-07-03,15:16:54,130873,0.0039,-0.0215,-0.9570,1.19
00,-0.6300,0.1400
2026-07-03,15:16:54,130973,0.0063,-0.0210,-0.9545,1.1900,-0.5600,0.1400
2026-07-03,15:16:55,131073,0.0049,-0.0210,-0.9540,1.1200,-0.5600,0.1400
2026-07-03,15:16:55,131173,0.0044,-0.0195,-0.9555,1.2600,-0.5600,0.1400
2026-0
7-03,15:16:55,131273,0.0063,-0.0200,-0.9555,1.1900,-0.4900,0.2100
2026-07-03,15:16:55,131373,0.0063,-0.0220,-0.9550,1.2600,-0.4900,0.2100
2026-07-03,15:16:55,131473,0.0054,-0.0205,-0.9550,1.2600,-0.6300,0.0700
2026-07-03,15:16:55,131573,0.00
59,-0.0185,-0.9521,1.2600,-0.4900,0.1400
2026-07-03,15:16:55,131673,0.0044,-0.0190,-0.9550,1.1900,-0.4200,0.1400
2026-07-03,15:16:55,131773,0.0073,-0.0215,-0.9565,1.4000,-0.3500,0.1400
2026-07-03,15:16:55,131873,0.0049,-0.0195,-0.9540,1.1900
,-0.4900,0.1400
2026-07-03,15:16:55,131973,0.0063,-0.0205,-0.9565,1.2600,-0.6300,0.2100
2026-07-03,15:16:56,132073,0.0059,-0.0200,-0.9555,1.2600,-0.5600,0.0700
2026-07-03,15:16:56,132173,0.0039,-0.0224,-0.9540,1.1900,-0.4900,0.0700
2026-07-
03,15:16:56,132273,0.0054,-0.0205,-0.9540,1.2600,-0.4900,0.1400
2026-07-03,15:16:56,132373,0.0049,-0.0181,-0.9540,1.1900,-0.5600,0.0700
2026-07-03,15:16:56,132473,0.0029,-0.0210,-0.9555,1.2600,-0.6300,0.0700
2026-07-03,15:16:56,132573,0.0073
,-0.0264,-0.9584,1.3300,-0.4900,0.1400
2026-07-03,15:16:56,132673,0.0068,-0.0166,-0.9487,1.1900,-0.7000,0.0700
2026-07-03,15:16:56,132773,0.0059,-0.0195,-0.9511,1.1900,-0.5600,0.1400
2026-07-03,15:16:56,132873,0.0049,-0.0171,-0.9575,1.3300,-
0.3500,0.1400
2026-07-03,15:16:56,132973,0.0068,-0.0215,-0.9570,1.1900,-0.4900,0.1400
2026-07-03,15:16:57,133073,0.0000,-0.0176,-0.9643,1.1200,-0.4200,0.1400
2026-07-03,15:16:57,133173,0.0020,-0.0264,-0.9667,1.2600,-0.5600,0.0700
2026-07-03
,15:16:57,133273,0.0024,-0.0166,-0.9453,1.3300,-0.5600,0.1400
2026-07-03,15:16:57,133373,0.0073,-0.0205,-0.9589,1.1200,-0.4900,0.1400
2026-07-03,15:16:57,133473,0.0044,-0.0166,-0.9521,1.2600,-0.5600,0.1400
2026-07-03,15:16:57,133573,0.0073,-
0.0195,-0.9550,1.1900,-0.5600,0.1400
2026-07-03,15:16:57,133673,0.0034,-0.0215,-0.9550,1.1900,-0.4900,0.2100
2026-07-03,15:16:57,133773,0.0024,-0.0190,-0.9579,1.2600,-0.5600,0.2100
2026-07-03,15:16:57,133873,0.0044,-0.0229,-0.9618,1.1900,-0.
6300,0.1400
2026-07-03,15:16:57,133973,0.0044,-0.0273,-0.9516,1.1900,-0.5600,0.1400
2026-07-03,15:16:58,134073,0.0010,-0.0176,-0.9462,1.2600,-0.5600,0.1400
2026-07-03,15:16:58,134173,0.0049,-0.0190,-0.9570,1.2600,-0.3500,0.1400
2026-07-03,1
5:16:58,134273,0.0039,-0.0181,-0.9531,1.1900,-0.4900,0.1400
2026-07-03,15:16:58,134373,0.0034,-0.0088,-0.9365,1.3300,-0.4900,0.1400
2026-07-03,15:16:58,134473,0.0063,-0.0288,-0.9521,1.1900,-0.4900,0.2100
2026-07-03,15:16:58,134573,-0.0073,-0
.0317,-0.9540,1.2600,-0.4200,0.1400
2026-07-03,15:16:58,134673,-0.0107,-0.0259,-0.9584,1.1200,-0.5600,0.1400
2026-07-03,15:16:58,134773,0.0024,-0.0224,-0.9570,1.3300,-0.5600,0.2100
2026-07-03,15:16:58,134873,0.0132,-0.0171,-0.9550,1.3300,-0.
4200,0.2100
2026-07-03,15:16:58,134973,0.0151,-0.0161,-0.9579,1.1900,-0.5600,0.0700
2026-07-03,15:16:59,135073,0.0059,-0.0166,-0.9540,1.1900,-0.4200,0.1400
2026-07-03,15:16:59,135173,0.0034,-0.0264,-0.9687,1.3300,-0.2800,0.1400
2026-07-03,1
5:16:59,135273,-0.0010,-0.0244,-0.9643,1.1200,-0.6300,0.1400
2026-07-03,15:16:59,135373,-0.0020,-0.0215,-0.9584,1.2600,-0.4900,0.2100
2026-07-03,15:16:59,135473,0.0000,-0.0161,-0.9301,1.3300,-0.5600,0.2100
2026-07-03,15:16:59,135573,0.0063,-
0.0176,-0.9531,1.1200,-0.4200,0.1400
2026-07-03,15:16:59,135673,0.0088,-0.0166,-0.9765,1.3300,-0.4200,0.1400
2026-07-03,15:16:59,135777,0.0073,-0.0259,-0.9614,1.2600,-0.6300,0.1400
2026-07-03,15:16:59,135873,-0.0029,-0.0166,-0.9472,1.1200,-0
.8400,0.2100
2026-07-03,15:16:59,135973,-0.0049,-0.0259,-0.9648,1.2600,-0.4900,0.1400
2026-07-03,15:17:00,136073,-0.0054,-0.0244,-0.9526,1.1900,-0.4200,0.1400
2026-07-03,15:17:00,136173,0.0020,-0.0190,-0.9565,1.2600,-0.4900,0.1400
2026-07-0
3,15:17:00,136273,0.0137,-0.0224,-0.9560,1.2600,-0.6300,0.2100
2026-07-03,15:17:00,136373,0.0093,-0.0190,-0.9545,1.2600,-0.5600,0.1400
2026-07-03,15:17:00,136473,0.0044,-0.0146,-0.9536,1.1900,-0.7000,0.1400
2026-07-03,15:17:00,136573,-0.0034
,-0.0244,-0.9536,1.1200,-0.5600,0.1400
2026-07-03,15:17:00,136673,-0.0020,-0.0239,-0.9550,1.1900,-0.4900,0.1400
2026-07-03,15:17:00,136773,0.0049,-0.0229,-0.9550,1.2600,-0.4900,0.1400
2026-07-03,15:17:00,136873,0.0034,-0.0195,-0.9565,1.3300,
-0.4200,0.2100
2026-07-03,15:17:00,136973,0.0068,-0.0132,-0.9428,1.3300,-0.5600,0.0700
2026-07-03,15:17:01,137073,0.0088,-0.0181,-0.9521,1.1900,-0.6300,0.1400
2026-07-03,15:17:01,137173,0.0107,-0.0146,-0.9252,1.1900,0.1400,0.0700
2026-07-03
,15:17:01,137273,0.0093,-0.0249,-0.9584,1.3300,-0.2800,0.1400
2026-07-03,15:17:01,137373,0.0068,-0.0239,-0.9648,1.4000,-0.6300,0.0700
2026-07-03,15:17:01,137473,-0.0020,-0.0185,-0.9609,1.1900,-0.7000,0.2100
2026-07-03,15:17:01,137573,0.0083,
-0.0200,-0.9599,1.3300,-0.5600,0.1400
2026-07-03,15:17:01,137673,0.0102,-0.0229,-0.9677,1.2600,-0.4900,0.1400
2026-07-03,15:17:01,137773,0.0112,-0.0161,-0.9501,1.2600,-0.3500,0.1400
2026-07-03,15:17:01,137873,0.0112,-0.0278,-0.9628,1.2600,-0
.6300,0.1400
2026-07-03,15:17:01,137973,-0.0015,-0.0185,-0.9575,1.1900,-0.8400,0.0700
2026-07-03,15:17:02,138073,0.0005,-0.0293,-0.9589,1.1900,-0.5600,0.1400
2026-07-03,15:17:02,138173,0.0039,-0.0195,-0.9921,1.2600,-0.5600,0.2100
2026-07-03
,15:17:02,138273,0.0063,-0.0161,-0.9565,1.1900,-0.4200,0.0700
2026-07-03,15:17:02,138373,0.0117,-0.0381,-0.9536,1.2600,-0.7700,0.0700
2026-07-03,15:17:02,138473,0.0039,-0.0185,-0.9536,1.1900,-0.6300,0.1400
2026-07-03,15:17:02,138573,0.0044,-
0.0185,-0.9570,1.3300,-0.5600,0.1400
2026-07-03,15:17:02,138673,0.0029,-0.0010,-0.9531,1.3300,-0.2800,0.1400
2026-07-03,15:17:02,138773,0.0078,-0.0307,-0.9726,1.1900,-0.4900,0.0700
2026-07-03,15:17:02,138873,0.0024,-0.0215,-0.9501,1.2600,-0.
4900,0.0700
2026-07-03,15:17:02,138973,0.0039,-0.0220,-0.9584,1.3300,-0.4900,0.2100
2026-07-03,15:17:03,139073,0.0059,-0.0220,-0.9496,1.3300,-0.3500,0.1400
2026-07-03,15:17:03,139173,0.0044,-0.0200,-0.9492,1.1900,-0.4900,0.0700
2026-07-03,1
5:17:03,139273,0.0044,-0.0239,-0.9540,1.1900,-0.4900,0.2100
2026-07-03,15:17:03,139373,0.0073,-0.0200,-0.9506,1.2600,-0.6300,0.1400
2026-07-03,15:17:03,139473,0.0059,-0.0224,-0.9540,1.3300,-0.4900,0.1400
2026-07-03,15:17:03,139573,0.0049,-0.
0176,-0.9540,1.2600,-0.5600,0.1400
2026-07-03,15:17:03,139673,0.0083,-0.0166,-0.9555,1.1900,-0.4900,0.2100
2026-07-03,15:17:03,139773,0.0068,-0.0215,-0.9579,1.1900,-0.6300,0.1400
2026-07-03,15:17:03,139873,0.0068,-0.0215,-0.9560,1.2600,-0.63
00,0.1400
2026-07-03,15:17:03,139973,0.0054,-0.0224,-0.9531,1.2600,-0.4900,0.2100
2026-07-03,15:17:04,140073,0.0020,-0.0181,-0.9536,1.1900,-0.7000,0.0000
2026-07-03,15:17:04,140173,0.0054,-0.0215,-0.9565,1.1900,-0.5600,0.0700
2026-07-03,15:
17:04,140273,0.0078,-0.0210,-0.9540,1.1900,-0.4200,0.1400
2026-07-03,15:17:04,140373,0.0088,-0.0200,-0.9540,1.3300,-0.5600,0.1400
2026-07-03,15:17:04,140473,0.0044,-0.0190,-0.9511,1.2600,-0.4900,0.1400
2026-07-03,15:17:04,140573,0.0010,-0.02
29,-0.9462,1.1200,-0.5600,0.0700
2026-07-03,15:17:04,140673,-0.0005,-0.0205,-0.9536,1.1900,-0.4900,0.1400
2026-07-03,15:17:04,140777,0.0034,-0.0205,-0.9550,1.1200,-0.3500,0.1400
2026-07-03,15:17:04,140873,0.0054,-0.0205,-0.9545,1.2600,-0.560
0,0.1400
2026-07-03,15:17:04,140973,0.0049,-0.0190,-0.9545,1.2600,-0.5600,0.2100
2026-07-03,15:17:05,141073,0.0073,-0.0181,-0.9511,1.3300,-0.4900,0.1400
2026-07-03,15:17:05,141173,0.0054,-0.0200,-0.9560,1.2600,-0.3500,0.2100
2026-07-03,15:1
7:05,141273,0.0039,-0.0205,-0.9545,1.1200,-0.5600,0.1400
2026-07-03,15:17:05,141373,0.0054,-0.0195,-0.9536,1.3300,-0.6300,0.1400
2026-07-03,15:17:05,141473,0.0034,-0.0200,-0.9521,1.2600,-0.4900,0.1400
2026-07-03,15:17:05,141573,0.0068,-0.020
5,-0.9545,1.2600,-0.5600,0.2100
2026-07-03,15:17:05,141673,0.0063,-0.0200,-0.9545,1.2600,-0.4900,0.1400
2026-07-03,15:17:05,141773,0.0078,-0.0190,-0.9609,1.1900,-0.4200,0.0700
2026-07-03,15:17:05,141873,0.0098,-0.0249,-0.9618,1.1900,-0.3500,
0.1400
2026-07-03,15:17:05,141973,0.0063,-0.0185,-0.9526,1.2600,-0.4900,0.1400
2026-07-03,15:17:06,142073,0.0044,-0.0210,-0.9540,1.2600,-0.4200,0.1400
2026-07-03,15:17:06,142173,0.0024,-0.0205,-0.9560,1.3300,-0.4900,0.1400
2026-07-03,15:17:
06,142273,0.0054,-0.0200,-0.9575,1.1900,-0.5600,0.1400
2026-07-03,15:17:06,142373,0.0049,-0.0200,-0.9531,1.1900,-0.4200,0.1400
2026-07-03,15:17:06,142473,0.0063,-0.0215,-0.9575,1.2600,-0.5600,0.1400
2026-07-03,15:17:06,142573,0.0029,-0.0205,
-0.9540,1.2600,-0.4200,0.2100
2026-07-03,15:17:06,142673,0.0024,-0.0185,-0.9545,1.1900,-0.4900,0.1400
2026-07-03,15:17:06,142773,0.0063,-0.0195,-0.9550,1.2600,-0.4900,0.1400
2026-07-03,15:17:06,142873,0.0059,-0.0229,-0.9555,1.2600,-0.6300,0.
0700
2026-07-03,15:17:06,142973,0.0044,-0.0176,-0.9555,1.2600,-0.5600,0.1400
2026-07-03,15:17:07,143073,0.0039,-0.0195,-0.9570,1.3300,-0.5600,0.1400
2026-07-03,15:17:07,143173,0.0029,-0.0220,-0.9565,1.1900,-0.5600,0.1400
2026-07-03,15:17:07
,143273,0.0049,-0.0200,-0.9550,1.1200,-0.4900,0.1400
2026-07-03,15:17:07,143373,0.0020,-0.0224,-0.9555,1.1900,-0.4900,0.1400
2026-07-03,15:17:07,143473,0.0059,-0.0200,-0.9584,1.3300,-0.6300,0.1400
2026-07-03,15:17:07,143573,0.0063,-0.0200,-0
.9560,1.2600,-0.4900,0.1400
2026-07-03,15:17:07,143673,0.0073,-0.0190,-0.9555,1.1900,-0.4900,0.1400
2026-07-03,15:17:07,143773,0.0049,-0.0190,-0.9560,1.1900,-0.5600,0.2100
2026-07-03,15:17:07,143873,0.0063,-0.0200,-0.9540,1.2600,-0.3500,0.14
00
2026-07-03,15:17:07,143973,0.0034,-0.0234,-0.9545,1.2600,-0.4900,0.1400
2026-07-03,15:17:08,144073,0.0024,-0.0215,-0.9555,1.2600,-0.5600,0.0700
2026-07-03,15:17:08,144173,0.0049,-0.0210,-0.9555,1.1900,-0.4200,0.1400
2026-07-03,15:17:08,1
44273,0.0073,-0.0220,-0.9570,1.1900,-0.3500,0.2100
2026-07-03,15:17:08,144373,0.0049,-0.0195,-0.9536,1.2600,-0.5600,0.1400
2026-07-03,15:17:08,144473,0.0063,-0.0215,-0.9565,1.1900,-0.6300,0.1400
2026-07-03,15:17:08,144573,0.0044,-0.0200,-0.9
531,1.1200,-0.4900,0.2100
2026-07-03,15:17:08,144673,0.0059,-0.0195,-0.9555,1.1900,-0.4900,0.1400
2026-07-03,15:17:08,144773,0.0054,-0.0200,-0.9560,1.1900,-0.6300,0.2100
2026-07-03,15:17:08,144873,0.0044,-0.0220,-0.9560,1.2600,-0.4200,0.2100
2026-07-03,15:17:08,144973,0.0054,-0.0200,-0.9575,1.2600,-0.4200,0.2100
2026-07-03,15:17:09,145073,0.0054,-0.0200,-0.9531,1.2600,-0.6300,0.1400
2026-07-03,15:17:09,145173,0.0049,-0.0210,-0.9550,1.1900,-0.6300,0.0700
2026-07-03,15:17:09,145
273,0.0068,-0.0210,-0.9531,1.1900,-0.4900,0.1400
2026-07-03,15:17:09,145373,0.0073,-0.0205,-0.9555,1.1900,-0.4900,0.1400
2026-07-03,15:17:09,145473,0.0063,-0.0205,-0.9545,1.2600,-0.3500,0.0700
2026-07-03,15:17:09,145573,0.0054,-0.0200,-0.957
5,1.1900,-0.4900,0.2100
2026-07-03,15:17:09,145673,0.0059,-0.0215,-0.9575,1.1900,-0.4200,0.2100
2026-07-03,15:17:09,145777,0.0054,-0.0190,-0.9536,1.1900,-0.5600,0.1400
2026-07-03,15:17:09,145873,0.0068,-0.0210,-0.9545,1.1900,-0.4900,0.2100
2026-07-03,15:17:09,145973,0.0059,-0.0200,-0.9516,1.2600,-0.7000,0.1400
2026-07-03,15:17:10,146073,0.0039,-0.0190,-0.9526,1.2600,-0.4900,0.1400
2026-07-03,15:17:10,146173,0.0059,-0.0215,-0.9555,1.3300,-0.6300,0.1400
2026-07-03,15:17:10,14627
3,0.0083,-0.0195,-0.9555,1.1900,-0.5600,0.1400
2026-07-03,15:17:10,146373,0.0059,-0.0185,-0.9579,1.1900,-0.5600,0.1400
2026-07-03,15:17:10,146473,0.0054,-0.0205,-0.9536,1.2600,-0.5600,0.1400
2026-07-03,15:17:10,146573,0.0078,-0.0200,-0.9575,
1.1900,-0.4900,0.0700
2026-07-03,15:17:10,146673,0.0044,-0.0215,-0.9531,1.2600,-0.6300,0.0700
2026-07-03,15:17:10,146773,0.0054,-0.0195,-0.9570,1.2600,-0.5600,0.1400
2026-07-03,15:17:10,146873,0.0054,-0.0215,-0.9526,1.2600,-0.5600,0.2100
20
26-07-03,15:17:10,146973,0.0054,-0.0205,-0.9531,1.1900,-0.6300,0.0700
2026-07-03,15:17:11,147073,0.0054,-0.0185,-0.9545,1.2600,-0.4900,0.1400
2026-07-03,15:17:11,147173,0.0059,-0.0205,-0.9555,1.1900,-0.6300,0.1400
2026-07-03,15:17:11,147273,
0.0059,-0.0195,-0.9560,1.1900,-0.4200,0.1400
2026-07-03,15:17:11,147373,0.0044,-0.0224,-0.9526,1.1900,-0.5600,0.1400
2026-07-03,15:17:11,147473,0.0059,-0.0210,-0.9565,1.2600,-0.5600,0.1400
2026-07-03,15:17:11,147573,0.0059,-0.0195,-0.9550,1.
1900,-0.5600,0.1400
2026-07-03,15:17:11,147673,0.0068,-0.0151,-0.9565,1.3300,-0.5600,0.0700
2026-07-03,15:17:11,147773,0.0039,-0.0190,-0.9540,1.2600,-0.5600,0.1400
2026-07-03,15:17:11,147873,0.0049,-0.0195,-0.9540,1.2600,-0.4900,0.1400
2026
-07-03,15:17:11,147973,0.0029,-0.0190,-0.9584,1.2600,-0.4900,0.1400
2026-07-03,15:17:12,148073,0.0063,-0.0220,-0.9536,1.1900,-0.7000,0.1400
2026-07-03,15:17:12,148173,0.0063,-0.0215,-0.9570,1.2600,-0.6300,0.0700
2026-07-03,15:17:12,148273,0.
0049,-0.0210,-0.9550,1.2600,-0.4900,0.0700
2026-07-03,15:17:12,148373,0.0063,-0.0195,-0.9560,1.2600,-0.4900,0.1400
2026-07-03,15:17:12,148473,0.0059,-0.0205,-0.9560,1.2600,-0.5600,0.1400
2026-07-03,15:17:12,148573,0.0044,-0.0224,-0.9550,1.26
00,-0.4900,0.2100
2026-07-03,15:17:12,148673,0.0044,-0.0200,-0.9531,1.2600,-0.4900,0.1400
2026-07-03,15:17:12,148773,0.0059,-0.0195,-0.9550,1.1900,-0.5600,0.0700
2026-07-03,15:17:12,148873,0.0039,-0.0195,-0.9545,1.1900,-0.4200,0.1400
2026-0
7-03,15:17:12,148973,0.0039,-0.0215,-0.9526,1.1900,-0.4900,0.1400
2026-07-03,15:17:13,149073,0.0054,-0.0200,-0.9570,1.2600,-0.6300,0.2100
2026-07-03,15:17:13,149173,0.0049,-0.0190,-0.9540,1.1900,-0.6300,0.1400
2026-07-03,15:17:13,149273,0.00
44,-0.0210,-0.9550,1.2600,-0.4200,0.1400
2026-07-03,15:17:13,149373,0.0063,-0.0220,-0.9570,1.2600,-0.6300,0.1400
2026-07-03,15:17:13,149473,0.0054,-0.0200,-0.9536,1.2600,-0.5600,0.0700
2026-07-03,15:17:13,149573,0.0054,-0.0200,-0.9560,1.1900
,-0.4900,0.1400
2026-07-03,15:17:13,149673,0.0049,-0.0215,-0.9531,1.2600,-0.4200,0.1400
2026-07-03,15:17:13,149773,0.0059,-0.0205,-0.9536,1.3300,-0.4900,0.1400
2026-07-03,15:17:13,149873,0.0054,-0.0205,-0.9584,1.2600,-0.5600,0.1400
2026-07-
03,15:17:13,149973,0.0029,-0.0224,-0.9540,1.1900,-0.4200,0.1400
2026-07-03,15:17:14,150073,0.0034,-0.0176,-0.9536,1.1900,-0.5600,0.2100
2026-07-03,15:17:14,150173,0.0078,-0.0215,-0.9589,1.2600,-0.4900,0.1400
2026-07-03,15:17:14,150273,0.0049
,-0.0210,-0.9560,1.2600,-0.5600,0.0700
2026-07-03,15:17:14,150373,0.0059,-0.0200,-0.9575,1.1900,-0.7000,0.1400
2026-07-03,15:17:14,150473,0.0029,-0.0273,-0.9496,1.2600,-0.5600,0.1400
2026-07-03,15:17:14,150573,0.0000,-0.0215,-0.9496,1.3300,-
0.2800,0.2100
2026-07-03,15:17:14,150673,0.0112,-0.0220,-0.9745,1.2600,-0.5600,0.1400
2026-07-03,15:17:14,150777,0.0029,-0.0239,-0.9643,1.1900,-0.5600,0.1400
2026-07-03,15:17:14,150873,0.0059,-0.0181,-0.9550,1.1900,-0.6300,0.1400
2026-07-03
,15:17:14,150973,0.0039,-0.0195,-0.9560,1.2600,-0.4900,0.1400
2026-07-03,15:17:15,151073,0.0073,-0.0195,-0.9540,1.1900,-0.4200,0.2100
2026-07-03,15:17:15,151173,0.0039,-0.0200,-0.9536,1.1900,-0.5600,0.2100
2026-07-03,15:17:15,151273,0.0039,-
0.0200,-0.9531,1.1900,-0.5600,0.1400
2026-07-03,15:17:15,151373,0.0039,-0.0200,-0.9584,1.2600,-0.4900,0.1400
2026-07-03,15:17:15,151473,0.0054,-0.0224,-0.9540,1.2600,-0.4900,0.2100
2026-07-03,15:17:15,151573,0.0063,-0.0195,-0.9531,1.2600,-0.
5600,0.2100
2026-07-03,15:17:15,151673,0.0054,-0.0215,-0.9550,1.2600,-0.4900,0.2100
2026-07-03,15:17:15,151773,0.0054,-0.0190,-0.9536,1.2600,-0.5600,0.1400
2026-07-03,15:17:15,151873,0.0068,-0.0195,-0.9560,1.2600,-0.5600,0.1400
2026-07-03,1
5:17:15,151973,0.0063,-0.0200,-0.9560,1.1900,-0.4200,0.1400
2026-07-03,15:17:16,152073,0.0059,-0.0205,-0.9545,1.2600,-0.4900,0.2100
2026-07-03,15:17:16,152173,0.0059,-0.0195,-0.9589,1.1900,-0.5600,0.2100
2026-07-03,15:17:16,152273,0.0054,-0.
0181,-0.9536,1.2600,-0.5600,0.1400
2026-07-03,15:17:16,152373,0.0059,-0.0220,-0.9565,1.2600,-0.7000,0.1400
2026-07-03,15:17:16,152473,0.0034,-0.0210,-0.9545,1.2600,-0.4900,0.2100
2026-07-03,15:17:16,152573,0.0044,-0.0195,-0.9565,1.1900,-0.49
00,0.2100
2026-07-03,15:17:16,152673,0.0073,-0.0200,-0.9575,1.2600,-0.5600,0.2100
2026-07-03,15:17:16,152773,0.0054,-0.0210,-0.9536,1.2600,-0.5600,0.1400
2026-07-03,15:17:16,152873,0.0059,-0.0190,-0.9550,1.1900,-0.5600,0.1400
2026-07-03,15:
17:16,152973,0.0073,-0.0215,-0.9560,1.2600,-0.5600,0.0700
2026-07-03,15:17:17,153073,0.0029,-0.0205,-0.9511,1.1900,-0.5600,0.2100
2026-07-03,15:17:17,153173,0.0029,-0.0229,-0.9555,1.1900,-0.5600,0.1400
2026-07-03,15:17:17,153273,0.0068,-0.01
95,-0.9536,1.2600,-0.5600,0.2100
2026-07-03,15:17:17,153373,0.0049,-0.0205,-0.9526,1.2600,-0.5600,0.1400
2026-07-03,15:17:17,153473,0.0029,-0.0220,-0.9565,1.1900,-0.4900,0.2100
2026-07-03,15:17:17,153573,0.0049,-0.0200,-0.9540,1.2600,-0.4900
,0.2100
2026-07-03,15:17:17,153673,0.0039,-0.0185,-0.9570,1.2600,-0.4900,0.1400
2026-07-03,15:17:17,153773,0.0059,-0.0205,-0.9570,1.2600,-0.4900,0.0700
2026-07-03,15:17:17,153873,0.0078,-0.0205,-0.9540,1.3300,-0.5600,0.1400
2026-07-03,15:17
:17,153973,0.0044,-0.0200,-0.9545,1.1900,-0.5600,0.1400
2026-07-03,15:17:18,154073,0.0063,-0.0210,-0.9550,1.2600,-0.6300,0.2100
2026-07-03,15:17:18,154173,0.0039,-0.0215,-0.9531,1.1900,-0.7000,0.1400
2026-07-03,15:17:18,154273,0.0039,-0.0171
,-0.9545,1.2600,-0.5600,0.1400
2026-07-03,15:17:18,154373,0.0054,-0.0205,-0.9550,1.3300,-0.5600,0.1400
2026-07-03,15:17:18,154473,0.0000,-0.0205,-0.9453,1.4000,-0.0700,0.1400
2026-07-03,15:17:18,154573,-0.0020,0.0068,-0.9536,1.3300,-0.5600,0
.2100
2026-07-03,15:17:18,154673,0.0234,-0.0322,-0.9706,1.3300,-0.4900,0.2100
2026-07-03,15:17:18,154773,0.0078,-0.0107,-0.9536,1.1200,-0.5600,0.0700
2026-07-03,15:17:18,154873,0.0034,-0.0205,-0.9565,1.2600,-0.5600,0.1400
2026-07-03,15:17:1
8,154973,0.0029,-0.0190,-0.9540,1.2600,-0.4900,0.1400
2026-07-03,15:17:19,155073,0.0049,-0.0210,-0.9570,1.1900,-0.4900,0.1400
2026-07-03,15:17:19,155173,0.0020,-0.0229,-0.9579,1.2600,-0.4900,0.0700
2026-07-03,15:17:19,155273,0.0063,-0.0205,-
0.9570,1.1900,-0.5600,0.1400
2026-07-03,15:17:19,155373,0.0044,-0.0185,-0.9550,1.1900,-0.3500,0.1400
2026-07-03,15:17:19,155473,0.0054,-0.0205,-0.9565,1.3300,-0.4900,0.0700
2026-07-03,15:17:19,155573,0.0039,-0.0195,-0.9589,1.2600,-0.7000,0.1
400
2026-07-03,15:17:19,155673,0.0049,-0.0190,-0.9550,1.1900,-0.5600,0.2100
2026-07-03,15:17:19,155777,0.0039,-0.0176,-0.9570,1.3300,-0.7000,0.1400
2026-07-03,15:17:19,155873,0.0112,-0.0254,-0.9609,1.2600,-0.5600,0.1400
2026-07-03,15:17:19,
155973,0.0063,-0.0200,-0.9487,1.2600,-0.7000,0.2100
2026-07-03,15:17:20,156073,0.0049,-0.0190,-0.9565,1.2600,-0.4900,0.2100
2026-07-03,15:17:20,156173,0.0083,-0.0195,-0.9496,1.2600,-0.5600,0.2100
2026-07-03,15:17:20,156273,0.0029,-0.0205,-0.
9545,1.1900,-0.3500,0.1400
2026-07-03,15:17:20,156373,0.0024,-0.0215,-0.9560,1.2600,-0.5600,0.0000
2026-07-03,15:17:20,156473,0.0054,-0.0195,-0.9506,1.2600,-0.4900,0.2100
2026-07-03,15:17:20,156573,0.0059,-0.0176,-0.9457,1.2600,-0.4200,0.070
0
2026-07-03,15:17:20,156673,-0.0015,-0.0224,-0.9565,1.1900,-0.4900,0.0700
2026-07-03,15:17:20,156773,-0.0024,-0.0200,-0.9609,1.2600,-0.7000,0.1400
2026-07-03,15:17:20,156873,0.0054,-0.0200,-0.9584,1.1900,-0.6300,0.1400
2026-07-03,15:17:20,
156973,0.0102,-0.0195,-0.9570,1.2600,-0.6300,0.1400
2026-07-03,15:17:21,157073,0.0098,-0.0190,-0.9550,1.2600,-0.6300,0.1400
2026-07-03,15:17:21,157173,0.0073,-0.0195,-0.9536,1.1900,-0.7000,0.1400
2026-07-03,15:17:21,157273,-0.0015,-0.0112,-0
.9521,1.2600,-0.5600,0.1400
2026-07-03,15:17:21,157373,0.0190,-0.0405,-0.9740,1.0500,-0.3500,0.1400
2026-07-03,15:17:21,157473,-0.0098,0.0010,-0.9321,1.1900,-0.5600,0.2100
2026-07-03,15:17:21,157573,-0.0049,-0.0361,-0.9643,1.2600,-0.3500,0.1
400
2026-07-03,15:17:21,157673,0.0000,-0.0181,-0.9511,1.1900,-0.7000,0.2100
2026-07-03,15:17:21,157773,0.0054,-0.0220,-0.9570,1.2600,-0.6300,0.0700
2026-07-03,15:17:21,157873,0.0093,-0.0176,-0.9536,1.3300,-0.4200,0.2100
2026-07-03,15:17:21,
157973,0.0083,-0.0181,-0.9545,1.2600,-0.4200,0.0700
2026-07-03,15:17:22,158073,0.0063,-0.0200,-0.9550,1.2600,-0.4200,0.2100
2026-07-03,15:17:22,158173,0.0044,-0.0220,-0.9550,1.2600,-0.5600,0.1400
2026-07-03,15:17:22,158273,0.0044,-0.0200,-0.
9565,1.1900,-0.5600,0.2100
2026-07-03,15:17:22,158373,0.0063,-0.0195,-0.9536,1.3300,-0.4900,0.1400
2026-07-03,15:17:22,158473,0.0063,-0.0195,-0.9550,1.2600,-0.6300,0.0700
2026-07-03,15:17:22,158573,0.0024,-0.0210,-0.9531,1.3300,-0.4900,0.140
0
2026-07-03,15:17:22,158673,0.0034,-0.0205,-0.9536,1.2600,-0.4200,0.1400
2026-07-03,15:17:22,158773,0.0054,-0.0224,-0.9555,1.2600,-0.4900,0.1400
2026-07-03,15:17:22,158873,0.0054,-0.0205,-0.9550,1.1900,-0.4900,0.1400
2026-07-03,15:17:22,15
8973,0.0054,-0.0215,-0.9555,1.2600,-0.4900,0.1400
2026-07-03,15:17:23,159073,0.0044,-0.0195,-0.9560,1.1900,-0.5600,0.1400
2026-07-03,15:17:23,159173,0.0088,-0.0215,-0.9555,1.2600,-0.4900,0.2100
2026-07-03,15:17:23,159273,0.0073,-0.0195,-0.95
45,1.3300,-0.5600,0.1400
2026-07-03,15:17:23,159373,0.0044,-0.0215,-0.9560,1.2600,-0.6300,0.2100
2026-07-03,15:17:23,159473,0.0049,-0.0210,-0.9575,1.2600,-0.5600,0.0700
2026-07-03,15:17:23,159573,0.0039,-0.0195,-0.9555,1.2600,-0.4900,0.0700
2026-07-03,15:17:23,159673,0.0044,-0.0200,-0.9545,1.1900,-0.6300,0.1400
2026-07-03,15:17:23,159773,0.0049,-0.0224,-0.9560,1.2600,-0.4200,0.2100
2026-07-03,15:17:23,159873,0.0063,-0.0195,-0.9565,1.2600,-0.5600,0.1400
2026-07-03,15:17:23,1599
73,0.0044,-0.0205,-0.9555,1.2600,-0.3500,0.1400
2026-07-03,15:17:24,160073,0.0059,-0.0234,-0.9540,1.2600,-0.5600,0.1400
2026-07-03,15:17:24,160173,0.0059,-0.0210,-0.9575,1.2600,-0.5600,0.1400
2026-07-03,15:17:24,160273,0.0059,-0.0210,-0.9550
,1.2600,-0.6300,0.0700
2026-07-03,15:17:24,160373,0.0054,-0.0210,-0.9540,1.1900,-0.5600,0.0700
2026-07-03,15:17:24,160473,0.0020,-0.0200,-0.9575,1.2600,-0.4900,0.1400
2026-07-03,15:17:24,160573,0.0068,-0.0239,-0.9609,1.2600,-0.5600,0.1400
2
026-07-03,15:17:24,160673,0.0068,-0.0210,-0.9545,1.3300,-0.5600,0.0700
2026-07-03,15:17:24,160777,0.0059,-0.0200,-0.9555,1.1900,-0.4900,0.1400
2026-07-03,15:17:24,160873,0.0034,-0.0205,-0.9540,1.1900,-0.5600,0.0700
2026-07-03,15:17:24,160973
,0.0039,-0.0210,-0.9550,1.3300,-0.4900,0.2100
2026-07-03,15:17:25,161073,0.0049,-0.0210,-0.9555,1.1900,-0.4900,0.1400
2026-07-03,15:17:25,161173,0.0059,-0.0200,-0.9550,1.1900,-0.5600,0.0700
2026-07-03,15:17:25,161273,0.0059,-0.0220,-0.9555,1
.1900,-0.5600,0.0700
2026-07-03,15:17:25,161373,0.0044,-0.0190,-0.9550,1.3300,-0.4200,0.2100
2026-07-03,15:17:25,161473,0.0063,-0.0195,-0.9540,1.2600,-0.4900,0.1400
2026-07-03,15:17:25,161573,0.0029,-0.0200,-0.9550,1.1900,-0.3500,0.1400
202
6-07-03,15:17:25,161673,0.0049,-0.0234,-0.9555,1.2600,-0.5600,0.1400
2026-07-03,15:17:25,161773,0.0034,-0.0210,-0.9565,1.2600,-0.6300,0.2100
2026-07-03,15:17:25,161873,0.0054,-0.0195,-0.9511,1.2600,-0.4200,0.1400
2026-07-03,15:17:25,161973,0
.0059,-0.0181,-0.9531,1.3300,-0.4900,0.0700
2026-07-03,15:17:26,162073,0.0044,-0.0210,-0.9555,1.1900,-0.5600,0.1400
2026-07-03,15:17:26,162173,0.0059,-0.0220,-0.9536,1.2600,-0.5600,0.2100
2026-07-03,15:17:26,162273,0.0049,-0.0195,-0.9560,1.2
600,-0.6300,0.1400
2026-07-03,15:17:26,162373,0.0044,-0.0210,-0.9531,1.1900,-0.4200,0.1400
2026-07-03,15:17:26,162473,0.0044,-0.0200,-0.9531,1.1900,-0.5600,0.1400
2026-07-03,15:17:26,162573,0.0039,-0.0190,-0.9531,1.3300,-0.4900,0.0700
2026-
07-03,15:17:26,162673,0.0005,-0.0171,-0.9496,1.2600,-0.4900,0.0700
2026-07-03,15:17:26,162773,0.0029,-0.0224,-0.9545,1.2600,-0.4900,0.2100
2026-07-03,15:17:26,162873,0.0034,-0.0181,-0.9565,1.2600,-0.3500,0.0700
2026-07-03,15:17:26,162973,0.0
034,-0.0220,-0.9550,1.2600,-0.4200,0.2800
2026-07-03,15:17:27,163073,0.0059,-0.0195,-0.9511,1.1900,-0.5600,0.1400
2026-07-03,15:17:27,163173,0.0073,-0.0200,-0.9584,1.1900,-0.4900,0.1400
2026-07-03,15:17:27,163273,0.0063,-0.0190,-0.9560,1.260
0,-0.4200,0.1400
2026-07-03,15:17:27,163373,0.0010,-0.0249,-0.9584,1.1900,-0.4900,0.1400
2026-07-03,15:17:27,163473,0.0054,-0.0205,-0.9536,1.2600,-0.4200,0.2100
2026-07-03,15:17:27,163573,0.0063,-0.0210,-0.9555,1.2600,-0.5600,0.1400
2026-07
-03,15:17:27,163673,0.0039,-0.0210,-0.9501,1.3300,-0.4200,0.2100
2026-07-03,15:17:27,163773,0.0039,-0.0220,-0.9555,1.2600,-0.4900,0.1400
2026-07-03,15:17:27,163873,0.0098,-0.0185,-0.9560,1.1900,-0.7700,0.1400
2026-07-03,15:17:27,163973,0.004
4,-0.0190,-0.9560,1.2600,-0.6300,0.1400
2026-07-03,15:17:28,164073,0.0039,-0.0205,-0.9560,1.2600,-0.6300,0.0700
2026-07-03,15:17:28,164173,0.0068,-0.0190,-0.9589,1.2600,-0.7000,0.1400
2026-07-03,15:17:28,164273,0.0068,-0.0200,-0.9565,1.1900,
-0.4900,0.2100
2026-07-03,15:17:28,164373,0.0034,-0.0210,-0.9560,1.2600,-0.4200,0.0700
2026-07-03,15:17:28,164473,0.0044,-0.0185,-0.9555,1.1900,-0.6300,0.1400
2026-07-03,15:17:28,164573,0.0083,-0.0229,-0.9540,1.2600,-0.5600,0.2100
2026-07-0
3,15:17:28,164673,0.0034,-0.0205,-0.9555,1.2600,-0.5600,0.0700
2026-07-03,15:17:28,164773,0.0034,-0.0215,-0.9545,1.3300,-0.5600,0.2100
2026-07-03,15:17:28,164873,0.0059,-0.0210,-0.9545,1.2600,-0.5600,0.1400
2026-07-03,15:17:28,164973,0.0049,
-0.0215,-0.9555,1.1200,-0.6300,0.0700
2026-07-03,15:17:29,165073,0.0049,-0.0215,-0.9545,1.1900,-0.4900,0.1400
2026-07-03,15:17:29,165173,0.0059,-0.0185,-0.9540,1.1900,-0.4900,0.1400
2026-07-03,15:17:29,165273,0.0029,-0.0215,-0.9545,1.2600,-0
.4900,0.2100
2026-07-03,15:17:29,165373,0.0044,-0.0195,-0.9555,1.3300,-0.4200,0.2100
2026-07-03,15:17:29,165473,0.0068,-0.0205,-0.9560,1.1900,-0.4900,0.1400
2026-07-03,15:17:29,165573,0.0059,-0.0190,-0.9540,1.2600,-0.5600,0.0700
2026-07-03,
15:17:29,165673,0.0063,-0.0205,-0.9545,1.2600,-0.4900,0.1400
2026-07-03,15:17:29,165777,0.0063,-0.0210,-0.9540,1.3300,-0.4200,0.2100
2026-07-03,15:17:29,165873,0.0049,-0.0205,-0.9545,1.2600,-0.5600,0.1400
2026-07-03,15:17:29,165973,0.0059,-0
.0200,-0.9575,1.1900,-0.4900,0.2100
2026-07-03,15:17:30,166073,0.0063,-0.0210,-0.9521,1.1900,-0.5600,0.0700
2026-07-03,15:17:30,166173,0.0020,-0.0220,-0.9560,1.3300,-0.5600,0.1400
2026-07-03,15:17:30,166273,0.0063,-0.0185,-0.9570,1.1900,-0.5
600,0.0700
2026-07-03,15:17:30,166373,0.0059,-0.0195,-0.9570,1.2600,-0.5600,0.1400
2026-07-03,15:17:30,166473,0.0059,-0.0210,-0.9540,1.2600,-0.5600,0.1400
2026-07-03,15:17:30,166573,0.0068,-0.0190,-0.9555,1.3300,-0.5600,0.2100
2026-07-03,15
:17:30,166673,0.0044,-0.0181,-0.9579,1.2600,-0.4900,0.1400
2026-07-03,15:17:30,166773,0.0049,-0.0215,-0.9560,1.1900,-0.4200,0.1400
2026-07-03,15:17:30,166873,0.0029,-0.0195,-0.9545,1.2600,-0.4900,0.0700
2026-07-03,15:17:30,166973,0.0054,-0.0
210,-0.9536,1.1900,-0.3500,0.2100
2026-07-03,15:17:31,167073,0.0049,-0.0220,-0.9560,1.1900,-0.5600,0.0700
2026-07-03,15:17:31,167173,0.0039,-0.0215,-0.9565,1.2600,-0.6300,0.1400
2026-07-03,15:17:31,167273,0.0063,-0.0176,-0.9565,1.1900,-0.560
0,0.0700
2026-07-03,15:17:31,167373,0.0054,-0.0190,-0.9540,1.1900,-0.5600,0.1400
2026-07-03,15:17:31,167473,0.0039,-0.0215,-0.9560,1.1900,-0.4900,0.1400
2026-07-03,15:17:31,167573,0.0049,-0.0229,-0.9521,1.3300,-0.7000,0.0700
2026-07-03,15:1
7:31,167673,0.0073,-0.0224,-0.9555,1.4000,-0.5600,0.1400
2026-07-03,15:17:31,167773,0.0039,-0.0205,-0.9560,1.2600,-0.5600,0.2100
2026-07-03,15:17:31,167873,0.0063,-0.0190,-0.9545,1.1200,-0.6300,0.0700
2026-07-03,15:17:31,167973,0.0049,-0.022
4,-0.9545,1.1900,-0.4200,0.2100
2026-07-03,15:17:32,168073,0.0068,-0.0220,-0.9560,1.2600,-0.5600,0.1400
2026-07-03,15:17:32,168173,0.0063,-0.0185,-0.9570,1.2600,-0.6300,0.0700
2026-07-03,15:17:32,168273,0.0049,-0.0200,-0.9575,1.1900,-0.4900,
0.1400
2026-07-03,15:17:32,168373,0.0044,-0.0200,-0.9531,1.1900,-0.4900,0.1400
2026-07-03,15:17:32,168473,0.0063,-0.0200,-0.9575,1.1900,-0.5600,0.1400
2026-07-03,15:17:32,168573,0.0059,-0.0220,-0.9584,1.2600,-0.5600,0.1400
2026-07-03,15:17:
32,168673,0.0054,-0.0220,-0.9638,1.3300,-0.5600,0.1400
2026-07-03,15:17:32,168773,0.0034,-0.0249,-0.9565,1.3300,-0.7700,0.0700
2026-07-03,15:17:32,168873,0.0039,-0.0220,-0.9560,1.1200,-0.9100,0.0700
2026-07-03,15:17:32,168973,0.0044,-0.0205,
-0.9482,1.2600,-0.4900,0.1400
2026-07-03,15:17:33,169073,0.0024,-0.0190,-0.9536,1.2600,-0.4200,0.2100
2026-07-03,15:17:33,169173,0.0010,-0.0200,-0.9726,1.2600,-0.4900,0.1400
2026-07-03,15:17:33,169273,0.0034,-0.0200,-0.9506,1.1900,-0.7000,0.
1400
2026-07-03,15:17:33,169373,0.0078,-0.0273,-0.9570,1.1900,-0.4900,0.1400
2026-07-03,15:17:33,169473,0.0044,-0.0171,-0.9570,1.3300,-0.4200,0.2100
2026-07-03,15:17:33,169573,0.0063,-0.0181,-0.9570,1.2600,-0.4200,0.1400
2026-07-03,15:17:33
,169673,0.0054,-0.0234,-0.9560,1.0500,-0.7000,0.1400
2026-07-03,15:17:33,169773,0.0029,-0.0181,-0.9545,1.1900,-0.6300,0.1400
2026-07-03,15:17:33,169873,-0.0093,-0.0132,-0.9370,1.2600,-0.3500,0.2100
2026-07-03,15:17:33,169973,0.0020,-0.0259,-
0.9599,1.4000,0.0000,0.1400
2026-07-03,15:17:34,170073,-0.0034,-0.0215,-0.9672,1.3300,-0.4200,0.1400
2026-07-03,15:17:34,170173,0.0073,-0.0210,-0.9536,1.2600,-0.4900,0.1400
2026-07-03,15:17:34,170273,0.0073,-0.0195,-0.9545,1.1900,-0.4900,0.0
000
2026-07-03,15:17:34,170373,0.0034,-0.0200,-0.9540,1.2600,-0.4900,0.0700
2026-07-03,15:17:34,170473,0.0024,-0.0229,-0.9565,1.1900,-0.4900,0.1400
2026-07-03,15:17:34,170573,0.0029,-0.0185,-0.9511,1.1900,-0.4900,0.1400
2026-07-03,15:17:34,
170673,0.0044,-0.0205,-0.9594,1.2600,-0.4900,0.1400
2026-07-03,15:17:34,170777,0.0039,-0.0205,-0.9575,1.2600,-0.2800,0.1400
2026-07-03,15:17:34,170873,0.0039,-0.0200,-0.9565,1.1900,-0.5600,0.2100
2026-07-03,15:17:34,170973,0.0029,-0.0224,-0.
9579,1.2600,-0.5600,0.1400
2026-07-03,15:17:35,171073,0.0054,-0.0176,-0.9579,1.1900,-0.7000,0.0700
2026-07-03,15:17:35,171173,0.0093,-0.0200,-0.9526,1.1200,-0.5600,0.0700
2026-07-03,15:17:35,171273,0.0078,-0.0166,-0.9521,1.2600,-0.3500,0.140
0
2026-07-03,15:17:35,171373,0.0054,-0.0195,-0.9506,1.2600,-0.5600,0.1400
2026-07-03,15:17:35,171473,0.0034,-0.0229,-0.9575,1.2600,-0.4200,0.1400
2026-07-03,15:17:35,171573,0.0034,-0.0229,-0.9550,1.3300,-0.4900,0.0700
2026-07-03,15:17:35,17
1673,0.0044,-0.0220,-0.9540,1.2600,-0.6300,0.1400
2026-07-03,15:17:35,171773,0.0054,-0.0210,-0.9599,1.3300,-0.5600,0.1400
2026-07-03,15:17:35,171873,0.0073,-0.0229,-0.9545,1.2600,-0.4900,0.1400
2026-07-03,15:17:35,171973,0.0059,-0.0190,-0.95
31,1.1900,-0.5600,0.2100
2026-07-03,15:17:36,172073,0.0049,-0.0195,-0.9560,1.2600,-0.7000,0.1400
2026-07-03,15:17:36,172179,0.0024,-0.0107,-0.9428,0.9800,-0.8400,0.1400
2026-07-03,15:17:36,172273,0.0015,-0.0288,-0.9565,1.1200,-0.7700,0.2100
2026-07-03,15:17:36,172373,0.0020,-0.0176,-0.9472,1.2600,-0.5600,0.2100
2026-07-03,15:17:36,172473,0.0054,-0.0161,-0.9531,1.3300,-0.3500,0.0700
2026-07-03,15:17:36,172573,0.0098,-0.0142,-0.9477,1.1900,-0.7000,0.2800
2026-07-03,15:17:36,1726
73,0.0029,-0.0259,-0.9555,1.3300,-0.3500,0.0700
2026-07-03,15:17:36,172773,-0.0010,-0.0244,-0.9614,1.1900,-0.6300,0.2100
2026-07-03,15:17:36,172878,0.0063,-0.0229,-0.9565,1.3300,-0.4200,0.1400
2026-07-03,15:17:36,172973,0.0063,-0.0176,-0.956
5,1.2600,-0.6300,0.1400
2026-07-03,15:17:37,173073,0.0059,-0.0200,-0.9545,1.2600,-0.6300,0.2100
2026-07-03,15:17:37,173173,0.0024,-0.0210,-0.9536,1.1900,-0.5600,0.0700
2026-07-03,15:17:37,173273,0.0034,-0.0185,-0.9536,1.2600,-0.5600,0.0700
2026-07-03,15:17:37,173373,0.0024,-0.0210,-0.9560,1.1900,-0.4900,0.0700
2026-07-03,15:17:37,173473,0.0034,-0.0200,-0.9565,1.2600,-0.6300,0.1400
2026-07-03,15:17:37,173578,0.0059,-0.0190,-0.9540,1.1900,-0.4900,0.2100
2026-07-03,15:17:37,17367
3,0.0083,-0.0185,-0.9545,1.2600,-0.6300,0.0700
2026-07-03,15:17:37,173773,0.0029,-0.0200,-0.9560,1.1900,-0.4200,0.1400
2026-07-03,15:17:37,173873,0.0059,-0.0205,-0.9555,1.2600,-0.4900,0.0700
2026-07-03,15:17:37,173973,0.0049,-0.0215,-0.9531,
1.1900,-0.5600,0.0700
2026-07-03,15:17:38,174073,0.0029,-0.0200,-0.9545,1.1900,-0.6300,0.0700
2026-07-03,15:17:38,174173,0.0024,-0.0220,-0.9560,1.2600,-0.4200,0.1400
2026-07-03,15:17:38,174279,0.0039,-0.0200,-0.9555,1.2600,-0.4900,0.1400
20
26-07-03,15:17:38,174373,0.0039,-0.0220,-0.9555,1.2600,-0.4200,0.1400
2026-07-03,15:17:38,174473,0.0054,-0.0220,-0.9560,1.2600,-0.7000,0.0000
2026-07-03,15:17:38,174573,0.0068,-0.0185,-0.9565,1.1900,-0.4900,0.2800
2026-07-03,15:17:38,174673,
0.0054,-0.0215,-0.9545,1.0500,-0.7000,0.1400
2026-07-03,15:17:38,174773,0.0039,-0.0229,-0.9511,1.1900,-0.7000,0.1400
2026-07-03,15:17:38,174873,0.0054,-0.0171,-0.9536,1.1900,-0.3500,0.2100
2026-07-03,15:17:38,174979,0.0039,-0.0200,-0.9545,1.
2600,-0.4900,0.1400
2026-07-03,15:17:39,175073,0.0073,-0.0195,-0.9545,1.1900,-0.5600,0.1400
2026-07-03,15:17:39,175173,0.0059,-0.0210,-0.9545,1.2600,-0.4900,0.1400
2026-07-03,15:17:39,175273,0.0039,-0.0195,-0.9540,1.2600,-0.5600,0.1400
2026
-07-03,15:17:39,175373,0.0078,-0.0210,-0.9536,1.1200,-0.5600,0.2100
2026-07-03,15:17:39,175473,0.0063,-0.0205,-0.9540,1.1900,-0.5600,0.1400
2026-07-03,15:17:39,175573,0.0049,-0.0220,-0.9570,1.2600,-0.5600,0.1400
2026-07-03,15:17:39,175679,0.
0049,-0.0181,-0.9536,1.2600,-0.5600,0.1400
2026-07-03,15:17:39,175777,0.0054,-0.0185,-0.9545,1.2600,-0.4200,0.2100
2026-07-03,15:17:39,175873,0.0063,-0.0205,-0.9565,1.1900,-0.5600,0.2100
2026-07-03,15:17:39,175973,0.0054,-0.0215,-0.9545,1.26
00,-0.5600,0.1400
2026-07-03,15:17:40,176073,0.0054,-0.0215,-0.9560,1.2600,-0.5600,0.1400
2026-07-03,15:17:40,176173,0.0063,-0.0229,-0.9536,1.2600,-0.5600,0.1400
2026-07-03,15:17:40,176273,0.0039,-0.0205,-0.9536,1.3300,-0.5600,0.0700
2026-0
7-03,15:17:40,176378,0.0039,-0.0200,-0.9560,1.1900,-0.4900,0.1400
2026-07-03,15:17:40,176473,0.0044,-0.0190,-0.9516,1.1900,-0.6300,0.0700
2026-07-03,15:17:40,176573,0.0068,-0.0210,-0.9555,1.1900,-0.5600,0.1400
2026-07-03,15:17:40,176673,0.00
54,-0.0200,-0.9536,1.2600,-0.4900,0.1400
2026-07-03,15:17:40,176773,0.0078,-0.0195,-0.9531,1.2600,-0.4900,0.1400
2026-07-03,15:17:40,176873,0.0049,-0.0234,-0.9550,1.1900,-0.4900,0.1400
2026-07-03,15:17:40,176973,0.0024,-0.0205,-0.9555,1.2600
,-0.7000,0.0000
2026-07-03,15:17:41,177079,0.0059,-0.0195,-0.9531,1.2600,-0.5600,0.1400
2026-07-03,15:17:41,177173,0.0063,-0.0215,-0.9540,1.2600,-0.5600,0.2100
2026-07-03,15:17:41,177273,0.0059,-0.0210,-0.9550,1.3300,-0.5600,0.0000
2026-07-
03,15:17:41,177373,0.0039,-0.0215,-0.9545,1.2600,-0.4900,0.2100
2026-07-03,15:17:41,177473,0.0059,-0.0205,-0.9555,1.1900,-0.4900,0.1400
2026-07-03,15:17:41,177573,0.0054,-0.0205,-0.9570,1.2600,-0.4900,0.0700
2026-07-03,15:17:41,177673,0.0034
,-0.0205,-0.9540,1.2600,-0.5600,0.1400
2026-07-03,15:17:41,177779,0.0044,-0.0205,-0.9550,1.1900,-0.4900,0.1400
2026-07-03,15:17:41,177873,0.0039,-0.0185,-0.9511,1.1200,-0.7000,0.2100
2026-07-03,15:17:41,177973,0.0054,-0.0190,-0.9545,1.3300,-
0.4200,0.0700
2026-07-03,15:17:42,178073,0.0029,-0.0190,-0.9594,1.2600,-0.5600,0.1400
2026-07-03,15:17:42,178173,0.0049,-0.0229,-0.9550,1.2600,-0.5600,0.2100
2026-07-03,15:17:42,178273,0.0073,-0.0210,-0.9550,1.1900,-0.3500,0.1400
2026-07-03
,15:17:42,178373,0.0049,-0.0190,-0.9545,1.1900,-0.4900,0.1400
2026-07-03,15:17:42,178479,0.0034,-0.0200,-0.9550,1.2600,-0.4200,0.0700
2026-07-03,15:17:42,178573,0.0029,-0.0185,-0.9565,1.1900,-0.5600,0.1400
2026-07-03,15:17:42,178673,0.0044,-
0.0234,-0.9570,1.2600,-0.6300,0.2100
2026-07-03,15:17:42,178773,0.0068,-0.0190,-0.9545,1.1900,-0.6300,0.0700
2026-07-03,15:17:42,178873,0.0049,-0.0200,-0.9526,1.2600,-0.5600,0.2100
2026-07-03,15:17:42,178973,0.0063,-0.0181,-0.9526,1.1900,-0.
4900,0.1400
2026-07-03,15:17:43,179073,0.0068,-0.0200,-0.9565,1.1900,-0.6300,0.1400
2026-07-03,15:17:43,179178,0.0049,-0.0200,-0.9540,1.2600,-0.4900,0.1400
2026-07-03,15:17:43,179273,0.0029,-0.0215,-0.9555,1.1900,-0.4200,0.1400
2026-07-03,1
5:17:43,179373,0.0049,-0.0210,-0.9545,1.2600,-0.4900,0.1400
2026-07-03,15:17:43,179473,0.0044,-0.0205,-0.9565,1.2600,-0.4200,0.1400
2026-07-03,15:17:43,179573,0.0054,-0.0200,-0.9575,1.2600,-0.4200,0.1400
2026-07-03,15:17:43,179673,0.0083,-0.
0195,-0.9570,1.1900,-0.5600,0.1400
2026-07-03,15:17:43,179773,0.0054,-0.0210,-0.9565,1.3300,-0.4200,0.1400
2026-07-03,15:17:43,179878,0.0059,-0.0200,-0.9536,1.2600,-0.6300,0.1400
2026-07-03,15:17:43,179973,0.0034,-0.0195,-0.9565,1.2600,-0.63
00,0.1400
2026-07-03,15:17:44,180073,0.0044,-0.0185,-0.9521,1.1900,-0.5600,0.0700
2026-07-03,15:17:44,180173,0.0054,-0.0205,-0.9536,1.2600,-0.6300,0.0700
2026-07-03,15:17:44,180273,0.0068,-0.0215,-0.9545,1.1900,-0.4900,0.2100
2026-07-03,15:
17:44,180373,0.0059,-0.0190,-0.9560,1.1900,-0.5600,0.1400
2026-07-03,15:17:44,180473,0.0034,-0.0185,-0.9555,1.2600,-0.4900,0.1400
2026-07-03,15:17:44,180579,0.0059,-0.0220,-0.9526,1.2600,-0.4900,0.1400
2026-07-03,15:17:44,180673,0.0059,-0.02
29,-0.9540,1.2600,-0.4900,0.1400
2026-07-03,15:17:44,180778,0.0039,-0.0195,-0.9555,1.3300,-0.7000,0.1400
2026-07-03,15:17:44,180873,0.0044,-0.0200,-0.9550,1.1900,-0.4200,0.0700
2026-07-03,15:17:44,180973,0.0063,-0.0210,-0.9531,1.1900,-0.5600
,0.1400
2026-07-03,15:17:45,181073,0.0034,-0.0205,-0.9531,1.1900,-0.5600,0.0700
2026-07-03,15:17:45,181173,0.0054,-0.0215,-0.9545,1.1900,-0.5600,0.1400
2026-07-03,15:17:45,181279,0.0039,-0.0185,-0.9526,1.2600,-0.6300,0.0700
2026-07-03,15:17
:45,181373,0.0059,-0.0181,-0.9555,1.2600,-0.4200,0.2100
2026-07-03,15:17:45,181473,0.0073,-0.0200,-0.9560,1.1900,-0.4900,0.1400
2026-07-03,15:17:45,181573,0.0034,-0.0205,-0.9531,1.2600,-0.5600,0.1400
2026-07-03,15:17:45,181673,0.0044,-0.0195
,-0.9560,1.2600,-0.5600,0.1400
2026-07-03,15:17:45,181773,0.0039,-0.0215,-0.9565,1.1900,-0.5600,0.1400
2026-07-03,15:17:45,181873,0.0083,-0.0171,-0.9550,1.2600,-0.4900,0.1400
2026-07-03,15:17:45,181979,0.0039,-0.0210,-0.9536,1.2600,-0.4900,0
.2100
2026-07-03,15:17:46,182073,0.0059,-0.0195,-0.9545,1.3300,-0.4900,0.0700
2026-07-03,15:17:46,182173,0.0054,-0.0181,-0.9555,1.1900,-0.4900,0.1400
2026-07-03,15:17:46,182273,0.0044,-0.0210,-0.9575,1.1900,-0.4200,0.2100
2026-07-03,15:17:4
6,182373,0.0054,-0.0195,-0.9565,1.2600,-0.4900,0.1400
2026-07-03,15:17:46,182473,0.0054,-0.0215,-0.9560,1.2600,-0.4200,0.2100
2026-07-03,15:17:46,182573,0.0063,-0.0195,-0.9555,1.2600,-0.4200,0.0700
2026-07-03,15:17:46,182679,0.0054,-0.0200,-
0.9540,1.2600,-0.4900,0.1400
2026-07-03,15:17:46,182773,0.0073,-0.0215,-0.9565,1.1900,-0.6300,0.1400
2026-07-03,15:17:46,182873,0.0054,-0.0220,-0.9531,1.2600,-0.4900,0.0700
2026-07-03,15:17:46,182973,0.0068,-0.0205,-0.9540,1.3300,-0.4900,0.1
400
2026-07-03,15:17:47,183073,0.0039,-0.0195,-0.9550,1.2600,-0.6300,0.2100
2026-07-03,15:17:47,183173,0.0039,-0.0224,-0.9536,1.2600,-0.4900,0.2100
2026-07-03,15:17:47,183273,0.0049,-0.0224,-0.9555,1.1900,-0.5600,0.0700
2026-07-03,15:17:47,
183378,0.0049,-0.0190,-0.9555,1.1900,-0.4900,0.2100
2026-07-03,15:17:47,183473,0.0063,-0.0220,-0.9545,1.2600,-0.4900,0.2100
2026-07-03,15:17:47,183573,0.0059,-0.0205,-0.9531,1.2600,-0.4900,0.1400
2026-07-03,15:17:47,183673,0.0039,-0.0200,-0.
9555,1.2600,-0.6300,0.1400
2026-07-03,15:17:47,183773,0.0054,-0.0229,-0.9540,1.1900,-0.4900,0.0700
2026-07-03,15:17:47,183873,0.0044,-0.0220,-0.9579,1.2600,-0.4200,0.1400
2026-07-03,15:17:47,183973,0.0054,-0.0215,-0.9584,1.2600,-0.3500,0.210
0
2026-07-03,15:17:48,184079,0.0063,-0.0200,-0.9560,1.2600,-0.4200,0.1400
2026-07-03,15:17:48,184173,0.0054,-0.0215,-0.9560,1.3300,-0.4900,0.2100
2026-07-03,15:17:48,184273,0.0063,-0.0210,-0.9536,1.2600,-0.6300,0.1400
2026-07-03,15:17:48,18
4373,0.0034,-0.0205,-0.9550,1.2600,-0.6300,0.0700
2026-07-03,15:17:48,184473,0.0068,-0.0224,-0.9560,1.1900,-0.4200,0.2100
2026-07-03,15:17:48,184573,0.0059,-0.0181,-0.9550,1.2600,-0.5600,0.2100
2026-07-03,15:17:48,184673,0.0063,-0.0176,-0.95
01,1.2600,-0.4200,0.2100
2026-07-03,15:17:48,184778,0.0049,-0.0195,-0.9555,1.2600,-0.4200,0.2100
2026-07-03,15:17:48,184873,0.0063,-0.0195,-0.9560,1.2600,-0.4900,0.1400
2026-07-03,15:17:48,184973,0.0044,-0.0200,-0.9545,1.1200,-0.5600,0.0700
2026-07-03,15:17:49,185073,0.0049,-0.0200,-0.9560,1.1900,-0.4900,0.2100
2026-07-03,15:17:49,185173,0.0049,-0.0200,-0.9545,1.2600,-0.5600,0.0700
2026-07-03,15:17:49,185273,0.0044,-0.0220,-0.9565,1.1900,-0.4900,0.2100
2026-07-03,15:17:49,1853
73,0.0049,-0.0205,-0.9545,1.1900,-0.6300,0.0700
2026-07-03,15:17:49,185479,0.0054,-0.0195,-0.9555,1.2600,-0.5600,0.0700
2026-07-03,15:17:49,185573,0.0059,-0.0195,-0.9521,1.2600,-0.5600,0.2800
2026-07-03,15:17:49,185673,0.0049,-0.0224,-0.9550
,1.1900,-0.5600,0.1400
2026-07-03,15:17:49,185777,0.0068,-0.0190,-0.9536,1.2600,-0.6300,0.2100
2026-07-03,15:17:49,185873,0.0078,-0.0215,-0.9589,1.1900,-0.6300,0.1400
2026-07-03,15:17:49,185973,0.0063,-0.0210,-0.9550,1.2600,-0.4900,0.1400
2
026-07-03,15:17:50,186073,0.0063,-0.0215,-0.9550,1.1900,-0.8400,0.0000
2026-07-03,15:17:50,186178,0.0039,-0.0195,-0.9516,1.1900,-0.6300,0.1400
2026-07-03,15:17:50,186273,0.0054,-0.0205,-0.9540,1.2600,-0.4900,0.0700
2026-07-03,15:17:50,186373
,0.0049,-0.0215,-0.9540,1.1900,-0.5600,0.1400
2026-07-03,15:17:50,186473,0.0063,-0.0200,-0.9565,1.2600,-0.4200,0.1400
2026-07-03,15:17:50,186573,0.0034,-0.0205,-0.9545,1.2600,-0.4200,0.2800
2026-07-03,15:17:50,186673,0.0049,-0.0210,-0.9570,1
.1900,-0.6300,0.0700
2026-07-03,15:17:50,186773,0.0034,-0.0200,-0.9550,1.2600,-0.5600,0.1400
2026-07-03,15:17:50,186873,0.0024,-0.0190,-0.9565,1.1900,-0.4900,0.2100
2026-07-03,15:17:50,186973,0.0059,-0.0210,-0.9550,1.2600,-0.6300,0.1400
202
6-07-03,15:17:51,187073,0.0039,-0.0195,-0.9555,1.1900,-0.4200,0.2100
2026-07-03,15:17:51,187173,0.0034,-0.0210,-0.9560,1.1200,-0.4900,0.1400
2026-07-03,15:17:51,187273,0.0039,-0.0215,-0.9526,1.2600,-0.4900,0.1400
2026-07-03,15:17:51,187373,0
.0068,-0.0200,-0.9536,1.2600,-0.4900,0.0700
2026-07-03,15:17:51,187473,0.0054,-0.0190,-0.9540,1.1900,-0.4900,0.0700
2026-07-03,15:17:51,187573,0.0063,-0.0200,-0.9555,1.1900,-0.4900,0.1400
2026-07-03,15:17:51,187673,0.0059,-0.0205,-0.9540,1.1
900,-0.4900,0.1400
2026-07-03,15:17:51,187773,0.0068,-0.0215,-0.9555,1.2600,-0.4200,0.0700
2026-07-03,15:17:51,187873,0.0063,-0.0195,-0.9545,1.2600,-0.4900,0.1400
2026-07-03,15:17:51,187973,0.0039,-0.0205,-0.9555,1.2600,-0.4200,0.1400
2026-
07-03,15:17:52,188073,0.0044,-0.0190,-0.9560,1.3300,-0.4900,0.1400
2026-07-03,15:17:52,188173,0.0044,-0.0205,-0.9555,1.2600,-0.5600,0.2100
2026-07-03,15:17:52,188273,0.0054,-0.0210,-0.9565,1.1900,-0.4900,0.2100
2026-07-03,15:17:52,188373,0.0
049,-0.0205,-0.9550,1.2600,-0.4200,0.1400
2026-07-03,15:17:52,188473,0.0049,-0.0205,-0.9550,1.2600,-0.7000,0.0700
2026-07-03,15:17:52,188573,0.0054,-0.0224,-0.9540,1.2600,-0.6300,0.1400
2026-07-03,15:17:52,188673,0.0049,-0.0195,-0.9540,1.190
0,-0.6300,0.1400
2026-07-03,15:17:52,188773,0.0024,-0.0224,-0.9575,1.1900,-0.4900,0.1400
2026-07-03,15:17:52,188873,0.0054,-0.0190,-0.9536,1.2600,-0.4900,0.2100
2026-07-03,15:17:52,188973,0.0029,-0.0190,-0.9540,1.1900,-0.5600,0.1400
2026-07
-03,15:17:53,189073,0.0059,-0.0195,-0.9555,1.1900,-0.5600,0.2100
2026-07-03,15:17:53,189173,0.0059,-0.0220,-0.9521,1.2600,-0.5600,0.1400
2026-07-03,15:17:53,189273,0.0049,-0.0220,-0.9516,1.1900,-0.4200,0.2100
2026-07-03,15:17:53,189373,0.005
4,-0.0205,-0.9550,1.1900,-0.5600,0.0700
2026-07-03,15:17:53,189473,0.0034,-0.0195,-0.9536,1.2600,-0.4200,0.1400
2026-07-03,15:17:53,189573,0.0049,-0.0181,-0.9540,1.2600,-0.4200,0.1400
2026-07-03,15:17:53,189673,0.0039,-0.0210,-0.9536,1.3300,
-0.4900,0.0700
2026-07-03,15:17:53,189773,0.0054,-0.0215,-0.9550,1.3300,-0.4900,0.1400
2026-07-03,15:17:53,189873,0.0044,-0.0200,-0.9545,1.2600,-0.4200,0.1400
2026-07-03,15:17:53,189973,0.0039,-0.0190,-0.9540,1.1900,-0.5600,0.2100
2026-07-0
3,15:17:54,190073,0.0059,-0.0205,-0.9555,1.2600,-0.4200,0.1400
2026-07-03,15:17:54,190173,0.0039,-0.0220,-0.9536,1.2600,-0.6300,0.0700
2026-07-03,15:17:54,190273,0.0039,-0.0190,-0.9545,1.1200,-0.5600,0.1400
2026-07-03,15:17:54,190373,0.0063,
-0.0200,-0.9560,1.3300,-0.6300,0.1400
2026-07-03,15:17:54,190473,0.0073,-0.0200,-0.9536,1.1200,-0.6300,0.0700
2026-07-03,15:17:54,190573,0.0044,-0.0205,-0.9555,1.1900,-0.4200,0.1400
2026-07-03,15:17:54,190673,0.0059,-0.0215,-0.9536,1.1900,-0
.4900,0.1400
2026-07-03,15:17:54,190777,0.0039,-0.0205,-0.9545,1.2600,-0.4900,0.2100
2026-07-03,15:17:54,190873,0.0063,-0.0224,-0.9555,1.2600,-0.6300,0.0700
2026-07-03,15:17:54,190973,0.0054,-0.0200,-0.9555,1.1900,-0.5600,0.1400
2026-07-03,
15:17:55,191073,0.0063,-0.0205,-0.9575,1.1900,-0.4200,0.1400
2026-07-03,15:17:55,191173,0.0059,-0.0181,-0.9545,1.2600,-0.5600,0.1400
2026-07-03,15:17:55,191273,0.0054,-0.0205,-0.9565,1.2600,-0.5600,0.1400
2026-07-03,15:17:55,191373,0.0029,-0
.0210,-0.9575,1.2600,-0.6300,0.0700
2026-07-03,15:17:55,191473,0.0029,-0.0224,-0.9550,1.1900,-0.5600,0.1400
2026-07-03,15:17:55,191573,0.0059,-0.0200,-0.9550,1.2600,-0.6300,0.0700
2026-07-03,15:17:55,191673,0.0049,-0.0220,-0.9545,1.2600,-0.4
900,0.1400
2026-07-03,15:17:55,191773,0.0049,-0.0195,-0.9570,1.1900,-0.5600,0.0700
2026-07-03,15:17:55,191873,0.0034,-0.0200,-0.9545,1.2600,-0.6300,0.1400
2026-07-03,15:17:55,191973,0.0054,-0.0220,-0.9560,1.1900,-0.5600,0.1400
2026-07-03,15
:17:56,192073,0.0049,-0.0195,-0.9521,1.2600,-0.5600,0.0700
2026-07-03,15:17:56,192173,0.0059,-0.0190,-0.9536,1.2600,-0.5600,0.2100
2026-07-03,15:17:56,192273,0.0059,-0.0200,-0.9531,1.2600,-0.5600,0.1400
2026-07-03,15:17:56,192373,0.0039,-0.0
210,-0.9560,1.1900,-0.6300,0.1400
2026-07-03,15:17:56,192473,0.0068,-0.0181,-0.9526,0.9800,-0.7700,0.1400
2026-07-03,15:17:56,192573,0.0078,-0.0176,-0.9516,1.1900,-0.5600,0.1400
2026-07-03,15:17:56,192673,0.0034,-0.0229,-0.9570,1.1900,-0.700
0,0.1400
2026-07-03,15:17:56,192773,-0.0024,-0.0156,-0.9374,1.4000,0.0000,0.1400
2026-07-03,15:17:56,192873,-0.0078,0.0454,-0.9740,1.7500,-0.7000,0.1400
2026-07-03,15:17:56,192973,0.0351,-0.0561,-0.9589,1.0500,-0.7000,-0.0700
2026-07-03,15:
17:57,193073,0.0044,-0.0044,-0.9360,1.1200,-0.6300,0.0700
2026-07-03,15:17:57,193173,0.0044,-0.0224,-0.9589,1.2600,-0.6300,0.2100
2026-07-03,15:17:57,193273,0.0059,-0.0215,-0.9536,1.1900,-0.5600,0.1400
2026-07-03,15:17:57,193373,0.0029,-0.02
29,-0.9565,1.2600,-0.5600,0.1400
2026-07-03,15:17:57,193473,0.0020,-0.0190,-0.9540,1.2600,-0.6300,0.1400
2026-07-03,15:17:57,193573,0.0063,-0.0176,-0.9526,1.2600,-0.4900,0.0700
2026-07-03,15:17:57,193673,0.0068,-0.0185,-0.9536,1.2600,-0.4200
,0.1400
2026-07-03,15:17:57,193773,0.0049,-0.0200,-0.9540,1.1900,-0.4900,0.1400
2026-07-03,15:17:57,193873,0.0029,-0.0200,-0.9555,1.2600,-0.5600,0.2100
2026-07-03,15:17:57,193973,0.0024,-0.0220,-0.9560,1.1200,-0.6300,0.1400
2026-07-03,15:17
:58,194073,0.0029,-0.0200,-0.9565,1.2600,-0.4200,0.1400
2026-07-03,15:17:58,194173,0.0054,-0.0210,-0.9555,1.2600,-0.6300,0.1400
2026-07-03,15:17:58,194273,0.0044,-0.0185,-0.9550,1.2600,-0.6300,0.1400
2026-07-03,15:17:58,194373,0.0063,-0.0220
,-0.9550,1.2600,-0.5600,0.2100
2026-07-03,15:17:58,194473,0.0054,-0.0195,-0.9560,1.1900,-0.5600,0.1400
2026-07-03,15:17:58,194573,0.0054,-0.0195,-0.9550,1.4000,-0.6300,0.1400
2026-07-03,15:17:58,194673,0.0063,-0.0205,-0.9555,1.2600,-0.4900,0
.0700
2026-07-03,15:17:58,194773,0.0068,-0.0190,-0.9521,1.1900,-0.5600,0.2100
2026-07-03,15:17:58,194873,0.0049,-0.0205,-0.9545,1.1900,-0.4200,0.2100
2026-07-03,15:17:58,194973,0.0063,-0.0200,-0.9555,1.1900,-0.4900,0.1400
2026-07-03,15:17:5
9,195073,0.0059,-0.0205,-0.9584,1.2600,-0.4900,0.1400
2026-07-03,15:17:59,195173,0.0059,-0.0166,-0.9545,1.1900,-0.6300,0.1400
2026-07-03,15:17:59,195273,0.0044,-0.0205,-0.9550,1.1900,-0.5600,0.2100
2026-07-03,15:17:59,195373,0.0044,-0.0205,-
0.9472,1.2600,-0.5600,0.1400
2026-07-03,15:17:59,195473,0.0063,-0.0215,-0.9560,1.2600,-0.4900,0.1400
2026-07-03,15:17:59,195573,0.0059,-0.0224,-0.9565,1.1900,-0.5600,0.1400
2026-07-03,15:17:59,195673,0.0044,-0.0195,-0.9584,1.2600,-0.4900,0.0
700
2026-07-03,15:17:59,195777,0.0054,-0.0200,-0.9545,1.2600,-0.4900,0.1400
2026-07-03,15:17:59,195873,0.0039,-0.0210,-0.9550,1.1900,-0.5600,0.1400
2026-07-03,15:17:59,195973,0.0029,-0.0220,-0.9579,1.1900,-0.5600,0.1400
2026-07-03,15:18:00,
196073,0.0020,-0.0215,-0.9536,1.1900,-0.6300,0.2100
2026-07-03,15:18:00,196173,0.0015,-0.0205,-0.9570,1.1900,-0.4200,0.1400
2026-07-03,15:18:00,196273,0.0029,-0.0229,-0.9560,1.2600,-0.4900,0.0700
2026-07-03,15:18:00,196373,0.0073,-0.0190,-0.
9536,1.2600,-0.4900,0.1400
2026-07-03,15:18:00,196473,0.0078,-0.0185,-0.9550,1.2600,-0.4200,0.1400
2026-07-03,15:18:00,196573,0.0059,-0.0210,-0.9550,1.2600,-0.4900,0.1400
2026-07-03,15:18:00,196673,0.0063,-0.0224,-0.9560,1.2600,-0.4900,0.210
0
2026-07-03,15:18:00,196773,0.0044,-0.0195,-0.9545,1.1900,-0.6300,0.1400
2026-07-03,15:18:00,196873,0.0049,-0.0220,-0.9540,1.1200,-0.5600,0.1400
2026-07-03,15:18:00,196973,0.0015,-0.0205,-0.9555,1.2600,-0.4900,0.2800
2026-07-03,15:18:01,19
7073,0.0039,-0.0205,-0.9531,1.3300,-0.3500,0.2100
2026-07-03,15:18:01,197173,0.0083,-0.0220,-0.9536,1.3300,-0.5600,0.0700
2026-07-03,15:18:01,197273,0.0034,-0.0224,-0.9589,1.3300,-0.4900,0.0700
2026-07-03,15:18:01,197373,0.0024,-0.0224,-0.95
60,1.1900,-0.4200,0.1400
2026-07-03,15:18:01,197473,0.0020,-0.0205,-0.9448,1.1900,-0.4200,0.0700
2026-07-03,15:18:01,197573,0.0029,-0.0303,-0.9579,1.1900,-0.4900,0.2800
2026-07-03,15:18:01,197673,0.0020,-0.0171,-0.9516,1.2600,-0.5600,0.1400
2026-07-03,15:18:01,197773,0.0088,-0.0259,-0.9599,1.3300,-0.4900,0.2800
2026-07-03,15:18:01,197873,0.0078,-0.0151,-0.9526,1.3300,-0.4900,0.1400
2026-07-03,15:18:01,197973,0.0122,-0.0122,-0.9492,1.1900,-0.4200,0.0000
2026-07-03,15:18:02,1980
73,0.0102,-0.0229,-0.9623,1.1900,-0.3500,0.1400
2026-07-03,15:18:02,198173,0.0010,-0.0137,-0.9404,1.1900,-0.7000,0.0700
2026-07-03,15:18:02,198273,0.0049,-0.0239,-0.9570,1.1900,-0.6300,0.1400
2026-07-03,15:18:02,198373,0.0039,-0.0166,-0.9536
,1.2600,-0.5600,0.1400
2026-07-03,15:18:02,198473,0.0102,-0.0224,-0.9482,1.2600,-0.6300,0.0700
2026-07-03,15:18:02,198573,0.0044,-0.0200,-0.9516,1.2600,-0.3500,0.1400
2026-07-03,15:18:02,198673,-0.0054,-0.0185,-0.9604,1.2600,-0.2100,0.1400
2026-07-03,15:18:02,198773,0.0059,-0.0215,-0.9511,1.2600,-0.6300,0.1400
2026-07-03,15:18:02,198873,0.0034,-0.0112,-0.9394,1.1900,-0.3500,0.0000
2026-07-03,15:18:02,198973,0.0044,-0.0254,-0.9604,1.1900,-0.6300,0.0700
2026-07-03,15:18:03,19907
3,-0.0024,-0.0190,-0.9487,1.2600,-0.6300,0.1400
2026-07-03,15:18:03,199173,0.0044,-0.0210,-0.9565,1.1900,-0.4900,0.1400
2026-07-03,15:18:03,199273,0.0059,-0.0200,-0.9579,1.2600,-0.4200,0.1400
2026-07-03,15:18:03,199373,0.0059,-0.0195,-0.9526
,1.2600,-0.4200,0.1400
2026-07-03,15:18:03,199473,0.0063,-0.0205,-0.9550,1.1900,-0.4900,0.1400
2026-07-03,15:18:03,199573,0.0039,-0.0200,-0.9536,1.2600,-0.5600,0.0700
2026-07-03,15:18:03,199673,0.0049,-0.0205,-0.9555,1.3300,-0.5600,0.2100
2
026-07-03,15:18:03,199773,0.0059,-0.0195,-0.9550,1.2600,-0.4900,0.1400
2026-07-03,15:18:03,199873,0.0044,-0.0195,-0.9575,1.1900,-0.4900,0.1400
2026-07-03,15:18:03,199973,0.0063,-0.0200,-0.9565,1.1900,-0.5600,0.0700
2026-07-03,15:18:04,200073
,0.0049,-0.0210,-0.9531,1.1900,-0.4900,0.2100
2026-07-03,15:18:04,200173,0.0059,-0.0190,-0.9570,1.1900,-0.4900,0.1400
2026-07-03,15:18:04,200273,0.0059,-0.0200,-0.9545,1.2600,-0.5600,0.0700
2026-07-03,15:18:04,200373,0.0044,-0.0210,-0.9545,1
.2600,-0.4900,0.2100
2026-07-03,15:18:04,200473,0.0068,-0.0205,-0.9545,1.2600,-0.4200,0.2100
2026-07-03,15:18:04,200573,0.0044,-0.0210,-0.9560,1.1200,-0.5600,0.0700
2026-07-03,15:18:04,200673,0.0059,-0.0190,-0.9521,1.2600,-0.4900,0.1400
202
6-07-03,15:18:04,200777,0.0039,-0.0200,-0.9550,1.1900,-0.5600,0.1400
2026-07-03,15:18:04,200873,0.0044,-0.0224,-0.9550,1.1900,-0.4900,0.1400
2026-07-03,15:18:04,200973,0.0034,-0.0220,-0.9555,1.3300,-0.5600,0.1400
2026-07-03,15:18:05,201073,0
.0034,-0.0195,-0.9540,1.2600,-0.4900,0.1400
2026-07-03,15:18:05,201173,0.0059,-0.0205,-0.9555,1.1900,-0.4200,0.1400
2026-07-03,15:18:05,201273,0.0054,-0.0181,-0.9536,1.1200,-0.5600,0.1400
2026-07-03,15:18:05,201373,0.0054,-0.0210,-0.9540,1.1
900,-0.3500,0.2800
2026-07-03,15:18:05,201473,0.0083,-0.0185,-0.9550,1.1900,-0.4900,0.2100
2026-07-03,15:18:05,201573,0.0039,-0.0181,-0.9594,1.1200,-0.5600,0.1400
2026-07-03,15:18:05,201673,0.0034,-0.0195,-0.9521,1.2600,-0.5600,0.1400
2026-
07-03,15:18:05,201773,0.0034,-0.0205,-0.9462,1.2600,-0.4900,0.0700
2026-07-03,15:18:05,201873,0.0054,-0.0185,-0.9506,1.2600,-0.4900,0.2100
2026-07-03,15:18:05,201973,0.0049,-0.0220,-0.9526,1.2600,-0.6300,0.1400
2026-07-03,15:18:06,202073,0.0
049,-0.0205,-0.9609,1.1900,-0.7000,0.2100
2026-07-03,15:18:06,202173,0.0034,-0.0171,-0.9550,1.2600,-0.4200,0.1400
2026-07-03,15:18:06,202273,0.0063,-0.0195,-0.9594,1.1200,-0.6300,0.1400
2026-07-03,15:18:06,202373,0.0059,-0.0171,-0.9555,1.330
0,-0.4900,0.1400
2026-07-03,15:18:06,202473,0.0073,-0.0181,-0.9550,1.2600,-0.4900,0.1400
2026-07-03,15:18:06,202573,0.0068,-0.0210,-0.9521,1.1900,-0.5600,0.1400
2026-07-03,15:18:06,202673,0.0010,-0.0200,-0.9531,1.2600,-0.6300,0.0700
2026-07
-03,15:18:06,202773,0.0029,-0.0224,-0.9550,1.2600,-0.5600,0.1400
2026-07-03,15:18:06,202873,0.0078,-0.0171,-0.9477,1.2600,-0.5600,0.2100
2026-07-03,15:18:06,202973,0.0068,-0.0181,-0.9589,1.2600,-0.4900,0.1400
2026-07-03,15:18:07,203073,0.003
9,-0.0151,-0.9609,1.1900,-0.2800,0.2100
2026-07-03,15:18:07,203173,0.0093,-0.0249,-0.9589,1.3300,-0.4900,0.1400
2026-07-03,15:18:07,203273,0.0112,-0.0220,-0.9570,1.3300,-0.7000,0.1400
2026-07-03,15:18:07,203373,0.0112,-0.0190,-0.9540,1.2600,
-0.5600,0.2100
2026-07-03,15:18:07,203473,0.0083,-0.0234,-0.9575,1.2600,-0.4900,0.1400
2026-07-03,15:18:07,203573,0.0078,-0.0229,-0.9618,1.4000,-0.6300,0.2100
2026-07-03,15:18:07,203673,0.0049,-0.0181,-0.9623,1.1900,-0.6300,0.1400
2026-07-0
3,15:18:07,203773,0.0049,-0.0142,-0.9526,1.1900,-0.6300,0.1400
2026-07-03,15:18:07,203873,0.0049,-0.0190,-0.9540,1.1900,-0.5600,0.0700
2026-07-03,15:18:07,203973,-0.0015,-0.0220,-0.9516,1.2600,-0.6300,0.0700
2026-07-03,15:18:08,204073,0.0039
,-0.0268,-0.9545,1.1200,-0.6300,0.2100
2026-07-03,15:18:08,204173,0.0000,-0.0224,-0.9565,1.1200,-0.4900,0.2100
2026-07-03,15:18:08,204273,0.0102,-0.0205,-0.9570,1.1200,-0.8400,0.1400
2026-07-03,15:18:08,204373,0.0151,-0.0142,-0.9492,1.1900,-
0.7000,0.0700
2026-07-03,15:18:08,204473,0.0054,-0.0161,-0.9457,1.3300,-0.7700,0.1400
2026-07-03,15:18:08,204573,0.0005,-0.0195,-0.9492,1.2600,-0.6300,0.2100
2026-07-03,15:18:08,204673,0.0044,-0.0210,-0.9579,1.3300,-0.4200,0.1400
2026-07-03
,15:18:08,204773,0.0049,-0.0224,-0.9516,1.2600,-0.5600,0.2100
2026-07-03,15:18:08,204873,0.0054,-0.0195,-0.9531,1.1900,-0.4900,0.1400
2026-07-03,15:18:08,204973,0.0068,-0.0205,-0.9550,1.2600,-0.5600,0.1400
2026-07-03,15:18:09,205073,0.0029,-
0.0210,-0.9560,1.2600,-0.4900,0.2100
2026-07-03,15:18:09,205173,0.0044,-0.0215,-0.9550,1.2600,-0.4900,0.1400
2026-07-03,15:18:09,205273,0.0005,-0.0234,-0.9540,1.2600,-0.4200,0.1400
2026-07-03,15:18:09,205373,0.1225,-0.0224,-0.9540,1.1900,-0.
5600,0.1400
2026-07-03,15:18:09,205473,0.0034,-0.0195,-0.9545,1.1900,-0.5600,0.1400
2026-07-03,15:18:09,205573,0.0073,-0.0185,-0.9526,1.1900,-0.4200,0.1400
2026-07-03,15:18:09,205673,0.0039,-0.0185,-0.9560,1.2600,-0.6300,0.1400
2026-07-03,1
5:18:09,205777,0.0102,-0.0234,-0.9575,1.2600,-0.5600,0.0700
2026-07-03,15:18:09,205873,0.0078,-0.0181,-0.9545,1.3300,-0.4900,0.1400
2026-07-03,15:18:09,205973,0.0073,-0.0268,-0.9609,1.2600,-0.4200,0.2100
2026-07-03,15:18:10,206073,0.0010,-0.
0181,-0.9506,1.1900,-0.5600,0.1400
2026-07-03,15:18:10,206173,0.0015,-0.0200,-0.9614,1.1900,-0.3500,0.0700
2026-07-03,15:18:10,206273,0.0054,-0.0161,-0.9511,1.3300,-0.6300,0.1400
2026-07-03,15:18:10,206373,0.0102,-0.0210,-0.9579,1.2600,-0.56
00,0.1400
2026-07-03,15:18:10,206473,0.0088,-0.0185,-0.9545,1.2600,-0.4900,0.1400
2026-07-03,15:18:10,206573,0.0059,-0.0259,-0.9462,1.2600,-0.7000,0.1400
2026-07-03,15:18:10,206673,0.0044,-0.0185,-0.9579,1.1200,-0.5600,0.1400
2026-07-03,15:
18:10,206773,0.0098,-0.0190,-0.9521,1.2600,-0.4900,0.2100
2026-07-03,15:18:10,206873,0.0098,-0.0190,-0.9472,1.2600,-0.5600,0.1400
2026-07-03,15:18:10,206973,0.0034,-0.0176,-0.9545,1.1200,-0.4900,0.2100
2026-07-03,15:18:11,207073,0.0020,-0.02
10,-0.9506,1.2600,-0.4200,0.0700
2026-07-03,15:18:11,207173,-0.0029,-0.0224,-0.9521,1.2600,-0.4900,0.2100
2026-07-03,15:18:11,207273,0.0083,-0.0244,-0.9536,1.1900,-0.3500,0.1400
2026-07-03,15:18:11,207373,0.0068,-0.0229,-0.9628,1.1200,-0.490
0,0.1400
2026-07-03,15:18:11,207473,0.0024,-0.0142,-0.9511,1.2600,-0.6300,0.1400
2026-07-03,15:18:11,207573,0.0044,-0.0234,-0.9575,1.1900,-0.5600,0.0700
2026-07-03,15:18:11,207673,-0.0020,-0.0190,-0.9511,1.3300,-0.4900,0.1400
2026-07-03,15:
18:11,207773,0.0010,-0.0254,-0.9555,1.1900,-0.5600,0.1400
2026-07-03,15:18:11,207873,0.0044,-0.0185,-0.9496,1.2600,-0.4900,0.0700
2026-07-03,15:18:11,207973,0.0059,-0.0244,-0.9511,1.1900,-0.5600,0.1400
2026-07-03,15:18:12,208073,0.0068,-0.01
95,-0.9570,1.2600,-0.4200,0.1400
2026-07-03,15:18:12,208173,0.0093,-0.0210,-0.9614,1.2600,-0.4900,0.2100
2026-07-03,15:18:12,208273,0.0020,-0.0176,-0.9501,1.2600,-0.3500,0.1400
2026-07-03,15:18:12,208373,0.0024,-0.0239,-0.9565,1.2600,-0.5600
,0.1400
2026-07-03,15:18:12,208473,0.0024,-0.0234,-0.9555,1.2600,-0.5600,0.1400
2026-07-03,15:18:12,208573,0.0034,-0.0181,-0.9531,1.2600,-0.5600,0.0700
2026-07-03,15:18:12,208673,0.0063,-0.0210,-0.9565,1.2600,-0.6300,0.0700
2026-07-03,15:18
:12,208773,0.0078,-0.0195,-0.9560,1.2600,-0.6300,0.0700
2026-07-03,15:18:12,208873,0.0083,-0.0190,-0.9545,1.1900,-0.6300,0.1400
2026-07-03,15:18:12,208973,0.0044,-0.0205,-0.9511,1.3300,-0.4900,0.1400
2026-07-03,15:18:13,209073,0.0029,-0.0210
,-0.9565,1.3300,-0.4200,0.1400
2026-07-03,15:18:13,209173,0.0010,-0.0224,-0.9536,1.1900,-0.4900,0.0700
2026-07-03,15:18:13,209273,-0.0005,-0.0205,-0.9526,1.1900,-0.7700,0.1400
2026-07-03,15:18:13,209373,0.0034,-0.0176,-0.9482,1.2600,-0.4200,
0.1400
2026-07-03,15:18:13,209473,0.0098,-0.0234,-0.9584,1.2600,-0.4900,0.1400
2026-07-03,15:18:13,209573,0.0093,-0.0176,-0.9501,1.2600,-0.6300,0.1400
2026-07-03,15:18:13,209673,-0.0029,-0.0151,-0.9755,1.2600,-0.3500,0.1400
2026-07-03,15:18
:13,209773,0.0044,-0.0234,-0.9545,1.2600,-0.4200,0.1400
2026-07-03,15:18:13,209873,0.0020,-0.0215,-0.9540,1.1900,-0.6300,0.1400
2026-07-03,15:18:13,209973,0.0034,-0.0195,-0.9584,1.1200,-0.4200,0.2100
2026-07-03,15:18:14,210073,0.0083,-0.0244
,-0.9506,1.3300,-0.7000,0.0000
2026-07-03,15:18:14,210173,0.0068,-0.0181,-0.9609,1.2600,-0.4200,0.1400
2026-07-03,15:18:14,210273,0.0059,-0.0195,-0.9560,1.4000,-0.5600,0.1400
2026-07-03,15:18:14,210373,-0.0029,-0.0161,-0.9448,1.0500,-0.8400,
0.1400
2026-07-03,15:18:14,210473,-0.0063,-0.0381,-0.9477,1.1200,-0.8400,0.2100
2026-07-03,15:18:14,210573,0.0005,-0.0039,-0.9477,1.4700,-0.2100,0.0000
2026-07-03,15:18:14,210673,0.0005,-0.0288,-0.9609,1.1200,-0.4900,0.1400
2026-07-03,15:18
:14,210777,-0.0068,-0.0229,-0.9492,1.3300,-0.2800,0.0700
2026-07-03,15:18:14,210873,0.0044,-0.0195,-0.9511,1.1900,-0.4900,0.1400
2026-07-03,15:18:14,210973,0.0122,-0.0210,-0.9565,1.2600,-0.4200,0.0700
2026-07-03,15:18:15,211073,0.0102,-0.018
1,-0.9560,1.2600,-0.5600,0.1400
2026-07-03,15:18:15,211173,0.0073,-0.0190,-0.9545,1.2600,-0.5600,0.0700
2026-07-03,15:18:15,211273,0.0044,-0.0205,-0.9560,1.1200,-0.3500,0.2100
2026-07-03,15:18:15,211373,0.0024,-0.0220,-0.9545,1.3300,-0.4900,
0.1400
2026-07-03,15:18:15,211473,0.0029,-0.0205,-0.9545,1.2600,-0.4900,0.1400
2026-07-03,15:18:15,211573,0.0029,-0.0190,-0.9545,1.2600,-0.4200,0.1400
2026-07-03,15:18:15,211673,0.0044,-0.0200,-0.9550,1.3300,-0.6300,0.1400
2026-07-03,15:18:
15,211773,0.0078,-0.0244,-0.9536,1.1900,-0.6300,0.1400
2026-07-03,15:18:15,211873,0.0054,-0.0195,-0.9536,1.1900,-0.5600,0.0700
2026-07-03,15:18:15,211973,0.0054,-0.0205,-0.9545,1.2600,-0.4900,0.1400
2026-07-03,15:18:16,212073,0.0049,-0.0224,
-0.9531,1.2600,-0.4900,0.2100
2026-07-03,15:18:16,212173,0.0054,-0.0161,-0.9609,1.1900,-0.7000,0.0700
2026-07-03,15:18:16,212273,0.0039,-0.0195,-0.9550,1.1900,-0.4900,0.2100
2026-07-03,15:18:16,212373,0.0112,-0.0210,-0.9589,1.2600,-0.6300,0.
1400
2026-07-03,15:18:16,212473,0.0000,-0.0195,-0.9565,1.1900,-0.4200,0.0700
2026-07-03,15:18:16,212573,0.0068,-0.0215,-0.9575,1.1200,-0.5600,0.1400
2026-07-03,15:18:16,212673,0.0059,-0.0185,-0.9555,1.1900,-0.7000,0.2100
2026-07-03,15:18:16
,212773,0.0088,-0.0200,-0.9496,1.1900,-0.4900,0.2100
2026-07-03,15:18:16,212873,0.0059,-0.0185,-0.9511,1.1900,-0.5600,0.1400
2026-07-03,15:18:16,212973,0.0063,-0.0215,-0.9570,1.3300,-0.6300,0.1400
2026-07-03,15:18:17,213073,0.0078,-0.0215,-0
.9570,1.1900,-0.4900,0.1400
2026-07-03,15:18:17,213173,0.0161,0.0756,-0.7496,1.8200,2.6600,-1.9600
2026-07-03,15:18:17,213273,-0.0581,-0.0444,-1.0106,0.9100,-0.8400,-0.0700
2026-07-03,15:18:17,213373,-0.0381,0.0142,-0.9194,1.5400,-1.2600,0.7
700
2026-07-03,15:18:17,213473,0.0366,-0.0293,-0.9550,1.4000,-0.4200,0.2800
2026-07-03,15:18:17,213573,0.0181,-0.0312,-0.9648,0.9800,-0.3500,0.0000
2026-07-03,15:18:17,213673,-0.0005,-0.0146,-0.9506,1.1900,-0.6300,0.1400
2026-07-03,15:18:17
,213773,-0.0034,-0.0224,-0.9565,1.3300,-0.4900,0.1400
2026-07-03,15:18:17,213873,0.0049,-0.0220,-0.9555,1.2600,-0.7700,0.2100
2026-07-03,15:18:17,213973,0.0166,-0.0195,-0.9545,1.3300,-0.3500,0.1400
2026-07-03,15:18:18,214073,0.0132,-0.0229,-
0.9555,1.1200,-0.5600,0.1400
2026-07-03,15:18:18,214173,0.0044,-0.0234,-0.9482,1.1900,-0.4900,0.2100
2026-07-03,15:18:18,214273,0.0078,-0.0224,-0.9526,1.2600,-0.5600,0.2800
2026-07-03,15:18:18,214373,0.0049,-0.0205,-0.9545,1.2600,-0.4900,0.0
700
2026-07-03,15:18:18,214473,0.0054,-0.0166,-0.9526,1.1900,-0.4200,0.1400
2026-07-03,15:18:18,214573,0.0068,-0.0215,-0.9575,1.1200,-0.6300,0.0700
2026-07-03,15:18:18,214673,0.0044,-0.0215,-0.9531,1.1200,-0.6300,0.1400
2026-07-03,15:18:18,
214773,0.0063,-0.0229,-0.9575,1.2600,-0.4200,0.2800
2026-07-03,15:18:18,214873,0.0083,-0.0161,-0.9526,1.1900,-0.5600,0.1400
2026-07-03,15:18:18,214973,0.0137,-0.0112,-0.9501,1.2600,-0.4200,0.1400
2026-07-03,15:18:19,215073,0.0044,-0.0239,-0.
9589,1.2600,-0.4900,0.0700
2026-07-03,15:18:19,215173,0.0059,-0.0171,-0.9496,1.1900,-0.7700,0.0700
2026-07-03,15:18:19,215273,0.0073,-0.0215,-0.9550,1.1900,-0.5600,0.1400
2026-07-03,15:18:19,215373,0.0073,-0.0215,-0.9540,1.1900,-0.5600,0.140
0
2026-07-03,15:18:19,215473,0.0039,-0.0229,-0.9555,1.1900,-0.4200,0.1400
2026-07-03,15:18:19,215573,0.0039,-0.0195,-0.9536,1.1900,-0.5600,0.2100
2026-07-03,15:18:19,215673,0.0024,-0.0205,-0.9540,1.3300,-0.4200,0.2100
2026-07-03,15:18:19,21
5777,0.0039,-0.0210,-0.9565,1.1900,-0.5600,0.1400
2026-07-03,15:18:19,215873,0.0073,-0.0210,-0.9540,1.2600,-0.4200,0.1400
2026-07-03,15:18:19,215973,0.0068,-0.0210,-0.9555,1.2600,-0.4200,0.2100
2026-07-03,15:18:20,216073,0.0039,-0.0195,-0.95
31,1.1900,-0.3500,0.2100
2026-07-03,15:18:20,216173,0.0044,-0.0190,-0.9555,1.1900,-0.5600,0.1400
2026-07-03,15:18:20,216273,0.0059,-0.0215,-0.9565,1.2600,-0.4900,0.1400
2026-07-03,15:18:20,216373,0.0083,-0.0200,-0.9536,1.3300,-0.5600,0.1400
2026-07-03,15:18:20,216473,0.0044,-0.0205,-0.9550,1.1900,-0.5600,0.1400
2026-07-03,15:18:20,216573,0.0063,-0.0224,-0.9560,1.2600,-0.6300,0.1400
2026-07-03,15:18:20,216673,0.0049,-0.0200,-0.9550,1.1900,-0.6300,0.1400
2026-07-03,15:18:20,2167
73,0.0063,-0.0171,-0.9516,1.2600,-0.4900,0.1400
2026-07-03,15:18:20,216873,0.0039,-0.0210,-0.9550,1.2600,-0.4200,0.1400
2026-07-03,15:18:20,216973,0.0059,-0.0215,-0.9540,1.2600,-0.5600,0.1400
2026-07-03,15:18:21,217073,0.0054,-0.0215,-0.9560
,1.2600,-0.3500,0.2100
2026-07-03,15:18:21,217173,0.0049,-0.0224,-0.9536,1.2600,-0.4200,0.2100
2026-07-03,15:18:21,217273,0.0063,-0.0185,-0.9540,1.2600,-0.4900,0.2100
2026-07-03,15:18:21,217373,0.0068,-0.0205,-0.9560,1.4000,-0.4200,0.0700
2
026-07-03,15:18:21,217473,0.0059,-0.0205,-0.9560,1.2600,-0.3500,0.2100
2026-07-03,15:18:21,217573,0.0068,-0.0200,-0.9545,1.2600,-0.5600,0.1400
2026-07-03,15:18:21,217673,0.0044,-0.0210,-0.9540,1.1900,-0.6300,0.2100
2026-07-03,15:18:21,217773
,0.0044,-0.0185,-0.9550,1.3300,-0.4900,0.2100
2026-07-03,15:18:21,217873,0.0054,-0.0190,-0.9545,1.1900,-0.5600,0.1400
2026-07-03,15:18:21,217973,0.0049,-0.0224,-0.9560,1.1900,-0.4900,0.1400
2026-07-03,15:18:22,218073,0.0059,-0.0195,-0.9531,1
.1900,-0.4900,0.1400
2026-07-03,15:18:22,218173,0.0054,-0.0200,-0.9550,1.1900,-0.4900,0.1400
2026-07-03,15:18:22,218273,0.0024,-0.0210,-0.9545,1.2600,-0.5600,0.1400
2026-07-03,15:18:22,218373,0.0034,-0.0200,-0.9531,1.2600,-0.5600,0.0700
202
6-07-03,15:18:22,218473,0.0049,-0.0210,-0.9565,1.1900,-0.4200,0.2100
2026-07-03,15:18:22,218573,0.0054,-0.0195,-0.9555,1.1900,-0.4900,0.2100
2026-07-03,15:18:22,218673,0.0083,-0.0195,-0.9540,1.1900,-0.4900,0.1400
2026-07-03,15:18:22,218773,0
.0054,-0.0200,-0.9545,1.1200,-0.4200,0.1400
2026-07-03,15:18:22,218873,0.0063,-0.0210,-0.9545,1.2600,-0.4200,0.2100
2026-07-03,15:18:22,218973,0.0063,-0.0220,-0.9565,1.2600,-0.4900,0.2100
2026-07-03,15:18:23,219073,0.0049,-0.0210,-0.9555,1.1
900,-0.5600,0.1400
2026-07-03,15:18:23,219173,0.0059,-0.0185,-0.9560,1.1900,-0.5600,0.1400
2026-07-03,15:18:23,219273,0.0054,-0.0215,-0.9555,1.4000,-0.5600,0.2100
2026-07-03,15:18:23,219373,0.0063,-0.0205,-0.9545,1.2600,-0.4900,0.1400
2026-
07-03,15:18:23,219473,0.0059,-0.0195,-0.9560,1.1900,-0.4900,0.1400
2026-07-03,15:18:23,219573,0.0044,-0.0200,-0.9545,1.2600,-0.4200,0.2100
2026-07-03,15:18:23,219673,0.0039,-0.0229,-0.9555,1.2600,-0.6300,0.1400
2026-07-03,15:18:23,219773,0.0
078,-0.0195,-0.9550,1.2600,-0.4900,0.1400
2026-07-03,15:18:23,219873,0.0059,-0.0264,-0.9633,1.3300,-0.6300,0.0700
2026-07-03,15:18:23,219973,0.0029,-0.0215,-0.9550,1.3300,-0.5600,0.1400
2026-07-03,15:18:24,220073,0.0039,-0.0200,-0.9540,1.260
0,-0.4900,0.2100
2026-07-03,15:18:24,220173,0.0044,-0.0195,-0.9540,1.1900,-0.3500,0.2800
2026-07-03,15:18:24,220273,0.0088,-0.0215,-0.9550,1.2600,-0.4900,0.1400
2026-07-03,15:18:24,220373,0.0078,-0.0205,-0.9570,1.1200,-0.4200,0.2100
2026-07
-03,15:18:24,220473,0.0054,-0.0205,-0.9560,1.1200,-0.4200,0.2800
2026-07-03,15:18:24,220573,0.0049,-0.0200,-0.9540,1.1900,-0.5600,0.1400
2026-07-03,15:18:24,220673,0.0054,-0.0190,-0.9516,1.2600,-0.4200,0.1400
2026-07-03,15:18:24,220777,0.007
3,-0.0229,-0.9555,1.2600,-0.4900,0.1400
2026-07-03,15:18:24,220873,0.0063,-0.0200,-0.9545,1.2600,-0.4200,0.2100
2026-07-03,15:18:24,220973,0.0068,-0.0244,-0.9550,1.1900,-0.5600,0.1400
2026-07-03,15:18:25,221073,0.0049,-0.0215,-0.9555,1.1900,
-0.4900,0.0700
2026-07-03,15:18:25,221173,0.0000,-0.0210,-0.9555,1.1900,-0.4900,0.2800
2026-07-03,15:18:25,221273,0.0068,-0.0205,-0.9540,1.1200,-0.5600,0.2100
2026-07-03,15:18:25,221373,0.0098,-0.0161,-0.9540,1.2600,-0.4900,0.1400
2026-07-0
3,15:18:25,221473,0.0059,-0.0215,-0.9565,1.1900,-0.5600,0.1400
2026-07-03,15:18:25,221573,0.0078,-0.0239,-0.9540,1.3300,-0.6300,0.3500
2026-07-03,15:18:25,221673,0.0429,-0.0088,-0.9755,0.7000,-1.1200,0.0000
2026-07-03,15:18:25,221773,-0.0020
,0.0078,-0.9389,1.2600,-0.7000,0.1400
2026-07-03,15:18:25,221873,-0.0176,-0.0381,-0.9614,1.4000,-0.4900,0.1400
2026-07-03,15:18:25,221973,0.0044,-0.0127,-0.9448,1.0500,-0.7000,0.0700
2026-07-03,15:18:26,222073,0.0137,-0.0234,-0.9628,1.2600,-
0.4900,0.0700
2026-07-03,15:18:26,222173,-0.0010,-0.0244,-0.9560,1.3300,-0.5600,0.3500
2026-07-03,15:18:26,222273,-0.0024,-0.0249,-0.9496,1.2600,-0.6300,0.1400
2026-07-03,15:18:26,222373,0.0054,-0.0239,-0.9575,1.1900,-0.5600,0.0700
2026-07-
03,15:18:26,222473,0.0078,-0.0151,-0.9526,1.1200,-0.7000,0.2100
2026-07-03,15:18:26,222573,0.0078,-0.0088,-0.9526,1.3300,-0.2800,0.1400
2026-07-03,15:18:26,222673,-0.0273,-0.0425,-0.9584,1.3300,-0.4900,0.1400
2026-07-03,15:18:26,222773,0.002
0,-0.0332,-0.9672,1.2600,-0.7000,0.2100
2026-07-03,15:18:26,222873,0.0039,-0.0166,-0.9404,1.1900,-0.4200,0.1400
2026-07-03,15:18:26,222973,0.0220,-0.0254,-0.9638,1.2600,-0.2100,0.0700
2026-07-03,15:18:27,223073,0.0083,-0.0156,-0.9550,1.2600,
-0.6300,0.1400
2026-07-03,15:18:27,223173,-0.0010,-0.0254,-0.9545,1.2600,-0.4200,0.2100
2026-07-03,15:18:27,223273,-0.0010,-0.0239,-0.9540,1.1900,-0.5600,0.1400
2026-07-03,15:18:27,223373,0.0039,-0.0210,-0.9565,1.2600,-0.4900,0.2100
2026-07
-03,15:18:27,223473,0.0059,-0.0215,-0.9570,1.2600,-0.4900,0.2100
2026-07-03,15:18:27,223573,0.0054,-0.0210,-0.9511,1.2600,-0.3500,0.0700
2026-07-03,15:18:27,223673,0.0078,-0.0190,-0.9589,1.2600,-0.4200,0.1400
2026-07-03,15:18:27,223773,0.005
4,-0.0190,-0.9536,1.1900,-0.5600,0.1400
2026-07-03,15:18:27,223873,0.0068,-0.0190,-0.9536,1.1900,-0.4200,0.1400
2026-07-03,15:18:27,223973,0.0024,-0.0220,-0.9570,1.1900,-0.4900,0.1400
2026-07-03,15:18:28,224073,0.0063,-0.0220,-0.9550,1.2600,
-0.5600,0.2100
2026-07-03,15:18:28,224173,0.0044,-0.0215,-0.9545,1.2600,-0.4900,0.1400
2026-07-03,15:18:28,224273,0.0039,-0.0210,-0.9550,1.1900,-0.5600,0.0700
2026-07-03,15:18:28,224373,0.0078,-0.0220,-0.9565,1.1900,-0.6300,0.0700
2026-07-0
3,15:18:28,224473,0.0068,-0.0195,-0.9536,1.2600,-0.5600,0.1400
2026-07-03,15:18:28,224573,0.0039,-0.0205,-0.9565,1.1900,-0.5600,0.1400
2026-07-03,15:18:28,224673,0.0073,-0.0215,-0.9555,1.1900,-0.4900,0.2100
2026-07-03,15:18:28,224773,0.0054,
-0.0210,-0.9550,1.1900,-0.4200,0.2100
2026-07-03,15:18:28,224873,0.0044,-0.0210,-0.9545,1.2600,-0.4900,0.1400
2026-07-03,15:18:28,224973,0.0068,-0.0185,-0.9540,1.2600,-0.4900,0.1400
2026-07-03,15:18:29,225073,0.0063,-0.0215,-0.9540,1.1900,-0
.5600,0.2100
2026-07-03,15:18:29,225173,0.0059,-0.0181,-0.9555,1.1900,-0.5600,0.1400
2026-07-03,15:18:29,225273,0.0059,-0.0220,-0.9545,1.2600,-0.6300,0.1400
2026-07-03,15:18:29,225373,0.0049,-0.0200,-0.9565,1.2600,-0.4200,0.1400
2026-07-03,
15:18:29,225473,0.0059,-0.0181,-0.9570,1.1900,-0.6300,0.1400
2026-07-03,15:18:29,225573,0.0049,-0.0200,-0.9550,1.1900,-0.5600,0.2100
2026-07-03,15:18:29,225673,0.0049,-0.0176,-0.9536,1.2600,-0.6300,0.0700
2026-07-03,15:18:29,225777,0.0049,-0
.0195,-0.9521,1.1200,-0.4200,0.2100
2026-07-03,15:18:29,225873,0.0068,-0.0181,-0.9550,1.1900,-0.4900,0.0700
2026-07-03,15:18:29,225973,0.0044,-0.0215,-0.9560,1.2600,-0.5600,0.0700
2026-07-03,15:18:30,226073,0.0054,-0.0210,-0.9531,1.2600,-0.5
600,0.1400
2026-07-03,15:18:30,226173,0.0049,-0.0195,-0.9536,1.1900,-0.4900,0.1400
2026-07-03,15:18:30,226273,0.0039,-0.0205,-0.9575,1.3300,-0.5600,0.1400
2026-07-03,15:18:30,226373,0.0078,-0.0224,-0.9540,1.2600,-0.4900,0.0700
2026-07-03,15
:18:30,226473,0.0034,-0.0200,-0.9531,1.1900,-0.5600,0.1400
2026-07-03,15:18:30,226573,0.0063,-0.0185,-0.9550,1.2600,-0.7000,0.1400
2026-07-03,15:18:30,226673,0.0024,-0.0215,-0.9526,1.1900,-0.5600,0.1400
2026-07-03,15:18:30,226773,0.0049,-0.0
200,-0.9545,1.2600,-0.4900,0.2100
2026-07-03,15:18:30,226873,0.0059,-0.0229,-0.9545,1.1900,-0.4200,0.1400
2026-07-03,15:18:30,226973,0.0034,-0.0205,-0.9545,1.3300,-0.5600,0.2100
2026-07-03,15:18:31,227073,0.0059,-0.0210,-0.9584,1.2600,-0.560
0,0.1400
2026-07-03,15:18:31,227173,0.0044,-0.0210,-0.9526,1.1900,-0.4200,0.1400
2026-07-03,15:18:31,227273,0.0073,-0.0190,-0.9482,1.2600,-0.4900,0.1400
2026-07-03,15:18:31,227373,0.0083,-0.0229,-0.9599,1.1900,-0.5600,0.1400
2026-07-03,15:1
8:31,227473,0.0034,-0.0195,-0.9540,1.2600,-0.4900,0.1400
2026-07-03,15:18:31,227573,0.0068,-0.0229,-0.9555,1.3300,-0.6300,0.0000
2026-07-03,15:18:31,227673,0.0054,-0.0220,-0.9565,1.1900,-0.5600,0.1400
2026-07-03,15:18:31,227773,0.0039,-0.021
5,-0.9526,1.2600,-0.5600,0.2100
2026-07-03,15:18:31,227873,0.0039,-0.0176,-0.9536,1.2600,-0.6300,0.1400
2026-07-03,15:18:31,227973,0.0078,-0.0215,-0.9560,1.1900,-0.6300,0.2100
2026-07-03,15:18:32,228073,0.0039,-0.0195,-0.9511,1.2600,-0.4900,
0.1400
2026-07-03,15:18:32,228173,0.0020,-0.0200,-0.9545,1.1200,-0.5600,0.0700
2026-07-03,15:18:32,228273,0.0054,-0.0190,-0.9565,1.1900,-0.5600,0.1400
2026-07-03,15:18:32,228373,0.0039,-0.0190,-0.9555,1.2600,-0.5600,0.0700
2026-07-03,15:18:
32,228473,0.0078,-0.0210,-0.9570,1.1900,-0.6300,0.1400
2026-07-03,15:18:32,228573,0.0029,-0.0195,-0.9536,1.2600,-0.4900,0.0700
2026-07-03,15:18:32,228673,0.0034,-0.0195,-0.9555,1.2600,-0.4900,0.1400
2026-07-03,15:18:32,228773,0.0059,-0.0205,
-0.9570,1.2600,-0.4900,0.1400
2026-07-03,15:18:32,228873,0.0073,-0.0200,-0.9555,1.1900,-0.4900,0.1400
2026-07-03,15:18:32,228973,0.0044,-0.0210,-0.9565,1.1900,-0.4900,0.1400
2026-07-03,15:18:33,229073,0.0044,-0.0210,-0.9555,1.2600,-0.4200,0.
1400
2026-07-03,15:18:33,229173,0.0059,-0.0205,-0.9540,1.2600,-0.4900,0.2800
2026-07-03,15:18:33,229273,0.0059,-0.0215,-0.9565,1.2600,-0.5600,0.1400
2026-07-03,15:18:33,229373,0.0049,-0.0205,-0.9545,1.2600,-0.5600,0.1400
2026-07-03,15:18:33
,229473,0.0063,-0.0166,-0.9545,1.1900,-0.5600,0.0700
2026-07-03,15:18:33,229573,-0.0059,-0.0220,-0.9536,1.1900,-0.5600,0.2100
2026-07-03,15:18:33,229673,0.0029,-0.0210,-0.9526,1.2600,-0.4200,0.1400
2026-07-03,15:18:33,229773,0.0078,-0.0361,-
0.9511,1.3300,-0.7700,0.2100
2026-07-03,15:18:33,229873,0.0107,-0.0244,-0.9511,1.0500,-0.4200,0.0000
2026-07-03,15:18:33,229973,0.0020,-0.0176,-0.9545,1.1900,-0.4200,0.2100
2026-07-03,15:18:34,230073,0.0054,-0.0195,-0.9575,1.2600,-0.4900,0.1
400
2026-07-03,15:18:34,230173,0.0049,-0.0210,-0.9526,1.1900,-0.4900,0.0700
2026-07-03,15:18:34,230273,0.0044,-0.0200,-0.9555,1.2600,-0.6300,0.1400
2026-07-03,15:18:34,230373,0.0107,-0.0244,-0.9531,1.2600,-0.6300,0.2100
2026-07-03,15:18:34,
230473,0.0132,-0.0249,-0.9531,1.1200,-0.4900,0.0700
2026-07-03,15:18:34,230573,-0.0015,-0.0181,-0.9560,1.3300,-0.4900,0.1400
2026-07-03,15:18:34,230673,0.0010,-0.0215,-0.9560,1.2600,-0.6300,0.1400
2026-07-03,15:18:34,230777,0.0078,-0.0229,-0
.9555,1.2600,-0.5600,0.1400
2026-07-03,15:18:34,230873,0.0088,-0.0210,-0.9570,1.2600,-0.5600,0.1400
2026-07-03,15:18:34,230973,0.0054,-0.0185,-0.9501,1.1900,-0.5600,0.0700
2026-07-03,15:18:35,231073,0.0049,-0.0190,-0.9555,1.1900,-0.6300,0.21
00
2026-07-03,15:18:35,231173,0.0044,-0.0171,-0.9526,1.2600,-0.6300,0.1400
2026-07-03,15:18:35,231273,0.0078,-0.0161,-0.9536,1.2600,-0.4900,0.1400
2026-07-03,15:18:35,231373,0.0000,-0.0249,-0.9560,1.2600,-0.4900,0.1400
2026-07-03,15:18:35,2
31473,0.0015,-0.0229,-0.9526,1.1900,-0.5600,0.1400
2026-07-03,15:18:35,231573,0.0078,-0.0190,-0.9540,1.1900,-0.4900,0.1400
2026-07-03,15:18:35,231673,0.0078,-0.0210,-0.9540,1.1900,-0.6300,0.1400
2026-07-03,15:18:35,231773,0.0068,-0.0205,-0.9
560,1.1900,-0.3500,0.1400
2026-07-03,15:18:35,231873,0.0063,-0.0224,-0.9550,1.1900,-0.5600,0.0000
2026-07-03,15:18:35,231973,0.0083,-0.0181,-0.9540,1.2600,-0.4900,0.1400
2026-07-03,15:18:36,232073,0.0078,-0.0185,-0.9540,1.1900,-0.5600,0.0700
2026-07-03,15:18:36,232173,0.0073,-0.0200,-0.9531,1.2600,-0.4900,0.1400
2026-07-03,15:18:36,232273,0.0073,-0.0200,-0.9516,1.2600,-0.4900,0.1400
2026-07-03,15:18:36,232373,0.0029,-0.0229,-0.9560,1.1900,-0.4900,0.2100
2026-07-03,15:18:36,232
473,0.0034,-0.0215,-0.9555,1.2600,-0.5600,0.1400
2026-07-03,15:18:36,232573,0.0044,-0.0200,-0.9501,1.2600,-0.4200,0.1400
2026-07-03,15:18:36,232673,0.0073,-0.0229,-0.9575,1.1900,-0.6300,0.1400
2026-07-03,15:18:36,232773,0.0029,-0.0195,-0.952
6,1.1900,-0.4900,0.1400
2026-07-03,15:18:36,232873,0.0068,-0.0176,-0.9536,1.1900,-0.6300,0.0700
2026-07-03,15:18:36,232973,0.0063,-0.0215,-0.9555,1.1900,-0.6300,0.2100
2026-07-03,15:18:37,233073,0.0034,-0.0205,-0.9526,1.1900,-0.4900,0.1400
2026-07-03,15:18:37,233173,0.0039,-0.0205,-0.9560,1.2600,-0.3500,0.2100
2026-07-03,15:18:37,233273,0.0049,-0.0215,-0.9550,1.2600,-0.4900,0.2100
2026-07-03,15:18:37,233373,0.0029,-0.0200,-0.9550,1.1200,-0.4900,0.2100
2026-07-03,15:18:37,23347
3,0.0063,-0.0185,-0.9545,1.1900,-0.6300,0.0700
2026-07-03,15:18:37,233573,0.0049,-0.0224,-0.9575,1.1900,-0.6300,0.1400
2026-07-03,15:18:37,233673,0.0039,-0.0210,-0.9579,1.2600,-0.4900,0.2100
2026-07-03,15:18:37,233773,0.0049,-0.0195,-0.9555,
1.2600,-0.4200,0.1400
2026-07-03,15:18:37,233873,0.0088,-0.0190,-0.9555,1.3300,-0.4200,0.1400
2026-07-03,15:18:37,233973,0.0059,-0.0205,-0.9531,1.1900,-0.4200,0.1400
2026-07-03,15:18:38,234073,0.0044,-0.0220,-0.9545,1.1900,-0.4200,0.1400
20
26-07-03,15:18:38,234173,0.0044,-0.0185,-0.9550,1.2600,-0.5600,0.2100
2026-07-03,15:18:38,234273,0.0068,-0.0210,-0.9536,1.2600,-0.4900,0.2100
2026-07-03,15:18:38,234373,0.0049,-0.0176,-0.9545,1.2600,-0.4200,0.2100
2026-07-03,15:18:38,234473,
0.0063,-0.0215,-0.9560,1.2600,-0.4900,0.1400
2026-07-03,15:18:38,234573,0.0029,-0.0205,-0.9555,1.1900,-0.5600,0.1400
2026-07-03,15:18:38,234673,0.0063,-0.0239,-0.9579,1.1900,-0.4900,0.1400
2026-07-03,15:18:38,234773,0.0049,-0.0220,-0.9531,1.
1900,-0.5600,0.0700
2026-07-03,15:18:38,234873,0.0068,-0.0224,-0.9570,1.2600,-0.6300,0.0700
2026-07-03,15:18:38,234973,0.0044,-0.0229,-0.9555,1.2600,-0.6300,0.0000
2026-07-03,15:18:39,235073,0.0059,-0.0190,-0.9560,1.2600,-0.4200,0.1400
2026
-07-03,15:18:39,235173,0.0020,-0.0195,-0.9594,1.1200,-0.6300,0.0700
2026-07-03,15:18:39,235273,0.0059,-0.0220,-0.9565,1.1900,-0.4200,0.1400
2026-07-03,15:18:39,235373,0.0063,-0.0205,-0.9526,1.1900,-0.4900,0.1400
2026-07-03,15:18:39,235473,0.
0049,-0.0205,-0.9540,1.2600,-0.4200,0.0700
2026-07-03,15:18:39,235573,0.0063,-0.0215,-0.9555,1.2600,-0.5600,0.1400
2026-07-03,15:18:39,235673,0.0034,-0.0220,-0.9536,1.2600,-0.4900,0.2100
2026-07-03,15:18:39,235777,0.0049,-0.0190,-0.9560,1.19
00,-0.6300,0.1400
2026-07-03,15:18:39,235873,0.0059,-0.0220,-0.9579,1.1900,-0.4900,0.2100
2026-07-03,15:18:39,235973,0.0049,-0.0200,-0.9550,1.1900,-0.5600,0.0700
2026-07-03,15:18:40,236073,0.0049,-0.0185,-0.9536,1.2600,-0.4900,0.2100
2026-0
7-03,15:18:40,236173,0.0044,-0.0185,-0.9531,1.1900,-0.4200,0.1400
2026-07-03,15:18:40,236273,0.0054,-0.0205,-0.9560,1.2600,-0.5600,0.1400
2026-07-03,15:18:40,236373,0.0049,-0.0210,-0.9560,1.2600,-0.4900,0.2100
2026-07-03,15:18:40,236473,0.00
34,-0.0224,-0.9560,1.1900,-0.4200,0.1400
2026-07-03,15:18:40,236573,0.0044,-0.0181,-0.9540,1.1900,-0.6300,0.1400
2026-07-03,15:18:40,236673,0.0068,-0.0210,-0.9570,1.3300,-0.6300,0.1400
2026-07-03,15:18:40,236773,0.0068,-0.0220,-0.9565,1.2600
,-0.4900,0.2100
2026-07-03,15:18:40,236873,0.0044,-0.0215,-0.9560,1.1900,-0.5600,0.1400
2026-07-03,15:18:40,236973,0.0029,-0.0195,-0.9545,1.1900,-0.4900,0.2100
2026-07-03,15:18:41,237073,0.0059,-0.0220,-0.9540,1.1900,-0.4900,0.2100
2026-07-
03,15:18:41,237173,0.0054,-0.0200,-0.9545,1.2600,-0.7000,0.0700
2026-07-03,15:18:41,237273,0.0034,-0.0224,-0.9536,1.1900,-0.4200,0.1400
2026-07-03,15:18:41,237373,0.0044,-0.0210,-0.9536,1.1900,-0.4200,0.1400
2026-07-03,15:18:41,237473,0.0068
,-0.0220,-0.9575,1.1900,-0.5600,0.1400
2026-07-03,15:18:41,237573,0.0088,-0.0195,-0.9550,1.2600,-0.4900,0.1400
2026-07-03,15:18:41,237673,0.0078,-0.0195,-0.9536,1.2600,-0.4200,0.2100
2026-07-03,15:18:41,237773,0.0073,-0.0205,-0.9565,1.2600,-
0.4200,0.0700
2026-07-03,15:18:41,237873,0.0054,-0.0190,-0.9540,1.2600,-0.6300,0.0700
2026-07-03,15:18:41,237973,0.0049,-0.0215,-0.9565,1.1900,-0.4900,0.0700
2026-07-03,15:18:42,238073,0.0039,-0.0205,-0.9545,1.2600,-0.5600,0.1400
2026-07-03
,15:18:42,238173,0.0049,-0.0220,-0.9540,1.2600,-0.4200,0.2100
2026-07-03,15:18:42,238273,0.0073,-0.0195,-0.9555,1.2600,-0.6300,0.1400
2026-07-03,15:18:42,238373,0.0078,-0.0195,-0.9555,1.2600,-0.4900,0.2100
2026-07-03,15:18:42,238473,0.0034,-
0.0210,-0.9555,1.2600,-0.6300,0.1400
2026-07-03,15:18:42,238573,0.0063,-0.0200,-0.9545,1.1900,-0.4900,0.1400
2026-07-03,15:18:42,238673,0.0054,-0.0185,-0.9540,1.2600,-0.4900,0.2100
2026-07-03,15:18:42,238773,0.0063,-0.0210,-0.9550,1.2600,-0.
4900,0.2100
2026-07-03,15:18:42,238873,0.0059,-0.0200,-0.9560,1.2600,-0.4900,0.2100
2026-07-03,15:18:42,238973,0.0039,-0.0220,-0.9560,1.1900,-0.4200,0.1400
2026-07-03,15:18:43,239073,0.0039,-0.0215,-0.9550,1.2600,-0.5600,0.1400
2026-07-03,1
5:18:43,239173,0.0049,-0.0205,-0.9540,1.1900,-0.5600,0.2100
2026-07-03,15:18:43,239273,0.0049,-0.0190,-0.9550,1.2600,-0.5600,0.2100
2026-07-03,15:18:43,239373,0.0054,-0.0190,-0.9506,1.1900,-0.2800,0.0700
2026-07-03,15:18:43,239478,0.0029,-0.
0215,-0.9570,1.2600,-0.4900,0.2100
2026-07-03,15:18:43,239573,0.0063,-0.0200,-0.9570,1.2600,-0.6300,0.0700
2026-07-03,15:18:43,239673,0.0049,-0.0205,-0.9521,1.1900,-0.7000,0.2100
2026-07-03,15:18:43,239773,0.0054,-0.0215,-0.9531,1.2600,-0.56
00,0.1400
2026-07-03,15:18:43,239873,0.0068,-0.0220,-0.9531,1.3300,-0.4200,0.1400
2026-07-03,15:18:43,239973,0.0049,-0.0210,-0.9540,1.1900,-0.4900,0.0700
2026-07-03,15:18:44,240073,0.0049,-0.0200,-0.9555,1.1900,-0.6300,0.2800
2026-07-03,15:
18:44,240178,0.0054,-0.0210,-0.9540,1.1900,-0.4900,0.1400
2026-07-03,15:18:44,240273,0.0054,-0.0224,-0.9565,1.2600,-0.6300,0.1400
2026-07-03,15:18:44,240373,0.0044,-0.0210,-0.9570,1.2600,-0.5600,0.1400
2026-07-03,15:18:44,240473,0.0049,-0.02
20,-0.9570,1.2600,-0.4900,0.1400
2026-07-03,15:18:44,240573,0.0068,-0.0185,-0.9550,1.2600,-0.6300,0.1400
2026-07-03,15:18:44,240673,0.0073,-0.0200,-0.9570,1.2600,-0.5600,0.2100
2026-07-03,15:18:44,240777,0.0059,-0.0210,-0.9545,1.1900,-0.5600
,0.2100
2026-07-03,15:18:44,240877,0.0083,-0.0229,-0.9614,1.3300,-0.6300,0.1400
2026-07-03,15:18:44,240973,0.0049,-0.0195,-0.9555,1.1900,-0.5600,0.1400
2026-07-03,15:18:45,241073,0.0073,-0.0205,-0.9570,1.2600,-0.5600,0.1400
2026-07-03,15:18
:45,241173,0.0034,-0.0200,-0.9531,1.2600,-0.4900,0.0700
2026-07-03,15:18:45,241273,0.0039,-0.0205,-0.9604,1.3300,-0.5600,0.2100
2026-07-03,15:18:45,241373,0.0044,-0.0224,-0.9550,1.1200,-0.5600,0.2100
2026-07-03,15:18:45,241473,0.0073,-0.0200
,-0.9545,1.2600,-0.4900,0.1400
2026-07-03,15:18:45,241578,0.0054,-0.0210,-0.9560,1.2600,-0.4900,0.0700
2026-07-03,15:18:45,241673,0.0059,-0.0210,-0.9594,1.1900,-0.4200,0.1400
2026-07-03,15:18:45,241773,0.0068,-0.0215,-0.9540,1.2600,-0.6300,0
.2100
2026-07-03,15:18:45,241873,0.0039,-0.0185,-0.9540,1.2600,-0.5600,0.0700
2026-07-03,15:18:45,241973,0.0039,-0.0195,-0.9555,1.1200,-0.7700,0.0700
2026-07-03,15:18:46,242073,0.0024,-0.0210,-0.9545,1.1900,-0.4200,0.1400
2026-07-03,15:18:4
6,242173,0.0068,-0.0205,-0.9550,1.1900,-0.6300,0.0700
2026-07-03,15:18:46,242278,0.0049,-0.0215,-0.9565,1.1900,-0.5600,0.1400
2026-07-03,15:18:46,242373,0.0063,-0.0195,-0.9550,1.2600,-0.4900,0.2100
2026-07-03,15:18:46,242473,0.0039,-0.0205,-
0.9555,1.1900,-0.4200,0.1400
2026-07-03,15:18:46,242573,0.0063,-0.0200,-0.9516,1.2600,-0.5600,0.1400
2026-07-03,15:18:46,242673,0.0039,-0.0205,-0.9545,1.1900,-0.4900,0.1400
2026-07-03,15:18:46,242773,0.0059,-0.0205,-0.9545,1.1900,-0.5600,0.1
400
2026-07-03,15:18:46,242873,0.0049,-0.0224,-0.9579,1.2600,-0.4900,0.1400
2026-07-03,15:18:46,242978,0.0063,-0.0210,-0.9555,1.2600,-0.4200,0.2100
2026-07-03,15:18:47,243073,0.0063,-0.0195,-0.9555,1.1900,-0.4900,0.1400
2026-07-03,15:18:47,
243173,0.0059,-0.0215,-0.9560,1.2600,-0.4900,0.2100
2026-07-03,15:18:47,243273,0.0063,-0.0220,-0.9555,1.1900,-0.6300,0.1400
2026-07-03,15:18:47,243373,0.0059,-0.0195,-0.9531,1.1900,-0.5600,0.1400
2026-07-03,15:18:47,243473,0.0073,-0.0215,-0.
9540,1.1900,-0.5600,0.1400
2026-07-03,15:18:47,243573,0.0059,-0.0190,-0.9540,1.2600,-0.4900,0.1400
2026-07-03,15:18:47,243678,0.0054,-0.0205,-0.9555,1.2600,-0.4200,0.2100
2026-07-03,15:18:47,243773,0.0054,-0.0200,-0.9540,1.1900,-0.5600,0.140
0
2026-07-03,15:18:47,243873,0.0059,-0.0195,-0.9545,1.2600,-0.4900,0.1400
2026-07-03,15:18:47,243973,0.0078,-0.0210,-0.9584,1.1900,-0.4200,0.0700
2026-07-03,15:18:48,244073,0.0044,-0.0229,-0.9565,1.2600,-0.5600,0.1400
2026-07-03,15:18:48,24
4173,0.0049,-0.0200,-0.9536,1.1900,-0.6300,0.0700
2026-07-03,15:18:48,244273,0.0059,-0.0200,-0.9555,1.1900,-0.5600,0.1400
2026-07-03,15:18:48,244377,0.0049,-0.0200,-0.9550,1.2600,-0.6300,0.1400
2026-07-03,15:18:48,244473,0.0054,-0.0205,-0.95
40,1.1900,-0.4900,0.2800
2026-07-03,15:18:48,244573,0.0034,-0.0195,-0.9540,1.1900,-0.4200,0.2100
2026-07-03,15:18:48,244673,0.0059,-0.0205,-0.9550,1.1900,-0.4900,0.1400
2026-07-03,15:18:48,244773,0.0063,-0.0210,-0.9555,1.1900,-0.5600,0.2800
2026-07-03,15:18:48,244873,0.0039,-0.0215,-0.9550,1.2600,-0.4200,0.1400
2026-07-03,15:18:48,244973,0.0049,-0.0200,-0.9560,1.2600,-0.6300,0.0700
2026-07-03,15:18:49,245078,0.0044,-0.0215,-0.9540,1.1900,-0.4900,0.1400
2026-07-03,15:18:49,2451
73,0.0063,-0.0195,-0.9555,1.1900,-0.6300,0.1400
2026-07-03,15:18:49,245273,0.0044,-0.0205,-0.9545,1.2600,-0.4900,0.1400
2026-07-03,15:18:49,245373,0.0054,-0.0210,-0.9545,1.2600,-0.4900,0.2100
2026-07-03,15:18:49,245473,0.0044,-0.0185,-0.9555
,1.2600,-0.6300,0.2100
2026-07-03,15:18:49,245573,0.0068,-0.0205,-0.9545,1.3300,-0.6300,0.1400
2026-07-03,15:18:49,245673,0.0049,-0.0215,-0.9560,1.2600,-0.5600,0.1400
2026-07-03,15:18:49,245779,0.0073,-0.0181,-0.9536,1.1200,-0.7000,0.1400
2
026-07-03,15:18:49,245873,0.0073,-0.0234,-0.9550,1.1900,-0.5600,0.1400
2026-07-03,15:18:49,245973,0.0039,-0.0205,-0.9540,1.1900,-0.4900,0.1400
2026-07-03,15:18:50,246073,0.0063,-0.0205,-0.9545,1.2600,-0.6300,0.0700
2026-07-03,15:18:50,246173
,0.0054,-0.0215,-0.9545,1.2600,-0.5600,0.2100
2026-07-03,15:18:50,246273,0.0073,-0.0200,-0.9570,1.0500,-0.5600,0.1400
2026-07-03,15:18:50,246373,0.0044,-0.0195,-0.9560,1.1900,-0.4200,0.2100
2026-07-03,15:18:50,246478,0.0068,-0.0190,-0.9550,1
.3300,-0.5600,0.0700
2026-07-03,15:18:50,246573,0.0034,-0.0210,-0.9560,1.1900,-0.6300,0.0700
2026-07-03,15:18:50,246673,0.0078,-0.0200,-0.9545,1.2600,-0.5600,0.1400
2026-07-03,15:18:50,246773,0.0059,-0.0205,-0.9540,1.1200,-0.5600,0.1400
202
6-07-03,15:18:50,246873,0.0063,-0.0200,-0.9555,1.1900,-0.4200,0.0700
2026-07-03,15:18:50,246973,0.0078,-0.0224,-0.9545,1.1900,-0.5600,0.0700
2026-07-03,15:18:51,247073,0.0034,-0.0195,-0.9531,1.2600,-0.6300,0.1400
2026-07-03,15:18:51,247178,0
.0078,-0.0190,-0.9545,1.1900,-0.4900,0.2100
2026-07-03,15:18:51,247273,0.0068,-0.0205,-0.9555,1.1900,-0.5600,0.1400
2026-07-03,15:18:51,247373,0.0073,-0.0210,-0.9531,1.2600,-0.4200,0.1400
2026-07-03,15:18:51,247473,0.0044,-0.0205,-0.9565,1.1
900,-0.4200,0.1400
2026-07-03,15:18:51,247573,0.0054,-0.0234,-0.9560,1.2600,-0.4900,0.2800
2026-07-03,15:18:51,247673,0.0063,-0.0224,-0.9536,1.2600,-0.5600,0.1400
2026-07-03,15:18:51,247773,0.0044,-0.0205,-0.9550,1.2600,-0.4200,0.2100
2026-
07-03,15:18:51,247877,0.0029,-0.0171,-0.9555,1.2600,-0.4900,0.1400
2026-07-03,15:18:51,247973,0.0073,-0.0205,-0.9545,1.1900,-0.6300,0.0700
2026-07-03,15:18:52,248073,0.0029,-0.0220,-0.9555,1.2600,-0.5600,0.1400
2026-07-03,15:18:52,248173,0.0
068,-0.0200,-0.9545,1.2600,-0.7000,0.0000
2026-07-03,15:18:52,248273,0.0059,-0.0215,-0.9545,1.2600,-0.4900,0.1400
2026-07-03,15:18:52,248373,0.0078,-0.0210,-0.9550,1.2600,-0.6300,0.1400
2026-07-03,15:18:52,248473,0.0049,-0.0200,-0.9550,1.330
0,-0.4900,0.1400
2026-07-03,15:18:52,248578,0.0063,-0.0185,-0.9536,1.2600,-0.4900,0.1400
2026-07-03,15:18:52,248673,0.0024,-0.0220,-0.9536,1.2600,-0.4200,0.1400
2026-07-03,15:18:52,248773,0.0054,-0.0210,-0.9555,1.1900,-0.5600,0.1400
2026-07
-03,15:18:52,248873,0.0024,-0.0215,-0.9560,1.2600,-0.4900,0.0700
2026-07-03,15:18:52,248973,0.0063,-0.0210,-0.9545,1.2600,-0.6300,0.1400
2026-07-03,15:18:53,249073,0.0063,-0.0200,-0.9531,1.3300,-0.6300,0.1400
2026-07-03,15:18:53,249173,0.005
9,-0.0200,-0.9550,1.2600,-0.5600,0.2100
2026-07-03,15:18:53,249278,0.0063,-0.0215,-0.9531,1.2600,-0.4900,0.0700
2026-07-03,15:18:53,249373,0.0054,-0.0210,-0.9560,1.1900,-0.4900,0.1400
2026-07-03,15:18:53,249473,0.0049,-0.0195,-0.9550,1.1900,
-0.4900,0.1400
2026-07-03,15:18:53,249573,0.0073,-0.0210,-0.9575,1.1900,-0.5600,0.1400
2026-07-03,15:18:53,249673,0.0024,-0.0195,-0.9521,1.2600,-0.4200,0.1400
2026-07-03,15:18:53,249773,0.0063,-0.0205,-0.9536,1.2600,-0.6300,0.1400
2026-07-0
3,15:18:53,249873,0.0073,-0.0210,-0.9545,1.1200,-0.6300,0.2100
2026-07-03,15:18:53,249978,0.0063,-0.0195,-0.9540,1.1900,-0.6300,0.1400
2026-07-03,15:18:54,250073,0.0059,-0.0229,-0.9565,1.1900,-0.4900,0.1400
2026-07-03,15:18:54,250173,0.0063,
-0.0224,-0.9560,1.1900,-0.6300,0.0700
2026-07-03,15:18:54,250273,0.0044,-0.0205,-0.9565,1.1900,-0.5600,0.1400
2026-07-03,15:18:54,250373,0.0059,-0.0210,-0.9575,1.2600,-0.5600,0.1400
2026-07-03,15:18:54,250473,0.0073,-0.0205,-0.9545,1.2600,-0
.5600,0.0000
2026-07-03,15:18:54,250573,0.0059,-0.0205,-0.9531,1.1900,-0.4900,0.0700
2026-07-03,15:18:54,250678,0.0068,-0.0220,-0.9565,1.1900,-0.4900,0.1400
2026-07-03,15:18:54,250777,0.0054,-0.0205,-0.9550,1.2600,-0.6300,0.1400
2026-07-03,
15:18:54,250873,0.0063,-0.0185,-0.9565,1.1900,-0.5600,0.0700
2026-07-03,15:18:54,250973,0.0073,-0.0220,-0.9545,1.1900,-0.5600,0.1400
2026-07-03,15:18:55,251073,0.0068,-0.0229,-0.9540,1.3300,-0.5600,0.0700
2026-07-03,15:18:55,251173,0.0054,-0
.0215,-0.9545,1.2600,-0.6300,0.0700
2026-07-03,15:18:55,251273,0.0059,-0.0181,-0.9633,1.1900,-0.4900,0.1400
2026-07-03,15:18:55,251378,0.0015,-0.0268,-0.9609,1.3300,-0.4900,0.0700
2026-07-03,15:18:55,251473,0.0054,-0.0190,-0.9540,1.1900,-0.4
200,0.2100
2026-07-03,15:18:55,251573,0.0098,-0.0176,-0.9540,1.2600,-0.5600,0.2100
2026-07-03,15:18:55,251673,0.0068,-0.0195,-0.9579,1.2600,-0.6300,0.2100
2026-07-03,15:18:55,251773,0.0049,-0.0205,-0.9536,1.1900,-0.7000,0.0700
2026-07-03,15
:18:55,251873,0.0078,-0.0224,-0.9560,1.2600,-0.5600,0.1400
2026-07-03,15:18:55,251973,0.0044,-0.0210,-0.9545,1.1900,-0.5600,0.1400
2026-07-03,15:18:56,252078,0.0044,-0.0224,-0.9540,1.2600,-0.4200,0.1400
2026-07-03,15:18:56,252173,0.0054,-0.0
215,-0.9536,1.2600,-0.5600,0.1400
2026-07-03,15:18:56,252273,0.0068,-0.0195,-0.9540,1.2600,-0.6300,0.1400
2026-07-03,15:18:56,252373,0.0063,-0.0190,-0.9536,1.2600,-0.4900,0.2100
2026-07-03,15:18:56,252473,0.0059,-0.0205,-0.9570,1.2600,-0.560
0,0.2100
2026-07-03,15:18:56,252573,0.0059,-0.0195,-0.9540,1.1900,-0.5600,0.0700
2026-07-03,15:18:56,252673,0.0039,-0.0181,-0.9540,1.1900,-0.4900,0.2100
2026-07-03,15:18:56,252778,0.0059,-0.0181,-0.9633,1.2600,-0.4900,0.1400
2026-07-03,15:1
8:56,252873,0.0059,-0.0151,-0.9506,1.2600,-0.4900,0.1400
2026-07-03,15:18:56,252973,0.0107,-0.0210,-0.9653,1.2600,-0.6300,0.2100
2026-07-03,15:18:57,253073,0.0098,-0.0146,-0.9462,1.2600,-0.5600,0.1400
2026-07-03,15:18:57,253173,0.0068,-0.021
5,-0.9579,1.2600,-0.4900,0.0700
2026-07-03,15:18:57,253273,0.0049,-0.0190,-0.9570,1.2600,-0.6300,0.1400
2026-07-03,15:18:57,253373,0.0044,-0.0220,-0.9555,1.1900,-0.7000,0.1400
2026-07-03,15:18:57,253473,0.0039,-0.0195,-0.9575,1.2600,-0.6300,
0.1400
2026-07-03,15:18:57,253573,0.0078,-0.0205,-0.9423,1.3300,-0.4900,0.0700
2026-07-03,15:18:57,253673,0.0112,-0.0254,-0.9492,1.1900,-0.2800,0.0700
2026-07-03,15:18:57,253773,0.0059,-0.0171,-0.9594,1.1900,-0.4200,0.1400
2026-07-03,15:18:
57,253873,0.0068,-0.0176,-0.9536,1.2600,-0.4900,0.2100
2026-07-03,15:18:57,253973,0.0063,-0.0200,-0.9560,1.1900,-0.5600,0.1400
2026-07-03,15:18:58,254073,0.0039,-0.0195,-0.9521,1.1200,-0.5600,0.1400
2026-07-03,15:18:58,254173,0.0034,-0.0220,
-0.9570,1.2600,-0.5600,0.2800
2026-07-03,15:18:58,254273,0.0063,-0.0215,-0.9526,1.1900,-0.5600,0.0700
2026-07-03,15:18:58,254373,0.0039,-0.0220,-0.9540,1.1900,-0.5600,0.1400
2026-07-03,15:18:58,254473,0.0044,-0.0205,-0.9545,1.2600,-0.4200,0.
1400
2026-07-03,15:18:58,254573,0.0049,-0.0210,-0.9555,1.2600,-0.5600,0.0700
2026-07-03,15:18:58,254673,0.0049,-0.0220,-0.9555,1.2600,-0.4900,0.0700
2026-07-03,15:18:58,254773,0.0068,-0.0195,-0.9540,1.2600,-0.6300,0.1400
2026-07-03,15:18:58
,254873,0.0034,-0.0210,-0.9540,1.1200,-0.5600,0.1400
2026-07-03,15:18:58,254973,0.0034,-0.0195,-0.9511,1.3300,-0.5600,0.1400
2026-07-03,15:18:59,255073,0.0059,-0.0220,-0.9575,1.1900,-0.4200,0.1400
2026-07-03,15:18:59,255173,0.0068,-0.0190,-0
.9555,1.2600,-0.4900,0.2100
2026-07-03,15:18:59,255273,0.0063,-0.0195,-0.9526,1.1900,-0.4900,0.1400
2026-07-03,15:18:59,255373,0.0049,-0.0205,-0.9526,1.2600,-0.4900,0.1400
2026-07-03,15:18:59,255473,0.0063,-0.0200,-0.9540,1.1900,-0.5600,0.21
00
2026-07-03,15:18:59,255573,0.0063,-0.0210,-0.9540,1.2600,-0.4900,0.1400
2026-07-03,15:18:59,255673,0.0044,-0.0205,-0.9536,1.1900,-0.4900,0.1400
2026-07-03,15:18:59,255777,0.0049,-0.0195,-0.9536,1.2600,-0.4900,0.1400
2026-07-03,15:18:59,2
55873,0.0044,-0.0200,-0.9560,1.2600,-0.4900,0.1400
2026-07-03,15:18:59,255973,0.0054,-0.0210,-0.9550,1.1900,-0.4900,0.1400
2026-07-03,15:19:00,256073,0.0049,-0.0205,-0.9545,1.2600,-0.5600,0.0700
2026-07-03,15:19:00,256173,0.0093,-0.0205,-0.9
589,1.1900,-0.5600,0.1400
2026-07-03,15:19:00,256273,0.0054,-0.0195,-0.9540,1.1900,-0.6300,0.0700
2026-07-03,15:19:00,256373,0.0054,-0.0224,-0.9545,1.2600,-0.5600,0.2100
2026-07-03,15:19:00,256473,0.0044,-0.0215,-0.9560,1.2600,-0.5600,0.1400
2026-07-03,15:19:00,256573,0.0034,-0.0205,-0.9555,1.2600,-0.7000,0.1400
2026-07-03,15:19:00,256673,0.0059,-0.0181,-0.9550,1.1900,-0.4900,0.2100
2026-07-03,15:19:00,256773,0.0093,-0.0210,-0.9555,1.1900,-0.5600,0.0700
2026-07-03,15:19:00,256
873,0.0054,-0.0181,-0.9555,1.2600,-0.4900,0.0700
2026-07-03,15:19:00,256973,0.0054,-0.0224,-0.9584,1.2600,-0.4900,0.0700
2026-07-03,15:19:01,257073,0.0054,-0.0200,-0.9545,1.1900,-0.6300,0.1400
2026-07-03,15:19:01,257173,0.0029,-0.0210,-0.955
0,1.2600,-0.4900,0.0700
2026-07-03,15:19:01,257273,0.0044,-0.0200,-0.9516,1.2600,-0.4900,0.1400
2026-07-03,15:19:01,257373,0.0054,-0.0190,-0.9555,1.1900,-0.6300,0.2100
2026-07-03,15:19:01,257473,0.0029,-0.0185,-0.9560,1.1900,-0.5600,0.1400
2026-07-03,15:19:01,257573,0.0044,-0.0220,-0.9531,1.2600,-0.5600,0.2100
2026-07-03,15:19:01,257673,0.0059,-0.0200,-0.9579,1.1900,-0.5600,0.1400
2026-07-03,15:19:01,257773,0.0059,-0.0181,-0.9540,1.1900,-0.6300,0.0700
2026-07-03,15:19:01,25787
3,0.0039,-0.0205,-0.9550,1.1900,-0.4900,0.0700
2026-07-03,15:19:01,257973,0.0049,-0.0195,-0.9536,1.2600,-0.5600,0.1400
2026-07-03,15:19:02,258073,0.0020,-0.0205,-0.9536,1.2600,-0.4900,0.2100
2026-07-03,15:19:02,258173,0.0044,-0.0200,-0.9550,
1.2600,-0.6300,0.1400
2026-07-03,15:19:02,258273,0.0059,-0.0200,-0.9550,1.2600,-0.4200,0.1400
2026-07-03,15:19:02,258373,0.0054,-0.0205,-0.9550,1.2600,-0.5600,0.1400
2026-07-03,15:19:02,258473,0.0054,-0.0210,-0.9521,1.2600,-0.4900,0.1400
20
26-07-03,15:19:02,258573,0.0059,-0.0229,-0.9560,1.2600,-0.5600,0.2100
2026-07-03,15:19:02,258673,0.0029,-0.0176,-0.9575,1.1900,-0.5600,0.0700
2026-07-03,15:19:02,258773,0.0063,-0.0190,-0.9584,1.2600,-0.6300,0.0700
2026-07-03,15:19:02,258873,
0.0044,-0.0210,-0.9540,1.1200,-0.4900,0.1400
2026-07-03,15:19:02,258973,0.0063,-0.0205,-0.9531,1.2600,-0.6300,0.0700
2026-07-03,15:19:03,259073,0.0063,-0.0210,-0.9526,1.2600,-0.6300,0.2100
2026-07-03,15:19:03,259173,0.0059,-0.0181,-0.9575,1.
2600,-0.5600,0.1400
2026-07-03,15:19:03,259273,0.0049,-0.0215,-0.9536,1.1900,-0.6300,0.2100
2026-07-03,15:19:03,259373,0.0039,-0.0215,-0.9555,1.1900,-0.5600,0.1400
2026-07-03,15:19:03,259473,0.0049,-0.0176,-0.9540,1.1900,-0.5600,0.2100
2026
-07-03,15:19:03,259573,0.0059,-0.0220,-0.9560,1.2600,-0.6300,0.0700
2026-07-03,15:19:03,259673,0.0044,-0.0215,-0.9555,1.1900,-0.4900,0.1400
2026-07-03,15:19:03,259773,0.0054,-0.0215,-0.9570,1.1900,-0.6300,0.1400
2026-07-03,15:19:03,259873,0.
0049,-0.0224,-0.9516,1.1900,-0.4200,0.2100
2026-07-03,15:19:03,259973,0.0059,-0.0200,-0.9550,1.1900,-0.5600,0.1400
2026-07-03,15:19:04,260073,0.0063,-0.0190,-0.9550,1.2600,-0.5600,0.0700
2026-07-03,15:19:04,260173,0.0044,-0.0210,-0.9531,1.19
00,-0.7000,0.0700
2026-07-03,15:19:04,260273,0.0054,-0.0220,-0.9477,1.1900,-0.6300,0.1400
2026-07-03,15:19:04,260373,0.0039,-0.0215,-0.9599,1.2600,-0.7000,0.0700
2026-07-03,15:19:04,260473,0.0049,-0.0200,-0.9540,1.3300,-0.6300,0.1400
2026-0
7-03,15:19:04,260573,0.0068,-0.0205,-0.9565,1.1900,-0.7000,0.1400
2026-07-03,15:19:04,260673,0.0049,-0.0205,-0.9545,1.2600,-0.5600,0.1400
2026-07-03,15:19:04,260777,0.0068,-0.0205,-0.9540,1.2600,-0.3500,0.0700
2026-07-03,15:19:04,260873,0.00
59,-0.0195,-0.9536,1.2600,-0.6300,0.1400
2026-07-03,15:19:04,260973,0.0044,-0.0205,-0.9560,1.2600,-0.4900,0.1400
2026-07-03,15:19:05,261073,0.0054,-0.0190,-0.9536,1.1900,-0.5600,0.1400
2026-07-03,15:19:05,261173,0.0049,-0.0195,-0.9540,1.1900
,-0.4200,0.1400
2026-07-03,15:19:05,261273,0.0044,-0.0181,-0.9560,1.2600,-0.4900,0.1400
2026-07-03,15:19:05,261373,0.0063,-0.0210,-0.9540,1.1200,-0.4200,0.2100
2026-07-03,15:19:05,261473,0.0054,-0.0195,-0.9536,1.1900,-0.4900,0.1400
2026-07-
03,15:19:05,261573,0.0068,-0.0215,-0.9570,1.2600,-0.5600,0.1400
2026-07-03,15:19:05,261673,0.0044,-0.0190,-0.9511,1.1900,-0.5600,0.0700
2026-07-03,15:19:05,261773,0.0039,-0.0220,-0.9550,1.2600,-0.4200,0.1400
2026-07-03,15:19:05,261873,0.0029
,-0.0205,-0.9589,1.2600,-0.4900,0.1400
2026-07-03,15:19:05,261973,0.0049,-0.0224,-0.9565,1.2600,-0.4200,0.1400
2026-07-03,15:19:06,262073,0.0068,-0.0195,-0.9531,1.2600,-0.4900,0.2100
2026-07-03,15:19:06,262173,0.0049,-0.0190,-0.9526,1.2600,-
0.6300,0.0700
2026-07-03,15:19:06,262273,0.0024,-0.0181,-0.9545,1.2600,-0.4900,0.1400
2026-07-03,15:19:06,262373,0.0044,-0.0190,-0.9540,1.1900,-0.4200,0.0700
2026-07-03,15:19:06,262473,0.0054,-0.0195,-0.9521,1.3300,-0.4200,0.1400
2026-07-03
,15:19:06,262573,0.0073,-0.0220,-0.9550,1.1900,-0.5600,0.1400
2026-07-03,15:19:06,262673,0.0054,-0.0195,-0.9540,1.2600,-0.4900,0.1400
2026-07-03,15:19:06,262773,0.0044,-0.0200,-0.9540,1.1900,-0.5600,0.1400
2026-07-03,15:19:06,262873,0.0068,-
0.0210,-0.9560,1.3300,-0.5600,0.1400
2026-07-03,15:19:06,262973,0.0073,-0.0185,-0.9550,1.2600,-0.5600,0.2100
2026-07-03,15:19:07,263073,0.0049,-0.0210,-0.9555,1.1900,-0.5600,0.0000
2026-07-03,15:19:07,263173,0.0063,-0.0200,-0.9540,1.2600,-0.
6300,0.2100
2026-07-03,15:19:07,263273,0.0054,-0.0181,-0.9560,1.2600,-0.4900,0.1400
2026-07-03,15:19:07,263373,0.0068,-0.0190,-0.9550,1.1900,-0.5600,0.2100
2026-07-03,15:19:07,263473,0.0063,-0.0200,-0.9555,1.1900,-0.5600,0.0700
2026-07-03,1
5:19:07,263573,0.0059,-0.0195,-0.9536,1.2600,-0.4900,0.1400
2026-07-03,15:19:07,263673,0.0059,-0.0215,-0.9570,1.1900,-0.5600,0.1400
2026-07-03,15:19:07,263773,0.0020,-0.0229,-0.9550,1.1900,-0.5600,0.2100
2026-07-03,15:19:07,263873,0.0039,-0.
0234,-0.9536,1.2600,-0.4200,0.2100
2026-07-03,15:19:07,263973,0.0044,-0.0190,-0.9545,1.2600,-0.4200,0.1400
2026-07-03,15:19:08,264073,0.0044,-0.0205,-0.9555,1.2600,-0.3500,0.1400
2026-07-03,15:19:08,264173,0.0039,-0.0220,-0.9540,1.1900,-0.49
00,0.1400
2026-07-03,15:19:08,264273,0.0049,-0.0220,-0.9531,1.2600,-0.4900,0.1400
2026-07-03,15:19:08,264373,0.0073,-0.0195,-0.9536,1.2600,-0.4900,0.1400
2026-07-03,15:19:08,264473,0.0059,-0.0190,-0.9565,1.1200,-0.6300,0.2100
2026-07-03,15:
19:08,264573,0.0049,-0.0229,-0.9575,1.1900,-0.5600,0.1400
2026-07-03,15:19:08,264673,0.0034,-0.0224,-0.9536,1.1900,-0.6300,0.0700
2026-07-03,15:19:08,264773,0.0059,-0.0190,-0.9550,1.2600,-0.4900,0.2100
2026-07-03,15:19:08,264873,0.0039,-0.02
10,-0.9589,1.2600,-0.6300,0.1400
2026-07-03,15:19:08,264973,0.0063,-0.0200,-0.9550,1.2600,-0.6300,0.1400
2026-07-03,15:19:09,265073,0.0054,-0.0195,-0.9545,1.1900,-0.4200,0.1400
2026-07-03,15:19:09,265173,0.0059,-0.0210,-0.9550,1.2600,-0.6300
,0.1400
2026-07-03,15:19:09,265273,0.0059,-0.0195,-0.9540,1.2600,-0.6300,0.1400
2026-07-03,15:19:09,265373,0.0049,-0.0200,-0.9540,1.2600,-0.6300,0.1400
2026-07-03,15:19:09,265473,0.0049,-0.0195,-0.9536,1.1900,-0.4900,0.2100
2026-07-03,15:19
:09,265573,0.0059,-0.0224,-0.9560,1.1900,-0.5600,0.1400
2026-07-03,15:19:09,265673,0.0049,-0.0195,-0.9540,1.2600,-0.5600,0.0700
2026-07-03,15:19:09,265777,0.0034,-0.0220,-0.9575,1.2600,-0.6300,0.1400
2026-07-03,15:19:09,265873,0.0049,-0.0195
,-0.9521,1.1900,-0.5600,0.1400
2026-07-03,15:19:09,265973,0.0049,-0.0215,-0.9540,1.2600,-0.6300,0.0700
2026-07-03,15:19:10,266073,0.0073,-0.0195,-0.9550,1.2600,-0.6300,0.1400
2026-07-03,15:19:10,266173,0.0068,-0.0205,-0.9555,1.2600,-0.4900,0
.2100
2026-07-03,15:19:10,266273,0.0068,-0.0185,-0.9584,1.2600,-0.4200,0.1400
2026-07-03,15:19:10,266373,0.0059,-0.0234,-0.9565,1.3300,-0.4900,0.0700
2026-07-03,15:19:10,266473,0.0034,-0.0224,-0.9604,1.1900,-0.5600,0.1400
2026-07-03,15:19:1
0,266573,0.0039,-0.0210,-0.9521,1.1900,-0.5600,0.1400
2026-07-03,15:19:10,266673,0.0059,-0.0224,-0.9545,1.1900,-0.4900,0.1400
2026-07-03,15:19:10,266773,0.0049,-0.0195,-0.9565,1.1900,-0.5600,0.0700
2026-07-03,15:19:10,266873,0.0054,-0.0190,-
0.9550,1.2600,-0.4900,0.1400
2026-07-03,15:19:10,266973,0.0049,-0.0229,-0.9555,1.1900,-0.4900,0.1400
2026-07-03,15:19:11,267073,0.0054,-0.0205,-0.9555,1.2600,-0.6300,0.2100
2026-07-03,15:19:11,267173,0.0054,-0.0185,-0.9536,1.2600,-0.4200,0.2
100
2026-07-03,15:19:11,267273,0.0054,-0.0195,-0.9540,1.1900,-0.6300,0.1400
2026-07-03,15:19:11,267373,0.0049,-0.0215,-0.9540,1.1900,-0.4200,0.2100
2026-07-03,15:19:11,267473,0.0054,-0.0200,-0.9555,1.1900,-0.5600,0.1400
2026-07-03,15:19:11,
267573,0.0054,-0.0205,-0.9565,1.1900,-0.5600,0.1400
2026-07-03,15:19:11,267673,0.0054,-0.0215,-0.9560,1.2600,-0.6300,0.2100
2026-07-03,15:19:11,267773,0.0073,-0.0195,-0.9545,1.2600,-0.4900,0.1400
2026-07-03,15:19:11,267873,0.0073,-0.0195,-0.
9521,1.2600,-0.5600,0.1400
2026-07-03,15:19:11,267973,0.0044,-0.0224,-0.9560,1.2600,-0.7000,0.1400
2026-07-03,15:19:12,268073,0.0034,-0.0190,-0.9545,1.2600,-0.4200,0.2100
2026-07-03,15:19:12,268173,0.0054,-0.0210,-0.9540,1.2600,-0.4900,0.140
0
2026-07-03,15:19:12,268273,0.0049,-0.0200,-0.9545,1.1200,-0.5600,0.0700
2026-07-03,15:19:12,268373,0.0039,-0.0210,-0.9545,1.2600,-0.4900,0.2100
2026-07-03,15:19:12,268473,0.0049,-0.0215,-0.9555,1.2600,-0.6300,0.1400
2026-07-03,15:19:12,26
8573,0.0068,-0.0205,-0.9536,1.1900,-0.4900,0.2100
2026-07-03,15:19:12,268673,0.0049,-0.0210,-0.9540,1.2600,-0.5600,0.1400
2026-07-03,15:19:12,268773,0.0059,-0.0200,-0.9579,1.3300,-0.6300,0.1400
2026-07-03,15:19:12,268873,0.0054,-0.0195,-0.95
36,1.2600,-0.4900,0.2100
2026-07-03,15:19:12,268973,0.0034,-0.0229,-0.9555,1.2600,-0.4900,0.1400
2026-07-03,15:19:13,269073,0.0044,-0.0195,-0.9550,1.2600,-0.5600,0.1400
2026-07-03,15:19:13,269173,0.0044,-0.0205,-0.9540,1.2600,-0.4900,0.1400
2026-07-03,15:19:13,269273,0.0059,-0.0234,-0.9565,1.1900,-0.5600,0.1400
2026-07-03,15:19:13,269373,0.0024,-0.0210,-0.9555,1.4000,-0.6300,0.1400
2026-07-03,15:19:13,269473,0.0044,-0.0185,-0.9545,1.1900,-0.6300,0.0700
2026-07-03,15:19:13,2695
73,0.0078,-0.0205,-0.9555,1.2600,-0.4200,0.2100
2026-07-03,15:19:13,269673,0.0059,-0.0200,-0.9545,1.1900,-0.4200,0.0700
2026-07-03,15:19:13,269773,0.0063,-0.0210,-0.9550,1.1900,-0.5600,0.1400
2026-07-03,15:19:13,269873,0.0044,-0.0205,-0.9560
,1.1900,-0.5600,0.1400
2026-07-03,15:19:13,269973,0.0054,-0.0205,-0.9565,1.3300,-0.4200,0.2100
2026-07-03,15:19:14,270073,0.0039,-0.0210,-0.9540,1.2600,-0.4900,0.2100
2026-07-03,15:19:14,270173,0.0049,-0.0195,-0.9575,1.1900,-0.5600,0.1400
2
026-07-03,15:19:14,270273,0.0068,-0.0205,-0.9560,1.2600,-0.3500,0.0700
2026-07-03,15:19:14,270373,0.0059,-0.0176,-0.9536,1.1900,-0.6300,0.1400
2026-07-03,15:19:14,270473,0.0059,-0.0220,-0.9579,1.1900,-0.4900,0.1400
2026-07-03,15:19:14,270573
,0.0063,-0.0190,-0.9609,1.1900,-0.5600,0.1400
2026-07-03,15:19:14,270673,0.0073,-0.0151,-0.9511,1.1200,-0.5600,0.2100
2026-07-03,15:19:14,270777,0.0034,-0.0200,-0.9545,1.1900,-0.6300,0.1400
2026-07-03,15:19:14,270873,-0.0132,-0.0342,-0.9443,
0.9800,-0.2800,0.1400
2026-07-03,15:19:14,270973,0.0185,-0.0151,-0.9467,1.1900,-0.4900,0.1400
2026-07-03,15:19:15,271073,0.0083,-0.0215,-0.9526,1.1900,-0.6300,0.2100
2026-07-03,15:19:15,271173,0.0093,-0.0156,-0.9570,1.3300,-0.3500,0.0700
20
26-07-03,15:19:15,271273,0.0005,-0.0215,-0.9550,1.1900,-0.6300,0.1400
2026-07-03,15:19:15,271373,0.0034,-0.0224,-0.9536,1.2600,-0.7000,0.0700
2026-07-03,15:19:15,271473,0.0044,-0.0215,-0.9545,1.2600,-0.4900,0.2100
2026-07-03,15:19:15,271573,
0.0054,-0.0200,-0.9492,1.2600,-0.3500,0.2100
2026-07-03,15:19:15,271673,-0.0488,-0.0488,-0.9589,1.4700,-0.0700,-0.0700
2026-07-03,15:19:15,271773,-0.0132,-0.0078,-0.9184,1.1900,-0.4900,0.3500
2026-07-03,15:19:15,271873,0.0181,-0.0166,-0.9496
,1.2600,-0.5600,0.0700
2026-07-03,15:19:15,271973,-0.0015,-0.0185,-0.9496,1.1200,-0.7700,0.2100
2026-07-03,15:19:16,272073,0.0112,-0.0181,-0.9550,1.3300,-0.4900,0.0700
2026-07-03,15:19:16,272173,-0.0049,-0.0185,-0.9531,1.1200,-0.2100,0.1400
2026-07-03,15:19:16,272273,0.0205,-0.0332,-0.9570,1.1200,-0.6300,0.2100
2026-07-03,15:19:16,272373,-0.0112,-0.0254,-0.9555,1.1900,-0.4900,0.2100
2026-07-03,15:19:16,272473,0.0044,-0.0249,-0.9609,1.1900,-0.4200,0.1400
2026-07-03,15:19:16,272
573,0.0039,-0.0166,-0.9550,1.3300,-0.4200,0.0700
2026-07-03,15:19:16,272673,0.0054,-0.0156,-0.9521,1.3300,-0.5600,0.0700
2026-07-03,15:19:16,272773,-0.0010,-0.0249,-0.9584,1.0500,-0.7700,0.0700
2026-07-03,15:19:16,272873,0.0015,-0.0244,-0.95
55,1.1200,-0.5600,0.1400
2026-07-03,15:19:16,272973,0.0044,-0.0185,-0.9540,1.2600,-0.4200,0.0000
2026-07-03,15:19:17,273073,0.0312,-0.0107,-0.9706,1.6800,-0.5600,0.2800
2026-07-03,15:19:17,273173,0.0029,-0.0224,-0.9701,1.3300,-0.0700,0.0700
2026-07-03,15:19:17,273273,0.0083,-0.0205,-0.9589,1.1900,-0.5600,0.1400
2026-07-03,15:19:17,273373,0.0010,-0.0195,-0.9536,1.2600,-0.7700,0.2100
2026-07-03,15:19:17,273473,-0.0010,-0.0278,-0.9496,1.2600,-0.6300,0.0700
2026-07-03,15:19:17,273
573,-0.0059,-0.0517,-1.1000,1.2600,-0.4200,0.0700
2026-07-03,15:19:17,273673,0.0078,-0.0059,-0.9277,1.5400,-0.3500,0.0000
2026-07-03,15:19:17,273773,0.0020,-0.0166,-0.9374,1.2600,-0.5600,0.1400
2026-07-03,15:19:17,273873,0.0054,-0.0151,-0.95
06,1.3300,-0.4900,0.1400
2026-07-03,15:19:17,273973,0.0107,-0.0205,-0.9579,1.2600,-0.6300,0.0000
2026-07-03,15:19:18,274073,0.0029,-0.0205,-0.9555,1.1900,-0.5600,0.1400
2026-07-03,15:19:18,274173,0.0054,-0.0205,-0.9565,1.2600,-0.6300,0.2100
2026-07-03,15:19:18,274273,0.0327,-0.0156,-0.9784,1.0500,-0.9800,0.3500
2026-07-03,15:19:18,274373,0.0107,-0.0107,-0.9555,1.0500,-0.4900,-0.1400
2026-07-03,15:19:18,274473,-0.0195,-0.0239,-0.9570,1.2600,-0.6300,0.1400
2026-07-03,15:19:18,27
4573,-0.0098,-0.0234,-0.9477,1.3300,-0.5600,0.4200
2026-07-03,15:19:18,274673,0.0107,-0.0254,-0.9536,1.2600,-0.4200,0.1400
2026-07-03,15:19:18,274773,0.0142,-0.0171,-0.9589,1.1900,-0.4200,0.1400
2026-07-03,15:19:18,274873,0.0063,-0.0073,-0.9
428,1.1200,-0.7000,0.1400
2026-07-03,15:19:18,274973,0.0059,-0.0210,-0.9584,1.3300,-0.4900,0.2100
2026-07-03,15:19:19,275073,0.0044,-0.0190,-0.9365,1.1900,-0.6300,0.2800
2026-07-03,15:19:19,275173,0.0010,-0.0195,-0.9560,1.1900,-0.5600,0.2100
2026-07-03,15:19:19,275273,0.0054,-0.0205,-0.9511,1.1900,-0.5600,0.1400
2026-07-03,15:19:19,275373,0.0176,-0.0127,-0.9575,1.1900,-0.4200,0.1400
2026-07-03,15:19:19,275473,0.0137,-0.0200,-0.9575,1.1900,-0.4900,0.1400
2026-07-03,15:19:19,275
573,0.0005,-0.0195,-0.9531,1.1900,-0.6300,0.2100
2026-07-03,15:19:19,275673,-0.0039,-0.0239,-0.9555,1.2600,-0.4900,0.0700
2026-07-03,15:19:19,275777,0.0098,-0.0205,-0.9575,1.3300,-0.4900,0.2100
2026-07-03,15:19:19,275873,0.0083,-0.0190,-0.95
40,1.1900,-0.7700,0.2100
2026-07-03,15:19:19,275973,0.0117,-0.0122,-0.9540,1.2600,-0.4900,0.1400
2026-07-03,15:19:20,276073,0.0034,-0.0224,-0.9570,1.3300,-0.2100,0.1400
2026-07-03,15:19:20,276173,-0.0005,-0.0220,-0.9540,1.3300,-0.4900,0.2100
2026-07-03,15:19:20,276273,0.0024,-0.0195,-0.9540,1.1900,-0.6300,0.1400
2026-07-03,15:19:20,276373,0.0024,-0.0205,-0.9570,1.1900,-0.4900,0.2100
2026-07-03,15:19:20,276473,0.0161,-0.0185,-0.9536,1.1900,-0.6300,0.2100
2026-07-03,15:19:20,276
573,0.0020,-0.0137,-0.9555,1.2600,-0.6300,0.0700
2026-07-03,15:19:20,276673,-0.0005,-0.0268,-0.9570,1.2600,-0.4200,0.2100
2026-07-03,15:19:20,276773,0.0054,-0.0190,-0.9540,1.2600,-0.4900,0.1400
2026-07-03,15:19:20,276873,0.0088,-0.0195,-0.95
36,1.1900,-0.4900,0.1400
2026-07-03,15:19:20,276973,0.0098,-0.0176,-0.9565,1.1900,-0.5600,0.0700
2026-07-03,15:19:21,277073,0.0078,-0.0215,-0.9584,1.2600,-0.8400,0.0700
2026-07-03,15:19:21,277173,0.0024,-0.0161,-0.9511,1.0500,-0.9100,0.2100
2026-07-03,15:19:21,277273,0.0020,-0.0205,-0.9609,1.4000,-0.4200,0.1400
2026-07-03,15:19:21,277373,0.0220,-0.0181,-0.9540,1.2600,-0.7000,0.2100
2026-07-03,15:19:21,277473,0.0146,-0.0122,-0.9555,1.2600,-0.5600,0.0700
2026-07-03,15:19:21,2775
73,0.0156,0.0088,-0.9897,1.3300,-0.8400,0.1400
2026-07-03,15:19:21,277673,-0.0098,-0.0468,-0.9565,1.3300,-0.3500,0.0000
2026-07-03,15:19:21,277773,-0.0112,-0.0322,-0.9526,1.0500,-0.5600,-0.0700
2026-07-03,15:19:21,277873,0.0185,-0.0044,-0.94
72,1.3300,-0.0700,-0.2100
2026-07-03,15:19:21,277973,0.0244,-0.0166,-0.9594,1.2600,-0.7000,0.2100
2026-07-03,15:19:22,278073,-0.0005,-0.0073,-0.9487,1.1900,-0.7000,0.2800
2026-07-03,15:19:22,278173,-0.0098,-0.0356,-0.9584,1.2600,-0.5600,0.07
00
2026-07-03,15:19:22,278273,-0.0063,-0.0322,-0.9658,1.1200,-0.7000,0.2100
2026-07-03,15:19:22,278373,0.0107,-0.0161,-0.9550,1.1200,-0.6300,0.1400
2026-07-03,15:19:22,278473,0.0205,-0.0083,-0.9511,1.2600,-0.7000,0.0000
2026-07-03,15:19:22,
278573,0.0146,-0.0117,-0.9399,1.0500,-0.2800,0.1400
2026-07-03,15:19:22,278673,-0.0107,-0.0098,-0.9672,1.4000,-0.5600,0.2100
2026-07-03,15:19:22,278773,-0.0073,-0.0351,-0.9521,1.3300,-0.4200,0.1400
2026-07-03,15:19:22,278873,0.0107,-0.0239,-
0.9492,1.1200,-0.4900,0.1400
2026-07-03,15:19:22,278973,0.0161,-0.0117,-0.9599,1.2600,-0.4900,0.1400
2026-07-03,15:19:23,279073,0.0239,-0.0044,-0.9467,1.3300,-0.4900,0.1400
2026-07-03,15:19:23,279173,-0.0102,-0.0332,-0.9575,1.2600,-0.4900,0.
0700
2026-07-03,15:19:23,279273,-0.0376,-0.0376,-0.9540,1.2600,-0.5600,0.2800
2026-07-03,15:19:23,279373,0.0073,-0.0278,-0.9555,1.4000,-0.2800,0.2100
2026-07-03,15:19:23,279473,0.0273,-0.0127,-0.9653,1.1900,-0.7700,0.1400
2026-07-03,15:19:2
3,279573,0.0049,-0.0073,-0.9487,1.1200,-0.6300,0.2100
2026-07-03,15:19:23,279673,-0.0059,-0.0283,-0.9623,1.1200,-0.4200,0.1400
2026-07-03,15:19:23,279773,-0.0146,-0.0195,-0.9472,1.1200,-0.7700,0.2800
2026-07-03,15:19:23,279873,0.0068,-0.0137
,-0.9521,1.1900,-0.3500,0.1400
2026-07-03,15:19:23,279973,0.0215,-0.0015,-0.9379,1.3300,-0.3500,0.2100
2026-07-03,15:19:24,280073,0.0254,-0.0473,-0.9697,1.1900,0.0700,-0.2100
2026-07-03,15:19:24,280173,-0.0005,-0.0268,-0.9682,1.1200,-0.7700,
0.0700
2026-07-03,15:19:24,280273,-0.0098,-0.0151,-0.9511,1.2600,-0.5600,0.1400
2026-07-03,15:19:24,280373,0.0054,-0.0229,-0.9540,1.3300,-0.5600,0.2800
2026-07-03,15:19:24,280473,0.0151,-0.0181,-0.9516,1.2600,-0.7000,0.2100
2026-07-03,15:19
:24,280573,0.0068,-0.0142,-0.9545,1.1900,-0.4900,0.0700
2026-07-03,15:19:24,280673,0.0044,-0.0205,-0.9579,1.1200,-0.4900,0.0700
2026-07-03,15:19:24,280777,0.0005,-0.0234,-0.9599,1.2600,-0.4900,0.1400
2026-07-03,15:19:24,280873,0.0039,-0.0234
,-0.9555,1.1900,-0.5600,0.2100
2026-07-03,15:19:24,280973,0.0024,-0.0210,-0.9550,1.1900,-0.4900,0.1400
2026-07-03,15:19:25,281073,0.0039,-0.0229,-0.9555,1.1900,-0.5600,0.1400
2026-07-03,15:19:25,281173,0.0020,-0.0205,-0.9555,1.2600,-0.5600,0
.0700
2026-07-03,15:19:25,281273,0.0049,-0.0195,-0.9555,1.1900,-0.4900,0.2100
2026-07-03,15:19:25,281373,0.0078,-0.0190,-0.9594,1.2600,-0.5600,0.1400
2026-07-03,15:19:25,281473,0.0068,-0.0181,-0.9545,1.1200,-0.4900,0.1400
2026-07-03,15:19:2
5,281573,0.0029,-0.0215,-0.9540,1.2600,-0.6300,0.0700
2026-07-03,15:19:25,281673,0.0044,-0.0200,-0.9492,1.2600,-0.4900,0.1400
2026-07-03,15:19:25,281773,0.0044,-0.0181,-0.9565,1.2600,-0.4900,0.1400
2026-07-03,15:19:25,281873,0.0024,-0.0190,-
0.9506,1.1900,-0.5600,0.1400
2026-07-03,15:19:25,281973,0.0063,-0.0220,-0.9555,1.2600,-0.4200,0.1400
2026-07-03,15:19:26,282073,0.0078,-0.0190,-0.9575,1.2600,-0.5600,0.2100
2026-07-03,15:19:26,282173,0.0049,-0.0190,-0.9531,1.3300,-0.5600,0.0
700
2026-07-03,15:19:26,282273,0.0059,-0.0205,-0.9560,1.1900,-0.5600,0.1400
2026-07-03,15:19:26,282373,0.0044,-0.0215,-0.9550,1.2600,-0.4200,0.2100
2026-07-03,15:19:26,282473,0.0034,-0.0200,-0.9550,1.1900,-0.5600,0.1400
2026-07-03,15:19:26,
282573,0.0059,-0.0176,-0.9550,1.3300,-0.5600,0.1400
2026-07-03,15:19:26,282673,0.0044,-0.0220,-0.9565,1.2600,-0.6300,0.1400
2026-07-03,15:19:26,282773,0.0063,-0.0166,-0.9526,1.1900,-0.5600,0.2100
2026-07-03,15:19:26,282873,0.0039,-0.0078,-0.
9565,1.3300,-0.5600,0.1400
2026-07-03,15:19:26,282973,0.0068,-0.0239,-0.9579,1.3300,-0.5600,0.0700
2026-07-03,15:19:27,283073,0.0020,-0.0259,-0.9536,1.1900,-0.6300,0.0700
2026-07-03,15:19:27,283173,0.0010,-0.0166,-0.9418,1.3300,-0.2100,0.140
0
2026-07-03,15:19:27,283273,0.0044,-0.0205,-0.9609,1.2600,-0.4200,0.2800
2026-07-03,15:19:27,283373,0.0093,-0.0166,-0.9521,1.2600,-0.4900,0.2100
2026-07-03,15:19:27,283473,0.0098,-0.0200,-0.9584,1.2600,-0.4200,0.2100
2026-07-03,15:19:27,28
3573,-0.0024,-0.0171,-0.9921,0.9800,-0.4200,0.1400
2026-07-03,15:19:27,283673,0.0063,-0.0195,-0.9697,1.3300,-0.5600,0.2100
2026-07-03,15:19:27,283773,0.0107,-0.0195,-0.9516,1.1900,-0.4900,0.1400
2026-07-03,15:19:27,283873,0.0073,-0.0185,-0.9
550,1.1200,-0.4900,0.0700
2026-07-03,15:19:27,283973,0.0054,-0.0190,-0.9540,1.1900,-0.5600,0.1400
2026-07-03,15:19:28,284073,0.0034,-0.0200,-0.9531,1.1900,-0.5600,0.1400
2026-07-03,15:19:28,284173,0.0044,-0.0190,-0.9526,1.2600,-0.4900,0.1400
2026-07-03,15:19:28,284273,0.0054,-0.0205,-0.9526,1.2600,-0.6300,0.0700
2026-07-03,15:19:28,284373,0.0073,-0.0205,-0.9545,1.2600,-0.6300,0.1400
2026-07-03,15:19:28,284473,0.0049,-0.0185,-0.9526,1.2600,-0.5600,0.1400
2026-07-03,15:19:28,284
573,0.0068,-0.0181,-0.9555,1.2600,-0.4900,0.2100
2026-07-03,15:19:28,284673,0.0063,-0.0210,-0.9555,1.2600,-0.5600,0.1400
2026-07-03,15:19:28,284773,0.0034,-0.0205,-0.9555,1.2600,-0.4900,0.1400
2026-07-03,15:19:28,284873,0.0029,-0.0210,-0.953
6,1.2600,-0.4200,0.1400
2026-07-03,15:19:28,284973,0.0039,-0.0205,-0.9526,1.2600,-0.4900,0.1400
2026-07-03,15:19:29,285073,0.0039,-0.0185,-0.9492,1.2600,-0.4200,0.1400
2026-07-03,15:19:29,285173,0.0044,-0.0161,-0.9516,1.2600,-0.4900,0.1400
2026-07-03,15:19:29,285273,0.0063,-0.0220,-0.9570,1.1900,-0.7000,0.1400
2026-07-03,15:19:29,285373,0.0054,-0.0268,-0.9618,1.2600,-0.7700,0.1400
2026-07-03,15:19:29,285473,0.0029,-0.0205,-0.9506,1.3300,-0.4900,0.1400
2026-07-03,15:19:29,28557
3,0.0015,-0.0166,-0.9521,1.2600,-0.5600,0.0700
2026-07-03,15:19:29,285673,0.0068,-0.0185,-0.9550,1.1900,-0.4900,0.1400
2026-07-03,15:19:29,285777,0.0049,-0.0205,-0.9487,1.1900,-0.4900,0.0700
2026-07-03,15:19:29,285873,0.0000,-0.0190,-0.9536,
1.2600,-0.6300,0.1400
2026-07-03,15:19:29,285973,-0.1230,-0.0205,-0.9516,1.1900,-0.4900,0.2100
2026-07-03,15:19:30,286073,0.0039,-0.0200,-0.9565,1.1200,-0.4900,0.1400
2026-07-03,15:19:30,286173,0.0049,-0.0195,-0.9540,1.1900,-0.4900,0.0700
2
026-07-03,15:19:30,286273,0.0039,-0.0195,-0.9540,1.1900,-0.4900,0.1400
2026-07-03,15:19:30,286373,0.0044,-0.0200,-0.9545,1.1200,-0.6300,0.1400
2026-07-03,15:19:30,286473,0.0049,-0.0176,-0.9540,1.1900,-0.4900,0.1400
2026-07-03,15:19:30,286573
,0.0039,-0.0195,-0.9516,1.1200,-0.4900,0.1400
2026-07-03,15:19:30,286673,0.0049,-0.0200,-0.9531,1.1900,-0.4200,0.1400
2026-07-03,15:19:30,286773,0.0049,-0.0200,-0.9536,1.2600,-0.5600,0.1400
2026-07-03,15:19:30,286873,0.0063,-0.0215,-0.9531,1
.2600,-0.6300,0.1400
2026-07-03,15:19:30,286973,0.0049,-0.0190,-0.9555,1.1900,-0.7000,0.0700
2026-07-03,15:19:31,287073,0.0068,-0.0200,-0.9575,1.1900,-0.6300,0.2100
2026-07-03,15:19:31,287173,0.0054,-0.0205,-0.9540,1.2600,-0.4900,0.1400
202
6-07-03,15:19:31,287273,0.0054,-0.0200,-0.9555,1.1900,-0.4900,0.0700
2026-07-03,15:19:31,287373,0.0039,-0.0195,-0.9555,1.2600,-0.4900,0.1400
2026-07-03,15:19:31,287473,0.0068,-0.0181,-0.9526,1.1900,-0.4900,0.2100
2026-07-03,15:19:31,287573,0
.0029,-0.0185,-0.9550,1.1900,-0.5600,0.2100
2026-07-03,15:19:31,287673,0.0054,-0.0195,-0.9565,1.1900,-0.5600,0.2100
2026-07-03,15:19:31,287773,0.0015,-0.0195,-0.9565,1.1900,-0.6300,0.1400
2026-07-03,15:19:31,287873,0.0039,-0.0205,-0.9545,1.1
900,-0.4900,0.1400
2026-07-03,15:19:31,287973,0.0063,-0.0176,-0.9545,1.2600,-0.5600,0.1400
2026-07-03,15:19:32,288073,0.0044,-0.0195,-0.9545,1.2600,-0.7000,0.0700
2026-07-03,15:19:32,288173,0.0068,-0.0195,-0.9570,1.1900,-0.5600,0.0700
2026-
07-03,15:19:32,288273,0.0063,-0.0220,-0.9526,1.2600,-0.6300,0.0700
2026-07-03,15:19:32,288373,0.0063,-0.0185,-0.9540,1.1900,-0.5600,0.0700
2026-07-03,15:19:32,288473,0.0034,-0.0215,-0.9545,1.2600,-0.5600,0.2800
2026-07-03,15:19:32,288573,0.0
059,-0.0190,-0.9536,1.1900,-0.4900,0.1400
2026-07-03,15:19:32,288673,0.0054,-0.0200,-0.9550,1.2600,-0.4200,0.1400
2026-07-03,15:19:32,288773,0.0039,-0.0215,-0.9555,1.2600,-0.4200,0.0700
2026-07-03,15:19:32,288873,0.0029,-0.0185,-0.9540,1.190
0,-0.5600,0.0700
2026-07-03,15:19:32,288973,0.0054,-0.0200,-0.9531,1.2600,-0.4900,0.1400
2026-07-03,15:19:33,289073,0.0029,-0.0215,-0.9521,1.2600,-0.5600,0.1400
2026-07-03,15:19:33,289173,0.0049,-0.0215,-0.9555,1.1900,-0.4900,0.1400
2026-07
-03,15:19:33,289273,0.0044,-0.0205,-0.9531,1.3300,-0.4200,0.1400
2026-07-03,15:19:33,289373,0.0063,-0.0210,-0.9545,1.1900,-0.5600,0.1400
2026-07-03,15:19:33,289473,0.0044,-0.0210,-0.9570,1.3300,-0.6300,0.1400
2026-07-03,15:19:33,289573,0.004
9,-0.0210,-0.9550,1.2600,-0.4900,0.1400
2026-07-03,15:19:33,289673,0.0044,-0.0195,-0.9521,1.2600,-0.5600,0.0700
2026-07-03,15:19:33,289773,0.0044,-0.0185,-0.9540,1.2600,-0.5600,0.0700
2026-07-03,15:19:33,289873,0.0039,-0.0185,-0.9545,1.1900,
-0.5600,0.2100
2026-07-03,15:19:33,289973,0.0029,-0.0156,-0.9560,1.3300,-0.6300,0.1400
2026-07-03,15:19:34,290073,0.0034,-0.0205,-0.9550,1.3300,-0.4900,0.1400
2026-07-03,15:19:34,290173,0.0039,-0.0200,-0.9536,1.2600,-0.6300,0.1400
2026-07-0
3,15:19:34,290273,0.0049,-0.0215,-0.9540,1.1900,-0.4900,0.1400
2026-07-03,15:19:34,290373,0.0044,-0.0205,-0.9565,1.1900,-0.5600,0.0700
2026-07-03,15:19:34,290473,0.0068,-0.0234,-0.9550,1.1900,-0.5600,0.1400
2026-07-03,15:19:34,290573,0.0049,
-0.0190,-0.9560,1.1900,-0.4200,0.1400
2026-07-03,15:19:34,290673,0.0034,-0.0200,-0.9565,1.1900,-0.5600,0.1400
2026-07-03,15:19:34,290777,0.0059,-0.0220,-0.9536,1.2600,-0.4900,0.1400
2026-07-03,15:19:34,290873,0.0063,-0.0185,-0.9550,1.1900,-0
.4900,0.2100
2026-07-03,15:19:34,290973,0.0049,-0.0185,-0.9536,1.2600,-0.4900,0.1400
2026-07-03,15:19:35,291073,0.0049,-0.0224,-0.9555,1.1900,-0.5600,0.1400
2026-07-03,15:19:35,291173,0.0049,-0.0220,-0.9560,1.1900,-0.4900,0.1400
2026-07-03,
15:19:35,291273,0.0054,-0.0200,-0.9565,1.2600,-0.4200,0.2100
2026-07-03,15:19:35,291373,0.0059,-0.0195,-0.9540,1.1900,-0.5600,0.0700
2026-07-03,15:19:35,291473,0.0034,-0.0200,-0.9560,1.2600,-0.4900,0.0700
2026-07-03,15:19:35,291573,0.0054,-0
.0185,-0.9550,1.2600,-0.6300,0.0700
2026-07-03,15:19:35,291673,0.0063,-0.0215,-0.9540,1.2600,-0.7000,0.0700
2026-07-03,15:19:35,291773,0.0044,-0.0200,-0.9555,1.1900,-0.6300,0.1400
2026-07-03,15:19:35,291873,0.0039,-0.0190,-0.9560,1.2600,-0.4
900,0.1400
2026-07-03,15:19:35,291973,0.0044,-0.0205,-0.9540,1.2600,-0.4200,0.1400
2026-07-03,15:19:36,292073,0.0054,-0.0195,-0.9555,1.1900,-0.6300,0.1400
2026-07-03,15:19:36,292173,0.0044,-0.0200,-0.9545,1.1900,-0.5600,0.0700
2026-07-03,15
:19:36,292273,0.0044,-0.0200,-0.9570,1.3300,-0.5600,0.0700
2026-07-03,15:19:36,292373,0.0044,-0.0220,-0.9545,1.2600,-0.4900,0.1400
2026-07-03,15:19:36,292473,0.0054,-0.0176,-0.9536,1.1900,-0.6300,0.1400
2026-07-03,15:19:36,292573,0.0059,-0.0
220,-0.9545,1.2600,-0.5600,0.0700
2026-07-03,15:19:36,292673,0.0049,-0.0220,-0.9565,1.2600,-0.4900,0.1400
2026-07-03,15:19:36,292773,0.0044,-0.0215,-0.9511,1.2600,-0.4900,0.2800
2026-07-03,15:19:36,292873,0.0049,-0.0205,-0.9570,1.1900,-0.560
0,0.1400
2026-07-03,15:19:36,292973,0.0063,-0.0220,-0.9531,1.1900,-0.4900,0.1400
2026-07-03,15:19:37,293073,0.0063,-0.0195,-0.9531,1.2600,-0.4900,0.1400
2026-07-03,15:19:37,293173,0.0078,-0.0200,-0.9540,1.1900,-0.5600,0.2100
2026-07-03,15:1
9:37,293273,0.0063,-0.0185,-0.9536,1.1900,-0.5600,0.1400
2026-07-03,15:19:37,293373,0.0034,-0.0195,-0.9575,1.2600,-0.5600,0.1400
2026-07-03,15:19:37,293473,0.0034,-0.0205,-0.9555,1.1900,-0.7000,0.1400
2026-07-03,15:19:37,293573,0.0039,-0.020
0,-0.9560,1.2600,-0.5600,0.1400
2026-07-03,15:19:37,293673,0.0059,-0.0195,-0.9555,1.2600,-0.5600,0.1400
2026-07-03,15:19:37,293773,0.0029,-0.0200,-0.9540,1.2600,-0.5600,0.0700
2026-07-03,15:19:37,293873,0.0039,-0.0200,-0.9550,1.2600,-0.5600,
0.1400
2026-07-03,15:19:37,293973,0.0044,-0.0200,-0.9570,1.1900,-0.6300,0.0700
2026-07-03,15:19:38,294073,0.0059,-0.0195,-0.9540,1.3300,-0.5600,0.1400
2026-07-03,15:19:38,294173,0.0054,-0.0185,-0.9550,1.3300,-0.4900,0.2100
2026-07-03,15:19:
38,294273,0.0059,-0.0200,-0.9531,1.1900,-0.5600,0.0000
2026-07-03,15:19:38,294373,0.0049,-0.0200,-0.9545,1.1900,-0.5600,0.1400
2026-07-03,15:19:38,294473,0.0044,-0.0195,-0.9536,1.2600,-0.5600,0.0700
2026-07-03,15:19:38,294573,0.0039,-0.0215,
-0.9550,1.1900,-0.6300,0.1400
2026-07-03,15:19:38,294673,0.0049,-0.0224,-0.9560,1.2600,-0.5600,0.1400
2026-07-03,15:19:38,294773,0.0049,-0.0190,-0.9550,1.1900,-0.4900,0.2100
2026-07-03,15:19:38,294873,0.0029,-0.0181,-0.9540,1.1900,-0.5600,0.
1400
2026-07-03,15:19:38,294973,0.0044,-0.0195,-0.9565,1.3300,-0.5600,0.2100
2026-07-03,15:19:39,295073,0.0059,-0.0210,-0.9550,1.2600,-0.4900,0.1400
2026-07-03,15:19:39,295173,0.0034,-0.0185,-0.9531,1.2600,-0.5600,0.1400
2026-07-03,15:19:39
,295273,0.0044,-0.0181,-0.9531,1.1200,-0.6300,0.2100
2026-07-03,15:19:39,295373,0.0034,-0.0195,-0.9560,1.2600,-0.5600,0.1400
2026-07-03,15:19:39,295473,0.0063,-0.0205,-0.9511,1.2600,-0.5600,0.1400
2026-07-03,15:19:39,295573,0.0039,-0.0190,-0
.9521,1.1900,-0.6300,0.1400
2026-07-03,15:19:39,295673,0.0039,-0.0195,-0.9531,1.1900,-0.5600,0.1400
2026-07-03,15:19:39,295777,0.0059,-0.0215,-0.9536,1.2600,-0.6300,0.0700
2026-07-03,15:19:39,295873,0.0034,-0.0210,-0.9545,1.2600,-0.4900,0.14
00
2026-07-03,15:19:39,295973,0.0044,-0.0176,-0.9526,1.1900,-0.4900,0.2100
2026-07-03,15:19:40,296073,0.0039,-0.0190,-0.9536,1.1900,-0.5600,0.0700
2026-07-03,15:19:40,296173,0.0039,-0.0239,-0.9560,1.1900,-0.6300,0.0700
2026-07-03,15:19:40,2
96273,0.0049,-0.0176,-0.9516,1.2600,-0.4900,0.1400
2026-07-03,15:19:40,296373,0.0044,-0.0220,-0.9536,1.2600,-0.6300,0.0700
2026-07-03,15:19:40,296473,0.0044,-0.0190,-0.9540,1.2600,-0.5600,0.2100
2026-07-03,15:19:40,296573,0.0039,-0.0190,-0.9
531,1.1900,-0.5600,0.1400
2026-07-03,15:19:40,296673,0.0049,-0.0205,-0.9550,1.1900,-0.5600,0.0700
2026-07-03,15:19:40,296773,0.0049,-0.0190,-0.9521,1.2600,-0.6300,0.2100
2026-07-03,15:19:40,296873,0.0039,-0.0210,-0.9536,1.2600,-0.5600,0.0700
2026-07-03,15:19:40,296973,0.0039,-0.0205,-0.9526,1.2600,-0.7000,0.0700
2026-07-03,15:19:41,297073,0.0039,-0.0215,-0.9545,1.1900,-0.6300,0.0700
2026-07-03,15:19:41,297173,0.0044,-0.0195,-0.9545,1.3300,-0.4900,0.1400
2026-07-03,15:19:41,297
273,0.0049,-0.0185,-0.9545,1.1900,-0.5600,0.1400
2026-07-03,15:19:41,297373,0.0044,-0.0195,-0.9516,1.2600,-0.5600,0.1400
2026-07-03,15:19:41,297473,0.0029,-0.0195,-0.9545,1.3300,-0.4900,0.2100
2026-07-03,15:19:41,297573,0.0029,-0.0195,-0.954
5,1.2600,-0.6300,0.2800
2026-07-03,15:19:41,297673,0.0034,-0.0205,-0.9536,1.2600,-0.4900,0.2100
2026-07-03,15:19:41,297773,0.0049,-0.0220,-0.9555,1.3300,-0.5600,0.0700
2026-07-03,15:19:41,297873,0.0039,-0.0200,-0.9531,1.1900,-0.6300,0.1400
2026-07-03,15:19:41,297973,0.0044,-0.0205,-0.9540,1.2600,-0.6300,0.0700
2026-07-03,15:19:42,298073,0.0063,-0.0181,-0.9545,1.2600,-0.4900,0.1400
2026-07-03,15:19:42,298173,0.0044,-0.0205,-0.9536,1.1900,-0.5600,0.1400
2026-07-03,15:19:42,29827
3,0.0034,-0.0176,-0.9545,1.1900,-0.4200,0.2100
2026-07-03,15:19:42,298373,0.0068,-0.0171,-0.9560,1.1900,-0.4900,0.2100
2026-07-03,15:19:42,298473,0.0054,-0.0185,-0.9550,1.1900,-0.3500,0.2100
2026-07-03,15:19:42,298573,0.0054,-0.0195,-0.9531,
1.2600,-0.4900,0.1400
2026-07-03,15:19:42,298673,0.0063,-0.0210,-0.9536,1.1900,-0.4900,0.1400
2026-07-03,15:19:42,298773,0.0059,-0.0215,-0.9560,1.1900,-0.5600,0.1400
2026-07-03,15:19:42,298873,0.0044,-0.0200,-0.9555,1.1900,-0.6300,0.2100
20
26-07-03,15:19:42,298973,0.0024,-0.0200,-0.9536,1.1900,-0.5600,0.1400
2026-07-03,15:19:43,299073,0.0039,-0.0195,-0.9555,1.1900,-0.4200,0.1400
2026-07-03,15:19:43,299173,0.0059,-0.0200,-0.9565,1.2600,-0.7700,0.1400
2026-07-03,15:19:43,299273,
0.0068,-0.0190,-0.9526,1.1900,-0.5600,0.1400
2026-07-03,15:19:43,299373,0.0063,-0.0176,-0.9550,1.3300,-0.4900,0.2100
2026-07-03,15:19:43,299473,0.0068,-0.0200,-0.9531,1.3300,-0.4900,0.2100
2026-07-03,15:19:43,299573,0.0049,-0.0185,-0.9526,1.
1900,-0.4900,0.1400
2026-07-03,15:19:43,299673,0.0049,-0.0210,-0.9536,1.2600,-0.4200,0.1400
2026-07-03,15:19:43,299773,0.0034,-0.0176,-0.9560,1.1900,-0.5600,0.0700
2026-07-03,15:19:43,299873,0.0024,-0.0200,-0.9536,1.2600,-0.5600,0.0700
2026
-07-03,15:19:43,299973,0.0054,-0.0190,-0.9531,1.1900,-0.4900,0.0700
2026-07-03,15:19:44,300073,0.0068,-0.0195,-0.9550,1.3300,-0.3500,0.1400
2026-07-03,15:19:44,300173,0.0102,-0.0283,-0.9550,1.0500,-0.7000,0.1400
2026-07-03,15:19:44,300273,0.
0020,-0.0171,-0.9521,1.1900,-0.3500,0.1400
2026-07-03,15:19:44,300373,0.0054,-0.0151,-0.9521,1.3300,-0.4900,0.1400
2026-07-03,15:19:44,300473,0.0059,-0.0229,-0.9550,1.1900,-0.7000,0.1400
2026-07-03,15:19:44,300573,0.0015,-0.0171,-0.9545,1.19
00,-0.6300,0.1400
2026-07-03,15:19:44,300673,-0.0029,-0.0220,-0.9516,1.1900,-0.7000,0.1400
2026-07-03,15:19:44,300777,0.0029,-0.0249,-0.9555,1.1900,-0.5600,0.2800
2026-07-03,15:19:44,300873,0.0068,-0.0190,-0.9570,1.2600,-0.5600,0.2100
2026-
07-03,15:19:44,300973,0.0073,-0.0200,-0.9550,1.2600,-0.4900,0.1400
2026-07-03,15:19:45,301073,0.0068,-0.0166,-0.9531,1.1900,-0.4200,0.2100
2026-07-03,15:19:45,301173,0.0024,-0.0205,-0.9540,1.1900,-0.4200,0.1400
2026-07-03,15:19:45,301273,0.0
039,-0.0224,-0.9545,1.1900,-0.5600,0.1400
2026-07-03,15:19:45,301373,0.0049,-0.0190,-0.9531,1.1900,-0.4200,0.2100
2026-07-03,15:19:45,301473,0.0034,-0.0200,-0.9575,1.2600,-0.5600,0.1400
2026-07-03,15:19:45,301573,0.0063,-0.0190,-0.9550,1.190
0,-0.6300,0.0700
2026-07-03,15:19:45,301673,0.0039,-0.0195,-0.9545,1.2600,-0.6300,0.1400
2026-07-03,15:19:45,301773,0.0015,-0.0200,-0.9560,1.2600,-0.4200,0.2100
2026-07-03,15:19:45,301873,0.0068,-0.0220,-0.9545,1.1900,-0.4900,0.1400
2026-07
-03,15:19:45,301973,0.0054,-0.0200,-0.9540,1.1200,-0.5600,0.1400
2026-07-03,15:19:46,302073,0.0039,-0.0205,-0.9584,1.2600,-0.4900,0.2100
2026-07-03,15:19:46,302173,0.0015,-0.0200,-0.9584,1.1900,-0.6300,0.0700
2026-07-03,15:19:46,302273,0.006
8,-0.0220,-0.9579,1.0500,-0.7000,0.1400
2026-07-03,15:19:46,302373,0.0049,-0.0200,-0.9540,1.1900,-0.7000,0.0700
2026-07-03,15:19:46,302473,0.0024,-0.0205,-0.9521,1.2600,-0.5600,0.0700
2026-07-03,15:19:46,302573,0.0039,-0.0210,-0.9536,1.3300,
-0.4200,0.2800
2026-07-03,15:19:46,302673,0.0112,-0.0434,-0.9223,0.9800,-0.7000,0.2100
2026-07-03,15:19:46,302773,-0.0010,-0.0078,-0.9287,1.1900,-0.1400,0.1400
2026-07-03,15:19:46,302873,0.0044,-0.0166,-0.9648,1.3300,-0.3500,0.2800
2026-07-
03,15:19:46,302973,0.0068,-0.0224,-0.9560,1.2600,-0.5600,0.1400
2026-07-03,15:19:47,303073,0.0073,-0.0224,-0.9531,1.2600,-0.4200,0.1400
2026-07-03,15:19:47,303173,0.0039,-0.0239,-0.9575,1.0500,-0.7700,0.0000
2026-07-03,15:19:47,303273,0.0005
,-0.0181,-0.9550,1.1200,-0.7000,0.1400
2026-07-03,15:19:47,303373,-0.0015,-0.0156,-0.9453,1.3300,-0.3500,0.2100
2026-07-03,15:19:47,303473,0.0054,-0.0215,-0.9575,1.2600,-0.4200,0.1400
2026-07-03,15:19:47,303573,0.0029,-0.0210,-0.9570,1.2600,
-0.4900,0.2100
2026-07-03,15:19:47,303673,0.0063,-0.0229,-0.9550,1.1900,-0.4900,0.1400
2026-07-03,15:19:47,303773,0.0029,-0.0210,-0.9550,1.1900,-0.4900,0.2100
2026-07-03,15:19:47,303873,0.0059,-0.0200,-0.9565,1.3300,-0.6300,0.1400
2026-07-0
3,15:19:47,303973,0.0068,-0.0195,-0.9531,1.2600,-0.4900,0.0700
2026-07-03,15:19:48,304073,0.0020,-0.0171,-0.9765,1.2600,-0.4900,0.0700
2026-07-03,15:19:48,304173,0.0005,-0.0224,-0.9667,1.2600,-0.6300,0.1400
2026-07-03,15:19:48,304273,0.0039,
-0.0205,-0.9511,1.2600,-0.4900,0.1400
2026-07-03,15:19:48,304373,0.0034,-0.0215,-0.9526,1.1900,-0.4200,0.1400
2026-07-03,15:19:48,304473,0.0039,-0.0166,-0.9711,1.0500,-0.5600,0.1400
2026-07-03,15:19:48,304573,0.0102,-0.0185,-0.9570,1.2600,-0
.6300,0.2100
2026-07-03,15:19:48,304673,0.0098,-0.0200,-0.9579,1.1900,-0.4900,0.0700
2026-07-03,15:19:48,304773,0.0088,-0.0220,-0.9711,1.2600,-0.5600,0.1400
2026-07-03,15:19:48,304873,0.0044,-0.0220,-0.9560,1.1900,-0.5600,0.0700
2026-07-03,
15:19:48,304973,0.0044,-0.0224,-0.9579,1.2600,-0.5600,0.0000
2026-07-03,15:19:49,305073,0.0020,-0.0137,-0.9496,1.3300,-0.5600,0.1400
2026-07-03,15:19:49,305173,-0.0024,-0.0156,-0.9472,1.1900,-0.6300,0.0700
2026-07-03,15:19:49,305273,-0.0034,
-0.0342,-0.9428,1.0500,-0.4200,0.2100
2026-07-03,15:19:49,305373,-0.0107,-0.0181,-0.9492,1.1900,-0.6300,0.2100
2026-07-03,15:19:49,305473,0.0044,-0.0176,-0.9579,1.3300,-0.4900,0.2100
2026-07-03,15:19:49,305573,0.0185,-0.0205,-0.9589,1.3300,-
0.5600,0.2100
2026-07-03,15:19:49,305673,0.0171,-0.0176,-0.9443,1.1900,-0.7000,0.0700
2026-07-03,15:19:49,305777,0.0034,-0.0200,-0.9457,1.1900,-0.4200,0.1400
2026-07-03,15:19:49,305873,-0.0015,-0.0229,-0.9472,1.3300,-0.7000,0.0700
2026-07-0
3,15:19:49,305973,-0.0020,-0.0293,-0.9540,1.1200,-0.6300,0.2800
2026-07-03,15:19:50,306073,0.0083,-0.0142,-0.9579,1.1900,-0.5600,0.2100
2026-07-03,15:19:50,306173,0.0190,-0.0142,-0.9565,1.1900,-0.5600,0.1400
2026-07-03,15:19:50,306273,0.0161
,-0.0200,-0.9623,1.2600,-0.5600,0.0700
2026-07-03,15:19:50,306373,0.0044,-0.0200,-0.9526,1.3300,-0.4200,0.0700
2026-07-03,15:19:50,306473,-0.0034,-0.0224,-0.9511,1.2600,-0.5600,0.0700
2026-07-03,15:19:50,306573,-0.0015,-0.0220,-0.9604,1.1900
,-0.4200,0.2100
2026-07-03,15:19:50,306673,0.0088,-0.0205,-0.9536,1.1900,-0.5600,0.0700
2026-07-03,15:19:50,306773,0.0127,-0.0156,-0.9545,1.2600,-0.5600,0.0700
2026-07-03,15:19:50,306873,0.0029,-0.0185,-0.9575,1.2600,-0.5600,0.1400
2026-07-
03,15:19:50,306973,0.0049,-0.0224,-0.9521,1.3300,-0.6300,0.1400
2026-07-03,15:19:51,307073,0.0010,-0.0117,-0.9750,1.0500,-0.4900,0.1400
2026-07-03,15:19:51,307173,0.0083,-0.0278,-0.9677,1.3300,-0.5600,0.1400
2026-07-03,15:19:51,307273,0.0054
,-0.0166,-0.9545,1.2600,-0.4900,0.1400
2026-07-03,15:19:51,307373,0.0054,-0.0190,-0.9570,1.2600,-0.5600,0.1400
2026-07-03,15:19:51,307473,0.0054,-0.0176,-0.9545,1.1900,-0.6300,0.0700
2026-07-03,15:19:51,307573,0.0059,-0.0181,-0.9540,1.1200,-
0.4900,0.1400
2026-07-03,15:19:51,307673,0.0107,-0.0200,-0.9565,1.3300,-0.5600,0.2100
2026-07-03,15:19:51,307773,0.0078,-0.0176,-0.9526,1.2600,-0.4200,0.1400
2026-07-03,15:19:51,307873,0.0054,-0.0229,-0.9579,1.3300,-0.4900,0.2100
2026-07-03
,15:19:51,307973,0.0068,-0.0181,-0.9633,1.1900,-0.5600,0.1400
2026-07-03,15:19:52,308073,0.0034,-0.0195,-0.9496,1.1900,-0.7000,0.0700
2026-07-03,15:19:52,308173,0.0044,-0.0195,-0.9540,1.1900,-0.6300,0.2100
2026-07-03,15:19:52,308273,0.0039,-
0.0210,-0.9579,1.2600,-0.6300,0.0700
2026-07-03,15:19:52,308373,0.0063,-0.0215,-0.9589,1.2600,-0.5600,0.1400
2026-07-03,15:19:52,308473,0.0063,-0.0215,-0.9604,1.1900,-0.4900,0.0700
2026-07-03,15:19:52,308573,0.0010,-0.0195,-0.9540,1.2600,-0.
4900,0.2100
2026-07-03,15:19:52,308673,0.0044,-0.0176,-0.9550,1.2600,-0.4900,0.1400
2026-07-03,15:19:52,308773,0.0044,-0.0190,-0.9565,1.1200,-0.4200,0.2100
2026-07-03,15:19:52,308873,0.0039,-0.0220,-0.9550,1.2600,-0.4200,0.1400
2026-07-03,1
5:19:52,308973,0.0005,-0.0244,-0.9555,1.1900,-0.7000,0.1400
2026-07-03,15:19:53,309073,0.0063,-0.0195,-0.9531,1.1900,-0.5600,0.1400
2026-07-03,15:19:53,309173,0.0063,-0.0166,-0.9501,1.1900,-0.4900,0.2100
2026-07-03,15:19:53,309273,0.0063,-0.
0181,-0.9531,1.1900,-0.4900,0.0700
2026-07-03,15:19:53,309373,0.0024,-0.0210,-0.9540,1.1900,-0.4900,0.1400
2026-07-03,15:19:53,309473,0.0010,-0.0195,-0.9609,1.1900,-0.4900,0.1400
2026-07-03,15:19:53,309573,0.0034,-0.0234,-0.9565,1.1900,-0.70
00,0.1400
2026-07-03,15:19:53,309673,0.0088,-0.0181,-0.9536,1.2600,-0.4900,0.2100
2026-07-03,15:19:53,309773,0.0068,-0.0215,-0.9565,1.1200,-0.4900,0.1400
2026-07-03,15:19:53,309873,0.0015,-0.0200,-0.9589,1.2600,-0.7700,0.1400
2026-07-03,15:
19:53,309973,0.0098,-0.0200,-0.9555,1.2600,-0.5600,0.0700
2026-07-03,15:19:54,310073,0.0020,-0.0190,-0.9614,1.1900,-0.5600,0.1400
2026-07-03,15:19:54,310173,0.0020,-0.0200,-0.9560,1.2600,-0.4900,0.1400
2026-07-03,15:19:54,310273,0.0010,-0.01
95,-0.9555,1.1900,-0.7700,0.1400
2026-07-03,15:19:54,310373,-0.0034,-0.0234,-0.9511,1.2600,-0.7000,0.2100
2026-07-03,15:19:54,310473,0.0010,-0.0229,-0.9570,1.1900,-0.5600,0.1400
2026-07-03,15:19:54,310573,0.0127,-0.0161,-0.9545,1.1900,-0.630
0,0.0700
2026-07-03,15:19:54,310673,0.0102,-0.0195,-0.9545,1.1900,-0.5600,0.2100
2026-07-03,15:19:54,310777,0.0049,-0.0151,-0.9516,1.4000,-0.4200,0.0700
2026-07-03,15:19:54,310873,0.0020,-0.0215,-0.9550,1.2600,-0.4900,0.1400
2026-07-03,15:1
9:54,310973,-0.0010,-0.0234,-0.9565,1.2600,-0.5600,0.1400
2026-07-03,15:19:55,311073,0.0059,-0.0161,-0.9536,1.3300,-0.2100,0.1400
2026-07-03,15:19:55,311173,0.0020,-0.0146,-0.9394,1.3300,-0.3500,0.1400
2026-07-03,15:19:55,311273,0.0049,-0.01
51,-0.9662,1.2600,-0.1400,0.0700
2026-07-03,15:19:55,311373,0.0107,-0.0268,-0.9609,1.2600,-0.6300,0.2100
2026-07-03,15:19:55,311473,0.0068,-0.0185,-0.9531,1.2600,-0.4900,0.1400
2026-07-03,15:19:55,311573,-0.0020,-0.0161,-0.9379,1.3300,-0.070
0,-0.0700
2026-07-03,15:19:55,311673,0.0049,-0.0259,-0.9628,1.2600,-0.5600,0.1400
2026-07-03,15:19:55,311773,0.0015,-0.0190,-0.9521,1.2600,-0.5600,0.1400
2026-07-03,15:19:55,311873,0.0073,-0.0215,-0.9550,1.2600,-0.5600,0.1400
2026-07-03,15:
19:55,311973,0.0068,-0.0210,-0.9550,1.1900,-0.4900,0.1400
2026-07-03,15:19:56,312073,0.0054,-0.0200,-0.9560,1.2600,-0.4900,0.0700
2026-07-03,15:19:56,312173,0.0029,-0.0205,-0.9555,1.1900,-0.6300,0.2100
2026-07-03,15:19:56,312273,0.0024,-0.02
20,-0.9536,1.3300,-0.4900,0.0700
2026-07-03,15:19:56,312373,0.0059,-0.0205,-0.9565,1.2600,-0.4200,0.2100
2026-07-03,15:19:56,312473,0.0054,-0.0200,-0.9521,1.2600,-0.5600,0.1400
2026-07-03,15:19:56,312573,0.0034,-0.0190,-0.9536,1.2600,-0.5600
,0.0700
2026-07-03,15:19:56,312673,0.0039,-0.0200,-0.9545,1.2600,-0.4200,0.1400
2026-07-03,15:19:56,312773,0.0054,-0.0224,-0.9560,1.1900,-0.5600,0.1400
2026-07-03,15:19:56,312873,0.0039,-0.0200,-0.9570,1.1900,-0.5600,0.2100
2026-07-03,15:19
:56,312973,0.0049,-0.0195,-0.9540,1.2600,-0.5600,0.1400
2026-07-03,15:19:57,313073,0.0020,-0.0215,-0.9536,1.2600,-0.4200,0.0700
2026-07-03,15:19:57,313173,0.0088,-0.0205,-0.9614,1.3300,-0.5600,0.0700
2026-07-03,15:19:57,313273,0.0049,-0.0210
,-0.9575,1.2600,-0.6300,0.2100
2026-07-03,15:19:57,313373,0.0039,-0.0200,-0.9545,1.2600,-0.4900,0.0700
2026-07-03,15:19:57,313473,0.0063,-0.0220,-0.9555,1.2600,-0.6300,0.1400
2026-07-03,15:19:57,313573,0.0063,-0.0156,-0.9594,1.3300,-0.4200,0
.0700
2026-07-03,15:19:57,313673,0.0054,-0.0215,-0.9589,1.3300,-0.4900,0.1400
2026-07-03,15:19:57,313773,0.0054,-0.0210,-0.9550,1.1900,-0.5600,0.0700
2026-07-03,15:19:57,313873,0.0049,-0.0210,-0.9579,1.1900,-0.6300,0.1400
2026-07-03,15:19:5
7,313973,0.0049,-0.0215,-0.9579,1.1900,-0.4900,0.1400
2026-07-03,15:19:58,314073,0.0068,-0.0190,-0.9531,1.1900,-0.6300,0.1400
2026-07-03,15:19:58,314173,0.0049,-0.0220,-0.9545,1.1900,-0.4200,0.1400
2026-07-03,15:19:58,314273,0.0063,-0.0210,-
0.9555,1.1900,-0.4900,0.1400
2026-07-03,15:19:58,314373,0.0049,-0.0171,-0.9545,1.1900,-0.4900,0.0700
2026-07-03,15:19:58,314473,0.0044,-0.0220,-0.9550,1.2600,-0.5600,0.0700
2026-07-03,15:19:58,314573,0.0059,-0.0200,-0.9536,1.3300,-0.4200,0.2
100
2026-07-03,15:19:58,314673,0.0059,-0.0200,-0.9570,1.1900,-0.5600,0.1400
2026-07-03,15:19:58,314773,0.0059,-0.0205,-0.9545,1.2600,-0.4900,0.1400
2026-07-03,15:19:58,314873,0.0039,-0.0215,-0.9560,1.2600,-0.6300,0.0700
2026-07-03,15:19:58,
314973,0.0044,-0.0210,-0.9545,1.1200,-0.4900,0.1400
2026-07-03,15:19:59,315073,0.0078,-0.0210,-0.9550,1.2600,-0.5600,0.1400
2026-07-03,15:19:59,315173,0.0098,-0.0205,-0.9555,1.1900,-0.5600,0.1400
2026-07-03,15:19:59,315273,0.0020,-0.0200,-0.
9526,1.1200,-0.5600,0.1400
2026-07-03,15:19:59,315373,0.0020,-0.0220,-0.9555,1.1900,-0.5600,0.2100
2026-07-03,15:19:59,315473,0.0024,-0.0205,-0.9545,1.2600,-0.5600,0.1400
2026-07-03,15:19:59,315573,0.0098,-0.0200,-0.9628,1.1900,-0.5600,0.140
0
2026-07-03,15:19:59,315673,0.0039,-0.0220,-0.9623,1.2600,-0.6300,0.1400
2026-07-03,15:19:59,315777,0.0078,-0.0293,-0.9501,1.1900,-0.9800,0.1400
2026-07-03,15:19:59,315873,-0.0005,-0.0190,-0.9540,1.1200,-0.5600,0.1400
2026-07-03,15:19:59,3
15973,0.0054,-0.0229,-0.9628,1.1900,-0.7000,0.1400
2026-07-03,15:20:00,316073,0.0000,-0.0215,-0.9365,1.3300,-0.4900,0.1400
2026-07-03,15:20:00,316173,-0.0005,-0.0239,-0.9536,1.1900,-0.4900,0.1400
2026-07-03,15:20:00,316273,0.0015,-0.0210,-0.
9526,1.1900,-0.6300,0.1400
2026-07-03,15:20:00,316373,0.0078,-0.0185,-0.9565,1.2600,-0.4200,0.1400
2026-07-03,15:20:00,316473,0.0146,-0.0190,-0.9545,1.1900,-0.7700,0.1400
2026-07-03,15:20:00,316573,0.0205,-0.0132,-0.9477,1.2600,-0.3500,0.140
0
2026-07-03,15:20:00,316673,0.0083,-0.0215,-0.9506,1.1200,-0.4200,0.0700
2026-07-03,15:20:00,316773,-0.0054,-0.0215,-0.9594,1.3300,-0.5600,0.1400
2026-07-03,15:20:00,316873,-0.0049,-0.0210,-0.9457,1.1900,-0.4200,0.0700
2026-07-03,15:20:00,
316973,0.0034,-0.0254,-0.9570,1.2600,-0.6300,0.1400
2026-07-03,15:20:01,317073,0.0063,-0.0161,-0.9506,1.1900,-0.7700,0.1400
2026-07-03,15:20:01,317173,0.0083,-0.0088,-0.9526,1.1900,-0.8400,0.2100
2026-07-03,15:20:01,317273,0.0049,-0.0220,-0.
9536,1.2600,-0.4900,0.1400
2026-07-03,15:20:01,317373,0.0054,-0.0229,-0.9501,1.1900,-0.7700,0.0700
2026-07-03,15:20:01,317473,0.0083,-0.0156,-0.9536,1.2600,-0.5600,0.0700
2026-07-03,15:20:01,317573,0.0078,-0.0220,-0.9565,1.2600,-0.6300,0.140
0
2026-07-03,15:20:01,317673,0.0044,-0.0195,-0.9550,1.3300,-0.4200,0.2100
2026-07-03,15:20:01,317773,0.0000,-0.0185,-0.9501,1.3300,-0.4200,0.0700
2026-07-03,15:20:01,317873,0.0034,-0.0215,-0.9594,1.2600,-0.4900,0.0700
2026-07-03,15:20:01,31
7973,0.0034,-0.0156,-0.9389,1.2600,-0.4200,0.1400
2026-07-03,15:20:02,318073,0.0088,-0.0195,-0.9575,1.1900,-0.4200,0.1400
2026-07-03,15:20:02,318173,0.0049,-0.0210,-0.9599,1.0500,-0.7000,0.2100
2026-07-03,15:20:02,318273,0.0034,-0.0220,-0.95
40,1.2600,-0.6300,0.0700
2026-07-03,15:20:02,318373,0.0029,-0.0224,-0.9560,1.2600,-0.7000,0.2100
2026-07-03,15:20:02,318473,0.0059,-0.0234,-0.9560,1.1900,-0.6300,0.1400
2026-07-03,15:20:02,318573,0.0049,-0.0132,-0.9526,1.2600,-0.4900,0.1400
2026-07-03,15:20:02,318673,0.0156,-0.0156,-0.9511,1.2600,-0.5600,0.1400
2026-07-03,15:20:02,318773,0.0083,-0.0146,-0.9614,1.1900,-0.4200,0.1400
2026-07-03,15:20:02,318873,-0.0020,-0.0244,-0.9575,1.2600,-0.5600,0.2100
2026-07-03,15:20:02,318
973,0.0010,-0.0234,-0.9653,1.3300,-0.4900,0.0000
2026-07-03,15:20:03,319073,0.0068,-0.0244,-0.9589,1.1200,-0.8400,0.1400
2026-07-03,15:20:03,319173,0.0068,-0.0171,-0.9516,1.2600,-0.5600,0.1400
2026-07-03,15:20:03,319273,0.0039,-0.0307,-0.954
0,0.9100,-0.6300,0.2100
2026-07-03,15:20:03,319373,0.0073,-0.0142,-0.9579,1.1900,-0.8400,0.2100
2026-07-03,15:20:03,319473,0.0034,-0.0234,-0.9579,1.2600,-0.4200,0.1400
2026-07-03,15:20:03,319573,0.0039,-0.0420,-0.9526,1.0500,-0.9100,0.2100
2026-07-03,15:20:03,319673,0.0044,-0.0200,-0.9570,0.9800,-0.8400,0.1400
2026-07-03,15:20:03,319773,0.0078,-0.0054,-0.9428,1.1900,-0.8400,0.1400
2026-07-03,15:20:03,319873,0.0073,-0.0220,-0.9443,1.3300,-0.3500,0.0000
2026-07-03,15:20:03,31997
3,0.0005,-0.0224,-0.9584,1.1900,-0.5600,0.1400
2026-07-03,15:20:04,320073,-0.0024,-0.0181,-0.9614,1.3300,-0.6300,0.2100
2026-07-03,15:20:04,320173,0.0044,-0.0210,-0.9540,1.2600,-0.4900,0.1400
2026-07-03,15:20:04,320273,0.0068,-0.0185,-0.9536
,1.1900,-0.4200,0.1400
2026-07-03,15:20:04,320373,0.0039,-0.0205,-0.9584,1.2600,-0.4900,0.1400
2026-07-03,15:20:04,320473,0.0029,-0.0215,-0.9565,1.3300,-0.5600,0.2100
2026-07-03,15:20:04,320573,0.0049,-0.0210,-0.9545,1.1900,-0.7700,0.1400
2
026-07-03,15:20:04,320673,0.0049,-0.0215,-0.9521,1.2600,-0.4900,0.1400
2026-07-03,15:20:04,320777,0.0049,-0.0200,-0.9575,1.2600,-0.4900,0.0700
2026-07-03,15:20:04,320873,0.0068,-0.0195,-0.9540,1.1900,-0.6300,0.1400
2026-07-03,15:20:04,320973
,0.0068,-0.0215,-0.9575,1.2600,-0.4900,0.2100
2026-07-03,15:20:05,321073,0.0049,-0.0200,-0.9565,1.1200,-0.5600,0.0700
2026-07-03,15:20:05,321173,0.0054,-0.0215,-0.9570,1.3300,-0.5600,0.2100
2026-07-03,15:20:05,321273,0.0044,-0.0195,-0.9555,1
.2600,-0.4900,0.1400
2026-07-03,15:20:05,321373,0.0034,-0.0205,-0.9560,1.2600,-0.5600,0.1400
2026-07-03,15:20:05,321473,0.0044,-0.0185,-0.9555,1.1900,-0.6300,0.0700
2026-07-03,15:20:05,321573,0.0059,-0.0210,-0.9575,1.1900,-0.6300,0.1400
202
6-07-03,15:20:05,321673,0.0029,-0.0190,-0.9565,1.1900,-0.4900,0.1400
2026-07-03,15:20:05,321773,0.0059,-0.0215,-0.9540,1.2600,-0.6300,0.1400
2026-07-03,15:20:05,321873,0.0039,-0.0190,-0.9540,1.2600,-0.4900,0.1400
2026-07-03,15:20:05,321973,0
.0044,-0.0224,-0.9531,1.2600,-0.5600,0.1400
2026-07-03,15:20:06,322073,0.0059,-0.0210,-0.9555,1.2600,-0.6300,0.0700
2026-07-03,15:20:06,322173,0.0039,-0.0185,-0.9565,1.1900,-0.6300,0.2100
2026-07-03,15:20:06,322273,0.0054,-0.0195,-0.9536,1.1
900,-0.4900,0.0700
2026-07-03,15:20:06,322373,0.0068,-0.0215,-0.9565,1.1900,-0.3500,0.2100
2026-07-03,15:20:06,322473,0.0063,-0.0205,-0.9565,1.1900,-0.4900,0.1400
2026-07-03,15:20:06,322573,0.0063,-0.0200,-0.9550,1.1900,-0.4900,0.1400
2026-
07-03,15:20:06,322673,0.0054,-0.0234,-0.9555,1.2600,-0.6300,0.0700
2026-07-03,15:20:06,322773,0.0034,-0.0220,-0.9545,1.2600,-0.6300,0.0700
2026-07-03,15:20:06,322873,0.0049,-0.0200,-0.9565,1.1900,-0.5600,0.0700
2026-07-03,15:20:06,322973,0.0
049,-0.0220,-0.9570,1.2600,-0.5600,0.1400
2026-07-03,15:20:07,323073,0.0054,-0.0200,-0.9555,1.1900,-0.5600,0.1400
2026-07-03,15:20:07,323173,0.0044,-0.0195,-0.9555,1.3300,-0.6300,0.1400
2026-07-03,15:20:07,323273,0.0044,-0.0210,-0.9555,1.190
0,-0.4900,0.1400
2026-07-03,15:20:07,323373,0.0024,-0.0195,-0.9550,1.1900,-0.4200,0.2100
2026-07-03,15:20:07,323473,0.0029,-0.0210,-0.9545,1.2600,-0.4900,0.1400
2026-07-03,15:20:07,323573,0.0073,-0.0224,-0.9579,1.2600,-0.7000,0.0700
2026-07
-03,15:20:07,323673,0.0049,-0.0210,-0.9555,1.2600,-0.4900,0.2100
2026-07-03,15:20:07,323773,0.0059,-0.0220,-0.9536,1.2600,-0.5600,0.1400
2026-07-03,15:20:07,323873,0.0054,-0.0200,-0.9570,1.2600,-0.5600,0.2100
2026-07-03,15:20:07,323973,0.004
9,-0.0205,-0.9536,1.2600,-0.5600,0.2100
2026-07-03,15:20:08,324073,0.0073,-0.0224,-0.9550,1.3300,-0.5600,0.1400
2026-07-03,15:20:08,324173,0.0044,-0.0210,-0.9540,1.1200,-0.5600,0.1400
2026-07-03,15:20:08,324273,0.0063,-0.0200,-0.9545,1.2600,
-0.5600,0.2100
2026-07-03,15:20:08,324373,0.0063,-0.0176,-0.9565,1.3300,-0.5600,0.1400
2026-07-03,15:20:08,324473,0.0073,-0.0190,-0.9560,1.2600,-0.6300,0.2100
2026-07-03,15:20:08,324573,0.0044,-0.0171,-0.9516,1.1900,-0.5600,0.1400
2026-07-0
3,15:20:08,324673,0.0073,-0.0229,-0.9545,1.2600,-0.4900,0.2100
2026-07-03,15:20:08,324773,0.0054,-0.0215,-0.9560,1.2600,-0.4200,0.0700
2026-07-03,15:20:08,324873,0.0020,-0.0210,-0.9555,1.2600,-0.4200,0.1400
2026-07-03,15:20:08,324973,0.0068,
-0.0205,-0.9540,1.1900,-0.5600,0.1400
2026-07-03,15:20:09,325073,0.0034,-0.0215,-0.9555,1.3300,-0.5600,0.0700
2026-07-03,15:20:09,325173,0.0024,-0.0244,-0.9609,1.1900,-0.6300,0.2100
2026-07-03,15:20:09,325273,0.0083,-0.0229,-0.9565,1.1900,-0
.6300,0.1400
2026-07-03,15:20:09,325373,0.0049,-0.0190,-0.9531,1.2600,-0.6300,0.0700
2026-07-03,15:20:09,325473,0.0039,-0.0210,-0.9560,1.2600,-0.6300,0.2100
2026-07-03,15:20:09,325573,0.0054,-0.0181,-0.9540,1.2600,-0.5600,0.1400
2026-07-03,
15:20:09,325673,0.0044,-0.0200,-0.9540,1.3300,-0.5600,0.1400
2026-07-03,15:20:09,325777,0.0054,-0.0254,-0.9506,1.2600,-0.6300,0.1400
2026-07-03,15:20:09,325873,0.0034,-0.0176,-0.9526,1.2600,-0.6300,0.1400
2026-07-03,15:20:09,325973,0.0044,-0
.0200,-0.9540,1.2600,-0.4200,0.1400
2026-07-03,15:20:10,326073,0.0059,-0.0200,-0.9545,1.1900,-0.6300,0.1400
2026-07-03,15:20:10,326173,0.0034,-0.0200,-0.9545,1.2600,-0.4900,0.1400
2026-07-03,15:20:10,326273,0.0044,-0.0215,-0.9565,1.1900,-0.5
600,0.0700
2026-07-03,15:20:10,326373,0.0059,-0.0190,-0.9531,1.1900,-0.4900,0.0700
2026-07-03,15:20:10,326473,0.0034,-0.0210,-0.9565,1.2600,-0.6300,0.1400
2026-07-03,15:20:10,326573,0.0034,-0.0200,-0.9555,1.1900,-0.6300,0.2100
2026-07-03,15
:20:10,326673,0.0039,-0.0210,-0.9575,1.1900,-0.5600,0.0700
2026-07-03,15:20:10,326773,0.0059,-0.0210,-0.9536,1.2600,-0.5600,0.1400
2026-07-03,15:20:10,326873,0.0063,-0.0190,-0.9550,1.1900,-0.6300,0.1400
2026-07-03,15:20:10,326973,0.0039,-0.0
200,-0.9540,1.2600,-0.4900,0.1400
2026-07-03,15:20:11,327078,0.0059,-0.0205,-0.9560,1.1900,-0.6300,0.0700
2026-07-03,15:20:11,327173,0.0029,-0.0215,-0.9555,1.2600,-0.5600,0.1400
2026-07-03,15:20:11,327273,0.0054,-0.0190,-0.9555,1.1900,-0.560
0,0.0700
2026-07-03,15:20:11,327373,0.0059,-0.0205,-0.9536,1.2600,-0.4900,0.2100
2026-07-03,15:20:11,327473,0.0049,-0.0234,-0.9540,1.1900,-0.3500,0.2800
2026-07-03,15:20:11,327573,0.0039,-0.0215,-0.9545,1.3300,-0.4900,0.1400
2026-07-03,15:2
0:11,327673,0.0044,-0.0215,-0.9555,1.2600,-0.5600,0.2100
2026-07-03,15:20:11,327778,0.0039,-0.0185,-0.9584,1.2600,-0.4200,0.1400
2026-07-03,15:20:11,327873,0.0044,-0.0220,-0.9575,1.3300,-0.4900,0.2100
2026-07-03,15:20:11,327973,0.0063,-0.019
5,-0.9555,1.2600,-0.5600,0.1400
2026-07-03,15:20:12,328073,0.0039,-0.0205,-0.9570,1.2600,-0.5600,0.1400
2026-07-03,15:20:12,328173,0.0044,-0.0210,-0.9545,1.1900,-0.4900,0.1400
2026-07-03,15:20:12,328273,0.0049,-0.0200,-0.9555,1.2600,-0.5600,
0.1400
2026-07-03,15:20:12,328373,0.0073,-0.0205,-0.9550,1.1900,-0.4200,0.1400
2026-07-03,15:20:12,328478,0.0059,-0.0195,-0.9555,1.1900,-0.5600,0.0700
2026-07-03,15:20:12,328573,0.0044,-0.0205,-0.9560,1.1900,-0.5600,0.1400
2026-07-03,15:20:
12,328673,0.0063,-0.0215,-0.9550,1.2600,-0.4900,0.2100
2026-07-03,15:20:12,328773,0.0054,-0.0210,-0.9555,1.2600,-0.6300,0.1400
2026-07-03,15:20:12,328873,0.0034,-0.0200,-0.9555,1.2600,-0.4200,0.2100
2026-07-03,15:20:12,328973,0.0063,-0.0210,
-0.9531,1.1900,-0.5600,0.2100
2026-07-03,15:20:13,329073,0.0059,-0.0181,-0.9550,1.1900,-0.6300,0.1400
2026-07-03,15:20:13,329178,0.0044,-0.0220,-0.9545,1.1900,-0.6300,0.1400
2026-07-03,15:20:13,329273,0.0044,-0.0190,-0.9555,1.1900,-0.4200,0.
2100
2026-07-03,15:20:13,329373,0.0063,-0.0190,-0.9570,1.1200,-0.5600,0.0700
2026-07-03,15:20:13,329473,0.0063,-0.0185,-0.9560,1.2600,-0.5600,0.1400
2026-07-03,15:20:13,329573,0.0034,-0.0215,-0.9575,1.1900,-0.5600,0.1400
2026-07-03,15:20:13
,329673,0.0054,-0.0200,-0.9550,1.2600,-0.4200,0.1400
2026-07-03,15:20:13,329773,0.0034,-0.0205,-0.9545,1.1900,-0.4200,0.0700
2026-07-03,15:20:13,329877,0.0063,-0.0215,-0.9545,1.2600,-0.7000,0.0700
2026-07-03,15:20:13,329973,0.0063,-0.0195,-0
.9526,1.1900,-0.5600,0.1400
2026-07-03,15:20:14,330073,0.0039,-0.0205,-0.9545,1.2600,-0.4900,0.1400
2026-07-03,15:20:14,330173,0.0029,-0.0190,-0.9555,1.1900,-0.5600,0.1400
2026-07-03,15:20:14,330273,0.0020,-0.0210,-0.9560,1.2600,-0.7000,0.07
00
2026-07-03,15:20:14,330373,0.0034,-0.0210,-0.9545,1.1900,-0.7000,0.1400
2026-07-03,15:20:14,330473,0.0029,-0.0185,-0.9550,1.2600,-0.5600,0.1400
2026-07-03,15:20:14,330578,0.0044,-0.0224,-0.9545,1.3300,-0.5600,0.1400
2026-07-03,15:20:14,3
30673,0.0059,-0.0185,-0.9516,1.1900,-0.4200,0.2100
2026-07-03,15:20:14,330777,0.0063,-0.0185,-0.9594,1.2600,-0.4900,0.1400
2026-07-03,15:20:14,330873,0.0063,-0.0215,-0.9550,1.2600,-0.6300,0.1400
2026-07-03,15:20:14,330973,0.0039,-0.0215,-0.9
545,1.1900,-0.4900,0.1400
2026-07-03,15:20:15,331073,0.0034,-0.0224,-0.9540,1.1900,-0.5600,0.1400
2026-07-03,15:20:15,331173,0.0039,-0.0210,-0.9555,1.2600,-0.4900,0.2100
2026-07-03,15:20:15,331279,0.0054,-0.0161,-0.9511,1.1200,-0.5600,0.2100
2026-07-03,15:20:15,331373,0.0059,-0.0205,-0.9575,1.2600,-0.7000,0.1400
2026-07-03,15:20:15,331473,0.0063,-0.0215,-0.9633,1.2600,-0.7000,0.1400
2026-07-03,15:20:15,331573,0.0044,-0.0210,-0.9550,1.1900,-0.4900,0.1400
2026-07-03,15:20:15,331
673,0.0039,-0.0185,-0.9545,1.3300,-0.5600,0.1400
2026-07-03,15:20:15,331773,0.0034,-0.0205,-0.9545,1.2600,-0.4200,0.2100
2026-07-03,15:20:15,331873,0.0059,-0.0215,-0.9545,1.1900,-0.4900,0.2100
2026-07-03,15:20:15,331978,0.0039,-0.0205,-0.953
6,1.1900,-0.4900,0.1400
2026-07-03,15:20:16,332073,0.0059,-0.0200,-0.9540,1.1900,-0.4900,0.1400
2026-07-03,15:20:16,332173,0.0024,-0.0215,-0.9560,1.3300,-0.5600,0.1400
2026-07-03,15:20:16,332273,0.0044,-0.0215,-0.9550,1.1900,-0.4900,0.2100
2026-07-03,15:20:16,332373,0.0039,-0.0185,-0.9545,1.1900,-0.3500,0.0700
2026-07-03,15:20:16,332473,0.0034,-0.0185,-0.9526,1.2600,-0.4900,0.1400
2026-07-03,15:20:16,332573,0.0054,-0.0234,-0.9570,1.1900,-0.6300,0.2100
2026-07-03,15:20:16,33267
8,0.0054,-0.0176,-0.9531,1.2600,-0.5600,0.0700
2026-07-03,15:20:16,332773,0.0020,-0.0185,-0.9545,1.1900,-0.6300,0.2100
2026-07-03,15:20:16,332873,0.0039,-0.0205,-0.9570,1.2600,-0.5600,0.1400
2026-07-03,15:20:16,332973,-0.0068,0.0371,-0.9448,
1.5400,0.0000,0.2800
2026-07-03,15:20:17,333073,0.0093,-0.0342,-0.9984,1.4700,-0.3500,0.1400
2026-07-03,15:20:17,333173,0.0112,-0.0400,-0.9628,1.1900,-0.7000,0.0700
2026-07-03,15:20:17,333273,0.0029,-0.0127,-0.9462,1.1200,-0.3500,0.1400
202
6-07-03,15:20:17,333377,0.0044,-0.0210,-0.9589,1.3300,-0.5600,0.0700
2026-07-03,15:20:17,333473,0.0034,-0.0200,-0.9496,1.1200,-0.5600,0.2100
2026-07-03,15:20:17,333573,0.0010,-0.0185,-0.9492,1.2600,-0.4200,0.1400
2026-07-03,15:20:17,333673,0
.0044,-0.0210,-0.9584,1.1900,-0.5600,0.0700
2026-07-03,15:20:17,333773,0.0049,-0.0195,-0.9575,1.1900,-0.4900,0.1400
2026-07-03,15:20:17,333873,0.0029,-0.0190,-0.9545,1.1900,-0.5600,0.0700
2026-07-03,15:20:17,333973,0.0039,-0.0200,-0.9555,1.1
200,-0.4900,0.2100
2026-07-03,15:20:18,334078,0.0034,-0.0224,-0.9526,1.2600,-0.5600,0.1400
2026-07-03,15:20:18,334173,0.0024,-0.0205,-0.9526,1.2600,-0.4900,0.2100
2026-07-03,15:20:18,334273,0.0054,-0.0215,-0.9555,1.2600,-0.4900,0.1400
2026-
07-03,15:20:18,334373,0.0049,-0.0210,-0.9492,1.3300,-0.4900,0.1400
2026-07-03,15:20:18,334473,0.0254,-0.0908,-1.0214,1.4700,-1.9600,0.0000
2026-07-03,15:20:18,334573,0.0063,0.0146,-0.8784,0.8400,-0.7000,0.0000
2026-07-03,15:20:18,334673,-0.0
010,0.0024,-0.9487,1.1900,-0.2100,-0.1400
2026-07-03,15:20:18,334779,-0.0015,-0.0278,-0.9570,1.3300,-0.5600,0.2100
2026-07-03,15:20:18,334873,-0.0034,-0.0249,-0.9496,1.2600,-0.7000,0.2800
2026-07-03,15:20:18,334973,0.0044,-0.0234,-0.9540,1.1
900,-0.4900,0.1400
2026-07-03,15:20:19,335073,0.0083,-0.0185,-0.9575,1.1900,-0.4900,0.0700
2026-07-03,15:20:19,335173,0.0049,-0.0185,-0.9540,1.2600,-0.5600,0.1400
2026-07-03,15:20:19,335273,0.0044,-0.0200,-0.9540,1.2600,-0.4900,0.1400
2026-
07-03,15:20:19,335373,0.0054,-0.0229,-0.9560,1.2600,-0.4900,0.1400
2026-07-03,15:20:19,335478,0.0054,-0.0205,-0.9565,1.2600,-0.4900,0.1400
2026-07-03,15:20:19,335573,0.0039,-0.0190,-0.9521,1.1900,-0.5600,0.1400
2026-07-03,15:20:19,335673,0.0
054,-0.0190,-0.9540,1.2600,-0.4900,0.1400
2026-07-03,15:20:19,335777,0.0054,-0.0210,-0.9565,1.2600,-0.5600,0.1400
2026-07-03,15:20:19,335873,0.0034,-0.0205,-0.9560,1.2600,-0.4200,0.2100
2026-07-03,15:20:19,335973,0.0029,-0.0181,-0.9531,1.260
0,-0.4900,0.1400
2026-07-03,15:20:20,336073,0.0059,-0.0215,-0.9555,1.1900,-0.6300,0.1400
2026-07-03,15:20:20,336178,0.0049,-0.0200,-0.9531,1.1900,-0.3500,0.1400
2026-07-03,15:20:20,336273,0.0063,-0.0205,-0.9565,1.2600,-0.6300,0.1400
2026-07
-03,15:20:20,336373,0.0049,-0.0220,-0.9555,1.1900,-0.7000,0.1400
2026-07-03,15:20:20,336473,0.0039,-0.0181,-0.9565,1.2600,-0.6300,0.0700
2026-07-03,15:20:20,336573,0.0054,-0.0190,-0.9570,1.2600,-0.4200,0.2100
2026-07-03,15:20:20,336673,0.004
4,-0.0195,-0.9555,1.1900,-0.5600,0.0700
2026-07-03,15:20:20,336773,0.0039,-0.0200,-0.9536,1.1900,-0.6300,0.1400
2026-07-03,15:20:20,336877,0.0059,-0.0220,-0.9565,1.1900,-0.5600,0.1400
2026-07-03,15:20:20,336973,0.0039,-0.0200,-0.9550,1.2600,
-0.4900,0.0700
2026-07-03,15:20:21,337073,0.0034,-0.0185,-0.9550,1.2600,-0.4900,0.1400
2026-07-03,15:20:21,337173,0.0078,-0.0210,-0.9555,1.1900,-0.7000,0.1400
2026-07-03,15:20:21,337273,0.0039,-0.0190,-0.9565,1.2600,-0.4900,0.2100
2026-07-0
3,15:20:21,337373,0.0073,-0.0190,-0.9540,1.2600,-0.5600,0.2100
2026-07-03,15:20:21,337473,0.0039,-0.0195,-0.9536,1.2600,-0.4200,0.0700
2026-07-03,15:20:21,337578,0.0068,-0.0190,-0.9545,1.2600,-0.4900,0.1400
2026-07-03,15:20:21,337673,0.0063,
-0.0210,-0.9545,1.2600,-0.4900,0.2100
2026-07-03,15:20:21,337773,0.0054,-0.0205,-0.9560,1.2600,-0.5600,0.0700
2026-07-03,15:20:21,337873,0.0044,-0.0200,-0.9565,1.1900,-0.5600,0.1400
2026-07-03,15:20:21,337973,0.0039,-0.0195,-0.9531,1.2600,-0
.5600,0.1400
2026-07-03,15:20:22,338073,0.0034,-0.0190,-0.9536,1.2600,-0.5600,0.1400
2026-07-03,15:20:22,338173,0.0039,-0.0205,-0.9526,1.2600,-0.3500,0.1400
2026-07-03,15:20:22,338278,0.0059,-0.0205,-0.9555,1.1900,-0.4900,0.1400
2026-07-03,
15:20:22,338373,0.0059,-0.0190,-0.9555,1.1900,-0.4200,0.0700
2026-07-03,15:20:22,338473,0.0049,-0.0195,-0.9555,1.1900,-0.4900,0.1400
2026-07-03,15:20:22,338573,0.0059,-0.0195,-0.9560,1.2600,-0.4900,0.1400
2026-07-03,15:20:22,338673,0.0039,-0
.0190,-0.9560,1.3300,-0.4900,0.1400
2026-07-03,15:20:22,338773,0.0063,-0.0205,-0.9531,1.1900,-0.5600,0.0700
2026-07-03,15:20:22,338873,0.0049,-0.0215,-0.9560,1.2600,-0.4900,0.2100
2026-07-03,15:20:22,338978,0.0054,-0.0210,-0.9555,1.3300,-0.4
200,0.2100
2026-07-03,15:20:23,339073,0.0049,-0.0205,-0.9555,1.1900,-0.3500,0.1400
2026-07-03,15:20:23,339173,0.0049,-0.0176,-0.9560,1.2600,-0.5600,0.1400
2026-07-03,15:20:23,339273,0.0049,-0.0200,-0.9550,1.1900,-0.4200,0.1400
2026-07-03,15
:20:23,339373,0.0068,-0.0185,-0.9545,1.1900,-0.4900,0.1400
2026-07-03,15:20:23,339473,0.0068,-0.0176,-0.9550,1.1900,-0.5600,0.1400
2026-07-03,15:20:23,339573,0.0049,-0.0205,-0.9550,1.2600,-0.5600,0.2100
2026-07-03,15:20:23,339678,0.0044,-0.0
195,-0.9536,1.1900,-0.6300,0.2100
2026-07-03,15:20:23,339773,0.0039,-0.0195,-0.9565,1.2600,-0.7000,0.1400
2026-07-03,15:20:23,339873,0.0049,-0.0195,-0.9540,1.2600,-0.6300,0.0700
2026-07-03,15:20:23,339973,0.0068,-0.0195,-0.9540,1.1900,-0.490
0,0.1400
2026-07-03,15:20:24,340073,0.0039,-0.0205,-0.9589,1.3300,-0.6300,0.0700
2026-07-03,15:20:24,340173,0.0034,-0.0200,-0.9545,1.3300,-0.4200,0.2100
2026-07-03,15:20:24,340273,0.0073,-0.0185,-0.9570,1.2600,-0.4200,0.0700
2026-07-03,15:2
0:24,340377,0.0073,-0.0200,-0.9560,1.2600,-0.4200,0.1400
2026-07-03,15:20:24,340473,0.0049,-0.0210,-0.9545,1.1900,-0.5600,0.1400
2026-07-03,15:20:24,340573,0.0044,-0.0215,-0.9550,1.2600,-0.5600,0.1400
2026-07-03,15:20:24,340673,0.0073,-0.020
0,-0.9575,1.2600,-0.4200,0.1400
2026-07-03,15:20:24,340777,0.0078,-0.0190,-0.9545,1.2600,-0.5600,0.2100
2026-07-03,15:20:24,340873,0.0039,-0.0200,-0.9555,1.2600,-0.4900,0.1400
2026-07-03,15:20:24,340973,0.0024,-0.0200,-0.9560,1.2600,-0.4200,
0.1400
2026-07-03,15:20:25,341079,0.0039,-0.0200,-0.9545,1.1900,-0.4900,0.0700
2026-07-03,15:20:25,341173,0.0059,-0.0224,-0.9550,1.1900,-0.6300,0.2100
2026-07-03,15:20:25,341273,0.0049,-0.0205,-0.9540,1.1900,-0.6300,0.1400
2026-07-03,15:20:
25,341373,0.0054,-0.0205,-0.9536,1.2600,-0.4900,0.0700
2026-07-03,15:20:25,341473,0.0049,-0.0200,-0.9531,1.2600,-0.4200,0.0700
2026-07-03,15:20:25,341573,0.0024,-0.0229,-0.9565,1.2600,-0.6300,0.1400
2026-07-03,15:20:25,341673,0.0049,-0.0210,
-0.9550,1.2600,-0.5600,0.1400
2026-07-03,15:20:25,341773,0.0063,-0.0195,-0.9570,1.1900,-0.4900,0.2100
2026-07-03,15:20:25,341873,0.0049,-0.0210,-0.9555,1.1900,-0.5600,0.0000
2026-07-03,15:20:25,341973,0.0059,-0.0190,-0.9536,1.2600,-0.6300,0.
1400
2026-07-03,15:20:26,342073,0.0039,-0.0190,-0.9531,1.0500,-0.7000,0.1400
2026-07-03,15:20:26,342173,0.0063,-0.0278,-0.9711,1.0500,-1.1200,0.2100
2026-07-03,15:20:26,342273,0.0049,-0.0200,-0.9902,1.1900,-0.9100,0.4200
2026-07-03,15:20:26
,342373,0.0122,-0.0034,-0.9487,1.4000,-0.5600,0.1400
2026-07-03,15:20:26,342473,0.0185,-0.0342,-0.9701,1.2600,-0.4200,0.0000
2026-07-03,15:20:26,342573,0.0015,-0.0205,-0.9570,1.1200,-0.6300,0.0700
2026-07-03,15:20:26,342673,-0.0049,-0.0142,-
0.9472,1.3300,-0.5600,0.1400
2026-07-03,15:20:26,342773,0.0010,-0.0239,-0.9516,1.2600,-0.5600,0.2100
2026-07-03,15:20:26,342873,0.0063,-0.0185,-0.9560,1.1900,-0.4900,0.2800
2026-07-03,15:20:26,342973,0.0102,-0.0171,-0.9575,1.2600,-0.5600,0.1
400
2026-07-03,15:20:27,343073,0.0093,-0.0200,-0.9555,1.2600,-0.5600,0.0700
2026-07-03,15:20:27,343173,0.0029,-0.0200,-0.9545,1.1200,-0.4900,0.1400
2026-07-03,15:20:27,343273,-0.0010,-0.0210,-0.9540,1.2600,-0.4900,0.1400
2026-07-03,15:20:27
,343373,0.0024,-0.0215,-0.9516,1.1900,-0.4900,0.1400
2026-07-03,15:20:27,343473,0.0044,-0.0210,-0.9550,1.2600,-0.4900,0.1400
2026-07-03,15:20:27,343573,0.0049,-0.0200,-0.9350,1.6100,0.1400,0.0700
2026-07-03,15:20:27,343673,-0.0015,-0.0034,-0
.9394,1.3300,-0.4900,0.0000
2026-07-03,15:20:27,343773,0.0073,-0.0386,-0.9760,1.1900,-0.5600,0.0000
2026-07-03,15:20:27,343873,0.0078,-0.0146,-0.9516,1.2600,-0.5600,0.2100
2026-07-03,15:20:27,343973,0.0078,-0.0161,-0.9540,1.2600,-0.4200,0.14
00
2026-07-03,15:20:28,344073,0.0005,-0.0181,-0.9516,1.1900,-0.7000,0.1400
2026-07-03,15:20:28,344173,-0.0015,-0.0239,-0.9536,1.2600,-0.4900,0.1400
2026-07-03,15:20:28,344273,0.0083,-0.0264,-0.9589,1.1200,-0.7000,0.0700
2026-07-03,15:20:28,
344373,0.0020,-0.0200,-0.9492,1.1900,-0.7000,0.1400
2026-07-03,15:20:28,344473,-0.0015,-0.0234,-0.9521,1.2600,-0.4900,0.0000
2026-07-03,15:20:28,344573,0.0024,-0.0283,-0.9550,1.1200,-0.7000,0.1400
2026-07-03,15:20:28,344673,0.0020,-0.0185,-0
.9545,1.1200,-0.7700,0.1400
2026-07-03,15:20:28,344773,0.0039,-0.0015,-0.9570,1.2600,-0.7000,0.2800
2026-07-03,15:20:28,344873,0.0068,-0.0332,-0.9584,1.3300,-0.6300,0.1400
2026-07-03,15:20:28,344973,0.0093,-0.0200,-0.9526,1.1900,-0.4200,0.14
00
2026-07-03,15:20:29,345073,0.0005,-0.0132,-0.9609,1.3300,-0.6300,0.1400
2026-07-03,15:20:29,345173,-0.0024,-0.0259,-0.9594,1.3300,-0.4200,0.1400
2026-07-03,15:20:29,345273,0.0039,-0.0137,-0.9531,1.3300,-0.4900,0.0000
2026-07-03,15:20:29,
345373,0.0005,-0.0200,-0.9492,0.9800,-0.4200,0.1400
2026-07-03,15:20:29,345473,-0.0088,-0.0176,-0.9628,1.3300,-0.7000,0.1400
2026-07-03,15:20:29,345573,0.0029,-0.0259,-0.9526,1.2600,-0.4900,0.2100
2026-07-03,15:20:29,345673,0.0127,-0.0234,-0
.9555,1.2600,-0.4900,0.1400
2026-07-03,15:20:29,345777,0.0102,-0.0132,-0.9531,1.2600,-0.3500,0.1400
2026-07-03,15:20:29,345873,-0.0010,-0.0107,-0.9492,1.4000,-0.3500,0.0700
2026-07-03,15:20:29,345978,-0.0083,-0.0249,-0.9233,1.3300,-0.0700,0.
0700
2026-07-03,15:20:30,346073,-0.0005,-0.0303,-0.9687,1.2600,-0.3500,0.1400
2026-07-03,15:20:30,346173,0.0059,-0.0127,-0.9496,1.3300,-0.5600,0.1400
2026-07-03,15:20:30,346273,0.0122,-0.0210,-0.9589,1.1900,-0.6300,0.0700
2026-07-03,15:20:3
0,346373,0.0068,-0.0205,-0.9511,1.1900,-0.5600,0.0700
2026-07-03,15:20:30,346473,-0.0039,-0.0146,-0.9555,1.1900,-0.7700,0.1400
2026-07-03,15:20:30,346573,0.0015,-0.0268,-0.9726,1.2600,-0.7700,0.0700
2026-07-03,15:20:30,346678,0.0024,-0.0288,
-0.9648,1.2600,-0.7000,0.2800
2026-07-03,15:20:30,346773,0.0102,-0.0137,-0.9594,1.2600,-0.2100,0.0700
2026-07-03,15:20:30,346873,-0.0010,-0.0200,-0.9692,1.2600,-0.4200,0.1400
2026-07-03,15:20:30,346973,-0.0024,-0.0312,-0.9589,1.1200,-0.7000,
0.2100
2026-07-03,15:20:31,347073,0.0000,-0.0205,-0.9521,1.1900,-0.6300,0.1400
2026-07-03,15:20:31,347173,0.0029,-0.0195,-0.9565,1.2600,-0.5600,0.2100
2026-07-03,15:20:31,347273,0.0098,-0.0185,-0.9531,1.1900,-0.6300,0.1400
2026-07-03,15:20:
31,347377,0.0102,-0.0176,-0.9579,1.1900,-0.4200,0.0700
2026-07-03,15:20:31,347473,0.0098,-0.0200,-0.9565,1.2600,-0.6300,0.1400
2026-07-03,15:20:31,347573,0.0039,-0.0200,-0.9550,1.1900,-0.4900,0.2100
2026-07-03,15:20:31,347673,0.0015,-0.0210,
-0.9531,1.2600,-0.5600,0.0700
2026-07-03,15:20:31,347773,0.0020,-0.0220,-0.9570,1.1900,-0.5600,0.0700
2026-07-03,15:20:31,347873,-0.0049,-0.0205,-0.9579,1.2600,-0.6300,0.1400
2026-07-03,15:20:31,347973,-0.0015,-0.0224,-0.9550,1.1200,-0.6300,
0.2100
2026-07-03,15:20:32,348078,0.0073,-0.0171,-0.9550,1.1900,-0.7000,0.0700
2026-07-03,15:20:32,348173,0.0088,-0.0224,-0.9536,1.1900,-0.5600,0.1400
2026-07-03,15:20:32,348273,0.0073,-0.0224,-0.9477,1.2600,-0.4900,0.0000
2026-07-03,15:20:
32,348373,-0.0005,-0.0190,-0.9506,1.4000,-0.2100,0.1400
2026-07-03,15:20:32,348473,0.0088,-0.0088,-0.9526,1.1900,-0.8400,0.2100
2026-07-03,15:20:32,348573,0.0161,-0.0200,-0.9506,1.2600,-0.2800,0.0700
2026-07-03,15:20:32,348673,0.0000,-0.0249
,-0.9584,1.1200,-0.4200,0.0700
2026-07-03,15:20:32,348778,-0.0034,-0.0220,-0.9545,1.1200,-0.7000,0.1400
2026-07-03,15:20:32,348873,0.0015,-0.0244,-0.9540,1.2600,-0.4200,0.2800
2026-07-03,15:20:32,348973,0.0078,-0.0181,-0.9536,1.1900,-0.5600,
0.0700
2026-07-03,15:20:33,349073,0.0044,-0.0205,-0.9594,1.1900,-0.4900,0.2100
2026-07-03,15:20:33,349173,0.0054,-0.0220,-0.9555,1.1900,-0.6300,0.1400
2026-07-03,15:20:33,349273,0.0034,-0.0224,-0.9545,1.1900,-0.5600,0.1400
2026-07-03,15:20:
33,349373,0.0034,-0.0215,-0.9555,1.3300,-0.4900,0.1400
2026-07-03,15:20:33,349478,0.0059,-0.0185,-0.9570,1.3300,-0.4200,0.1400
2026-07-03,15:20:33,349573,0.0059,-0.0205,-0.9545,1.2600,-0.4900,0.1400
2026-07-03,15:20:33,349673,0.0059,-0.0229,
-0.9511,1.1900,-0.3500,0.0700
2026-07-03,15:20:33,349773,0.0034,-0.0234,-0.9540,1.2600,-0.5600,0.0700
2026-07-03,15:20:33,349873,0.0029,-0.0205,-0.9536,1.2600,-0.5600,0.1400
2026-07-03,15:20:33,349973,0.0024,-0.0200,-0.9516,1.1900,-0.4900,0.
1400
2026-07-03,15:20:34,350073,0.0044,-0.0176,-0.9536,1.1200,-0.7000,0.2100
2026-07-03,15:20:34,350178,0.0024,-0.0176,-0.9531,1.2600,-0.5600,0.1400
2026-07-03,15:20:34,350273,0.0039,-0.0249,-0.9531,1.1200,-0.4200,0.1400
2026-07-03,15:20:34
,350373,0.0039,-0.0229,-0.9560,1.1900,-0.6300,0.1400
2026-07-03,15:20:34,350473,0.0010,-0.0185,-0.9536,1.2600,-0.5600,0.1400
2026-07-03,15:20:34,350573,0.0034,-0.0210,-0.9492,1.1900,-0.4900,0.2100
2026-07-03,15:20:34,350673,0.0049,-0.0190,-0
.9599,1.2600,-0.4900,0.1400
2026-07-03,15:20:34,350777,0.0044,-0.0244,-0.9579,1.1200,-0.7000,0.2100
2026-07-03,15:20:34,350877,0.0059,-0.0132,-0.9496,1.2600,-0.4900,0.2100
2026-07-03,15:20:34,350973,-0.0005,-0.0264,-0.9570,1.2600,-0.4200,0.1
400
2026-07-03,15:20:35,351073,0.0063,-0.0200,-0.9565,1.2600,-0.4900,0.1400
2026-07-03,15:20:35,351173,0.0024,-0.0215,-0.9565,1.1900,-0.4900,0.1400
2026-07-03,15:20:35,351273,0.0068,-0.0200,-0.9560,1.1900,-0.5600,0.1400
2026-07-03,15:20:35,
351373,0.0078,-0.0249,-0.9604,1.1200,-0.5600,0.2100
2026-07-03,15:20:35,351473,0.0049,-0.0156,-0.9531,1.2600,-0.3500,0.1400
2026-07-03,15:20:35,351578,0.0083,-0.0200,-0.9584,1.1900,-0.5600,0.2100
2026-07-03,15:20:35,351673,0.0039,-0.0220,-0.
9550,1.3300,-0.5600,0.2800
2026-07-03,15:20:35,351773,0.0039,-0.0210,-0.9536,1.2600,-0.4900,0.1400
2026-07-03,15:20:35,351873,0.0049,-0.0210,-0.9584,1.1900,-0.4900,0.1400
2026-07-03,15:20:35,351973,0.0039,-0.0205,-0.9516,1.2600,-0.5600,0.140
0
2026-07-03,15:20:36,352073,0.0044,-0.0224,-0.9550,1.1900,-0.7000,0.1400
2026-07-03,15:20:36,352173,0.0020,-0.0195,-0.9545,1.2600,-0.5600,0.1400
2026-07-03,15:20:36,352278,0.0049,-0.0205,-0.9540,1.1900,-0.6300,0.0700
2026-07-03,15:20:36,35
2373,0.0059,-0.0195,-0.9540,1.2600,-0.4200,0.2100
2026-07-03,15:20:36,352473,0.0049,-0.0220,-0.9545,1.2600,-0.4900,0.1400
2026-07-03,15:20:36,352573,0.0049,-0.0200,-0.9575,1.3300,-0.4200,0.2100
2026-07-03,15:20:36,352673,0.0005,-0.0210,-0.95
79,1.2600,-0.5600,0.0700
2026-07-03,15:20:36,352773,0.0073,-0.0239,-0.9555,1.2600,-0.6300,0.1400
2026-07-03,15:20:36,352873,0.0117,-0.0146,-0.9516,1.1900,-0.4200,0.1400
2026-07-03,15:20:36,352978,0.0068,-0.0166,-0.9560,1.2600,-0.4900,0.2100
2026-07-03,15:20:37,353073,0.0127,-0.0303,-0.9443,1.1900,-0.8400,0.2100
2026-07-03,15:20:37,353173,-0.0020,-0.0205,-0.9604,1.1900,-0.6300,0.1400
2026-07-03,15:20:37,353273,-0.0010,-0.0273,-0.9570,1.1900,-0.4900,0.1400
2026-07-03,15:20:37,35
3373,0.0078,-0.0210,-0.9584,1.1200,-0.6300,0.2100
2026-07-03,15:20:37,353473,0.0024,-0.0224,-0.9921,1.1200,-0.4900,0.2100
2026-07-03,15:20:37,353573,0.0029,-0.0249,-0.9570,1.1900,-0.5600,0.0700
2026-07-03,15:20:37,353678,-0.0020,-0.0288,-0.9
658,1.1900,-0.6300,0.2100
2026-07-03,15:20:37,353773,0.0054,-0.0190,-0.9550,1.1900,-0.5600,0.1400
2026-07-03,15:20:37,353873,0.0083,-0.0215,-0.9540,1.2600,-0.4200,0.0700
2026-07-03,15:20:37,353973,0.0093,-0.0224,-0.9570,1.2600,-0.5600,0.1400
2026-07-03,15:20:38,354073,0.0083,-0.0220,-0.9555,1.1900,-0.5600,0.2100
2026-07-03,15:20:38,354173,0.0049,-0.0205,-0.9560,1.1900,-0.6300,0.1400
2026-07-03,15:20:38,354273,0.0029,-0.0215,-0.9565,1.2600,-0.6300,0.1400
2026-07-03,15:20:38,354
377,0.0059,-0.0229,-0.9555,1.1900,-0.5600,0.1400
2026-07-03,15:20:38,354473,0.0083,-0.0220,-0.9531,1.1200,-0.6300,0.1400
2026-07-03,15:20:38,354573,0.0054,-0.0215,-0.9584,1.1200,-0.6300,0.2100
2026-07-03,15:20:38,354673,0.0039,-0.0176,-0.956
0,1.2600,-0.4900,0.2100
2026-07-03,15:20:38,354773,0.0068,-0.0254,-0.9575,1.0500,-0.6300,0.1400
2026-07-03,15:20:38,354873,0.0015,-0.0190,-0.9560,1.1900,-0.6300,0.1400
2026-07-03,15:20:38,354973,0.0068,-0.0249,-0.9560,1.2600,-0.5600,0.1400
2026-07-03,15:20:39,355078,0.0073,-0.0210,-0.9584,1.1900,-0.4900,0.1400
2026-07-03,15:20:39,355173,0.0161,-0.0215,-0.9570,1.1900,-0.7000,0.0700
2026-07-03,15:20:39,355273,0.0078,-0.0205,-0.9540,1.1200,-0.7000,0.1400
2026-07-03,15:20:39,35537
3,0.0015,-0.0195,-0.9453,1.2600,-0.4200,0.0700
2026-07-03,15:20:39,355473,-0.0068,-0.0244,-0.9560,1.1200,-0.2800,0.2100
2026-07-03,15:20:39,355573,-0.0010,-0.0224,-0.9609,1.1900,-0.7000,0.2100
2026-07-03,15:20:39,355673,0.0107,-0.0171,-0.961
8,1.1900,-0.4900,0.2100
2026-07-03,15:20:39,355779,0.0146,-0.0142,-0.9545,1.3300,-0.4900,0.1400
2026-07-03,15:20:39,355873,0.0132,-0.0200,-0.9579,1.2600,-0.6300,0.1400
2026-07-03,15:20:39,355973,0.0054,-0.0293,-0.9565,1.3300,-0.4200,0.1400
2026-07-03,15:20:40,356073,-0.0078,-0.0268,-0.9579,1.2600,-0.4200,0.0700
2026-07-03,15:20:40,356173,-0.0010,-0.0205,-0.9496,1.1900,-0.6300,0.0700
2026-07-03,15:20:40,356273,0.0102,-0.0171,-0.9467,1.1900,-0.5600,0.2100
2026-07-03,15:20:40,356
373,0.0161,-0.0107,-0.9614,1.2600,-0.5600,0.0700
2026-07-03,15:20:40,356478,0.0054,-0.0264,-0.9672,1.3300,-0.4900,0.2100
2026-07-03,15:20:40,356573,-0.0029,-0.0234,-0.9531,1.2600,-0.6300,0.1400
2026-07-03,15:20:40,356673,-0.0024,-0.0239,-0.9
575,1.1900,-0.7000,0.0700
2026-07-03,15:20:40,356773,0.0107,-0.0200,-0.9536,1.1900,-0.7000,0.0700
2026-07-03,15:20:40,356873,0.0142,-0.0142,-0.9472,1.1900,-0.6300,0.1400
2026-07-03,15:20:40,356973,0.0112,-0.0176,-0.9540,1.1900,-0.5600,0.2100
2026-07-03,15:20:41,357073,0.0020,-0.0205,-0.9545,1.2600,-0.4900,0.1400
2026-07-03,15:20:41,357178,-0.0010,-0.0234,-0.9579,1.2600,-0.4200,0.1400
2026-07-03,15:20:41,357273,0.0020,-0.0239,-0.9477,1.2600,-0.5600,0.2100
2026-07-03,15:20:41,35
7373,0.0049,-0.0185,-0.9531,1.1200,-0.5600,0.1400
2026-07-03,15:20:41,357473,0.0088,-0.0151,-0.9594,1.1200,-0.4900,0.2100
2026-07-03,15:20:41,357573,0.0078,-0.0210,-0.9579,1.2600,-0.6300,0.0700
2026-07-03,15:20:41,357673,0.0005,-0.0278,-0.96
62,1.3300,-0.4200,0.1400
2026-07-03,15:20:41,357773,0.0015,-0.0273,-0.9531,1.2600,-0.3500,0.1400
2026-07-03,15:20:41,357877,0.0005,-0.0234,-0.9272,1.1900,-0.1400,0.1400
2026-07-03,15:20:41,357973,0.0068,-0.0137,-0.9526,1.3300,-0.3500,0.0700
2026-07-03,15:20:42,358073,0.0078,-0.0195,-0.9531,1.2600,-0.6300,0.2100
2026-07-03,15:20:42,358173,0.0039,-0.0239,-0.9614,1.2600,-0.5600,0.1400
2026-07-03,15:20:42,358273,0.0044,-0.0307,-0.9536,1.1200,-0.7000,0.2100
2026-07-03,15:20:42,3583
73,0.0000,-0.0190,-0.9555,1.1900,-0.7000,0.1400
2026-07-03,15:20:42,358473,0.0044,-0.0220,-0.9545,1.1900,-0.5600,0.1400
2026-07-03,15:20:42,358578,0.0098,-0.0210,-0.9584,1.1900,-0.7000,0.2800
2026-07-03,15:20:42,358673,0.0107,-0.0166,-0.9545
,1.2600,-0.6300,0.1400
2026-07-03,15:20:42,358773,0.0059,-0.0283,-0.9809,1.1200,-0.4200,0.1400
2026-07-03,15:20:42,358873,0.0068,-0.0249,-0.9648,1.0500,-0.4900,0.2100
2026-07-03,15:20:42,358973,0.0059,-0.0171,-0.9570,1.1900,-0.6300,0.1400
2
026-07-03,15:20:43,359073,0.0098,-0.0083,-0.9506,1.3300,-0.4900,0.0000
2026-07-03,15:20:43,359173,0.0010,-0.0234,-0.9589,1.2600,-0.4200,0.1400
2026-07-03,15:20:43,359278,0.0010,-0.0215,-0.9555,1.0500,-0.6300,0.3500
2026-07-03,15:20:43,359373
,0.0005,-0.0200,-0.9531,1.1900,-0.4900,0.2100
2026-07-03,15:20:43,359473,0.0054,-0.0220,-0.9521,1.1900,-0.4900,0.1400
2026-07-03,15:20:43,359573,0.0054,-0.0220,-0.9511,1.2600,-0.5600,0.1400
2026-07-03,15:20:43,359673,0.0059,-0.0176,-0.9565,1
.1200,-0.7000,0.2100
2026-07-03,15:20:43,359773,0.0107,-0.0185,-0.9579,1.1900,-0.7000,0.0000
2026-07-03,15:20:43,359873,0.0049,-0.0156,-0.9614,1.4000,-0.4900,0.1400
2026-07-03,15:20:43,359978,0.0063,-0.0220,-0.9609,1.1900,-0.4200,0.1400
202
6-07-03,15:20:44,360073,0.0063,-0.0190,-0.9579,1.2600,-0.4900,0.1400
2026-07-03,15:20:44,360173,0.0020,-0.0200,-0.9560,1.2600,-0.4900,0.2100
2026-07-03,15:20:44,360273,0.0044,-0.0200,-0.9540,1.1900,-0.6300,0.1400
2026-07-03,15:20:44,360373,0
.0015,-0.0220,-0.9321,1.1900,-0.4200,0.0700
2026-07-03,15:20:44,360473,0.0068,-0.0224,-0.9482,1.1900,-0.4900,0.0700
2026-07-03,15:20:44,360573,0.0039,-0.0229,-0.9550,1.1900,-0.5600,0.0700
2026-07-03,15:20:44,360673,0.0068,-0.0166,-0.9496,1.1
200,-0.7000,0.1400
2026-07-03,15:20:44,360777,0.0049,-0.0224,-0.9604,1.0500,-0.5600,0.2100
2026-07-03,15:20:44,360873,0.0039,-0.0215,-0.9565,1.1900,-0.4900,0.1400
2026-07-03,15:20:44,360973,0.0020,-0.0181,-0.9570,1.2600,-0.5600,0.2100
2026-
07-03,15:20:45,361073,0.0024,-0.0205,-0.9565,1.2600,-0.4900,0.1400
2026-07-03,15:20:45,361173,0.0059,-0.0176,-0.9560,1.3300,-0.6300,0.2100
2026-07-03,15:20:45,361273,0.0068,-0.0117,-0.9448,1.3300,-0.6300,0.2100
2026-07-03,15:20:45,361373,0.0
176,-0.0224,-0.9443,1.3300,-0.8400,0.1400
2026-07-03,15:20:45,361473,0.0073,-0.0190,-0.9457,1.1900,-0.5600,0.0700
2026-07-03,15:20:45,361573,-0.0034,-0.0073,-0.9482,1.2600,-0.3500,0.0000
2026-07-03,15:20:45,361673,0.0010,-0.0239,-0.9560,1.26
00,-0.5600,0.1400
2026-07-03,15:20:45,361773,0.0054,-0.0200,-0.9545,1.2600,-0.5600,0.1400
2026-07-03,15:20:45,361873,0.0098,-0.0220,-0.9550,1.1900,-0.6300,0.1400
2026-07-03,15:20:45,361973,0.0059,-0.0229,-0.9550,1.2600,-0.5600,0.0700
2026-0
7-03,15:20:46,362073,0.0049,-0.0205,-0.9545,1.2600,-0.5600,0.0700
2026-07-03,15:20:46,362173,0.0059,-0.0195,-0.9521,1.1900,-0.4200,0.1400
2026-07-03,15:20:46,362273,0.0044,-0.0205,-0.9545,1.1900,-0.7000,0.1400
2026-07-03,15:20:46,362373,0.00
15,-0.0205,-0.9555,1.2600,-0.7000,0.0000
2026-07-03,15:20:46,362473,0.0063,-0.0220,-0.9555,1.2600,-0.4200,0.1400
2026-07-03,15:20:46,362573,0.0059,-0.0215,-0.9570,1.2600,-0.5600,0.1400
2026-07-03,15:20:46,362673,0.0063,-0.0200,-0.9555,1.1900
,-0.5600,0.1400
2026-07-03,15:20:46,362773,0.0029,-0.0200,-0.9550,1.1900,-0.6300,0.1400
2026-07-03,15:20:46,362873,0.0054,-0.0224,-0.9526,1.2600,-0.5600,0.1400
2026-07-03,15:20:46,362973,0.0054,-0.0176,-0.9560,1.0500,-0.6300,0.0700
2026-07-
03,15:20:47,363073,-0.0068,0.0034,-0.9633,1.0500,-0.9100,0.4200
2026-07-03,15:20:47,363173,0.0034,-0.0200,-0.9653,1.4000,-0.4200,0.0700
2026-07-03,15:20:47,363273,0.0034,-0.0366,-0.9677,1.1900,-0.5600,0.1400
2026-07-03,15:20:47,363373,0.0068
,-0.0185,-0.9550,1.2600,-0.4900,0.0700
2026-07-03,15:20:47,363473,0.0044,-0.0176,-0.9555,1.1900,-0.6300,0.1400
2026-07-03,15:20:47,363573,0.0049,-0.0185,-0.9555,1.1900,-0.5600,0.1400
2026-07-03,15:20:47,363673,0.0044,-0.0215,-0.9531,1.2600,-
0.3500,0.1400
2026-07-03,15:20:47,363773,0.0015,-0.0210,-0.9560,1.1900,-0.5600,0.2100
2026-07-03,15:20:47,363873,0.0044,-0.0234,-0.9575,1.1900,-0.4900,0.0700
2026-07-03,15:20:47,363973,0.0059,-0.0190,-0.9560,1.2600,-0.4900,0.1400
2026-07-03
,15:20:48,364073,0.0034,-0.0215,-0.9575,1.1900,-0.5600,0.1400
2026-07-03,15:20:48,364173,0.0015,-0.0220,-0.9565,1.0500,-0.7700,0.2100
2026-07-03,15:20:48,364273,0.0176,-0.0298,-0.9721,1.3300,-0.4200,0.0700
2026-07-03,15:20:48,364373,0.0127,-
0.0190,-0.9565,1.1900,-0.7700,0.2100
2026-07-03,15:20:48,364473,0.0029,-0.0151,-0.9487,1.2600,-0.5600,0.1400
2026-07-03,15:20:48,364573,0.0005,-0.0254,-0.9599,1.1900,-0.4200,0.0700
2026-07-03,15:20:48,364673,-0.0010,-0.0210,-0.9536,1.1900,-0
.5600,0.0700
2026-07-03,15:20:48,364773,0.0049,-0.0195,-0.9526,1.2600,-0.6300,0.0700
2026-07-03,15:20:48,364873,0.0078,-0.0200,-0.9536,1.3300,-0.5600,0.1400
2026-07-03,15:20:48,364973,0.0073,-0.0181,-0.9589,1.6800,-0.4900,0.0700
2026-07-03,
15:20:49,365073,0.0024,-0.0122,-0.9570,1.1200,-0.4900,0.1400
2026-07-03,15:20:49,365173,0.0044,-0.0249,-0.9448,0.3500,-0.8400,0.2800
2026-07-03,15:20:49,365273,0.0020,-0.0195,-0.9526,1.4000,-0.2800,0.2100
2026-07-03,15:20:49,365373,0.0039,-0
.0176,-0.9570,1.2600,-0.6300,0.2100
2026-07-03,15:20:49,365473,0.0054,-0.0215,-0.9584,1.8900,-0.3500,0.2100
2026-07-03,15:20:49,365573,0.0049,-0.0215,-0.9560,1.1900,-0.4900,0.1400
2026-07-03,15:20:49,365673,0.0005,-0.0176,-0.9589,1.2600,-0.6
300,0.1400
2026-07-03,15:20:49,365777,0.0063,-0.0205,-0.9545,1.1900,-0.6300,0.1400
2026-07-03,15:20:49,365873,0.0034,-0.0220,-0.9516,1.2600,-0.4900,0.0700
2026-07-03,15:20:49,365973,0.0029,-0.0200,-0.9570,1.2600,-0.4900,0.1400
2026-07-03,15
:20:50,366073,0.0029,-0.0156,-0.9536,1.2600,-0.2800,0.1400
2026-07-03,15:20:50,366173,0.0024,-0.0190,-0.9506,1.1900,-0.4900,0.1400
2026-07-03,15:20:50,366273,-0.0010,-0.0215,-0.9565,1.2600,-0.3500,0.1400
2026-07-03,15:20:50,366373,0.0068,-0.
0142,-0.9594,1.1900,-0.5600,0.1400
2026-07-03,15:20:50,366473,0.0098,-0.0249,-0.9599,1.2600,-0.5600,0.2100
2026-07-03,15:20:50,366573,0.0063,-0.0176,-0.9531,1.2600,-0.4900,0.1400
2026-07-03,15:20:50,366673,0.0049,-0.0195,-0.9545,1.1200,-0.42
00,0.1400
2026-07-03,15:20:50,366773,0.0015,-0.0220,-0.9531,1.2600,-0.6300,0.0700
2026-07-03,15:20:50,366873,0.0024,-0.0210,-0.9550,1.2600,-0.6300,0.2100
2026-07-03,15:20:50,366973,0.0054,-0.0190,-0.9545,1.2600,-0.4900,0.2100
2026-07-03,15:
20:51,367073,0.0059,-0.0200,-0.9540,1.2600,-0.5600,0.1400
2026-07-03,15:20:51,367173,0.0034,-0.0215,-0.9550,1.2600,-0.5600,0.1400
2026-07-03,15:20:51,367273,0.0054,-0.0220,-0.9550,1.3300,-0.6300,0.2100
2026-07-03,15:20:51,367373,0.0049,-0.02
00,-0.9555,1.1900,-0.5600,0.1400
2026-07-03,15:20:51,367473,0.0034,-0.0195,-0.9540,1.1900,-0.4900,0.1400
2026-07-03,15:20:51,367573,0.0039,-0.0215,-0.9560,1.3300,-0.4900,0.1400
2026-07-03,15:20:51,367673,0.0093,-0.0220,-0.9545,1.1900,-0.5600
,0.1400
2026-07-03,15:20:51,367773,0.0044,-0.0210,-0.9540,1.1900,-0.7700,0.1400
2026-07-03,15:20:51,367873,0.0020,-0.0185,-0.9531,1.2600,-0.4900,0.1400
2026-07-03,15:20:51,367973,0.0059,-0.0205,-0.9545,1.2600,-0.4900,0.2100
2026-07-03,15:20
:52,368073,0.0063,-0.0176,-0.9560,1.4000,-0.5600,0.1400
2026-07-03,15:20:52,368173,0.0044,-0.0195,-0.9545,1.1900,-0.4900,0.0700
2026-07-03,15:20:52,368273,0.0044,-0.0200,-0.9521,1.1900,-0.6300,0.1400
2026-07-03,15:20:52,368373,0.0029,-0.0210
,-0.9526,1.1900,-0.6300,0.0700
2026-07-03,15:20:52,368473,0.0039,-0.0215,-0.9516,1.3300,-0.4900,0.1400
2026-07-03,15:20:52,368573,0.0039,-0.0185,-0.9540,1.2600,-0.4900,0.1400
2026-07-03,15:20:52,368673,0.0034,-0.0215,-0.9555,1.2600,-0.5600,0
.1400
2026-07-03,15:20:52,368773,0.0107,-0.0146,-0.9521,1.2600,-0.5600,0.0700
2026-07-03,15:20:52,368873,0.0049,-0.0234,-0.9570,1.1900,-0.3500,0.1400
2026-07-03,15:20:52,368973,0.0049,-0.0190,-0.9570,1.1900,-0.7000,0.0700
2026-07-03,15:20:5
3,369073,0.0024,-0.0205,-0.9531,1.1900,-0.7000,0.2100
2026-07-03,15:20:53,369173,0.0059,-0.0220,-0.9579,1.1900,-0.5600,0.2100
2026-07-03,15:20:53,369273,0.0063,-0.0205,-0.9550,1.3300,-0.4900,0.1400
2026-07-03,15:20:53,369373,0.0054,-0.0176,-
0.9545,1.2600,-0.4200,0.0700
2026-07-03,15:20:53,369473,0.0059,-0.0215,-0.9545,1.2600,-0.4200,0.2100
2026-07-03,15:20:53,369573,0.0044,-0.0190,-0.9526,1.1200,-0.4900,0.1400
2026-07-03,15:20:53,369673,0.0044,-0.0215,-0.9575,1.1900,-0.5600,0.1
400
2026-07-03,15:20:53,369773,0.0044,-0.0205,-0.9550,1.2600,-0.3500,0.2100
2026-07-03,15:20:53,369873,0.0029,-0.0190,-0.9570,1.2600,-0.5600,0.1400
2026-07-03,15:20:53,369973,0.0063,-0.0200,-0.9565,1.2600,-0.6300,0.1400
2026-07-03,15:20:54,
370073,0.0073,-0.0190,-0.9565,1.2600,-0.4900,0.1400
2026-07-03,15:20:54,370173,0.0063,-0.0220,-0.9555,1.2600,-0.4900,0.1400
2026-07-03,15:20:54,370273,-0.0010,-0.0215,-0.9550,1.1200,-0.5600,0.2800
2026-07-03,15:20:54,370373,0.0044,-0.0185,-0
.9560,1.1900,-0.4900,0.2100
2026-07-03,15:20:54,370473,0.0039,-0.0205,-0.9555,1.1200,-0.6300,0.1400
2026-07-03,15:20:54,370573,0.0068,-0.0200,-0.9526,1.1900,-0.7000,0.1400
2026-07-03,15:20:54,370673,0.0044,-0.0200,-0.9555,1.2600,-0.4900,0.21
00
2026-07-03,15:20:54,370777,0.0073,-0.0215,-0.9555,1.2600,-0.4900,0.0700
2026-07-03,15:20:54,370873,0.0073,-0.0210,-0.9570,1.2600,-0.5600,0.1400
2026-07-03,15:20:54,370973,0.0034,-0.0210,-0.9560,1.2600,-0.7000,0.2100
2026-07-03,15:20:55,3
71073,0.0063,-0.0215,-0.9555,1.1900,-0.4200,0.0700
2026-07-03,15:20:55,371173,0.0029,-0.0195,-0.9536,1.2600,-0.4900,0.2100
2026-07-03,15:20:55,371273,0.0049,-0.0190,-0.9565,1.2600,-0.5600,0.1400
2026-07-03,15:20:55,371373,0.0059,-0.0210,-0.9
555,1.2600,-0.5600,0.1400
2026-07-03,15:20:55,371473,0.0039,-0.0205,-0.9555,1.1900,-0.5600,0.0700
2026-07-03,15:20:55,371573,0.0020,-0.0205,-0.9536,1.2600,-0.4900,0.1400
2026-07-03,15:20:55,371673,0.0054,-0.0215,-0.9570,1.2600,-0.5600,0.1400
2026-07-03,15:20:55,371773,0.0063,-0.0176,-0.9560,1.2600,-0.6300,0.2100
2026-07-03,15:20:55,371873,0.0088,-0.0190,-0.9536,1.1900,-0.5600,0.2100
2026-07-03,15:20:55,371973,0.0039,-0.0200,-0.9565,1.2600,-0.6300,0.1400
2026-07-03,15:20:56,372
073,0.0029,-0.0215,-0.9531,1.3300,-0.5600,0.0700
2026-07-03,15:20:56,372173,0.0034,-0.0195,-0.9570,1.3300,-0.5600,0.1400
2026-07-03,15:20:56,372273,0.0073,-0.0205,-0.9560,1.2600,-0.6300,0.0700
2026-07-03,15:20:56,372373,0.0078,-0.0171,-0.951
6,1.1900,-0.4200,0.2100
2026-07-03,15:20:56,372473,0.0059,-0.0205,-0.9584,1.2600,-0.4900,0.1400
2026-07-03,15:20:56,372573,0.0039,-0.0195,-0.9545,1.1900,-0.6300,0.1400
2026-07-03,15:20:56,372673,0.0049,-0.0195,-0.9550,1.1900,-0.4200,0.1400
2026-07-03,15:20:56,372773,0.0044,-0.0200,-0.9545,1.1900,-0.5600,0.1400
2026-07-03,15:20:56,372873,0.0049,-0.0185,-0.9560,1.2600,-0.5600,0.2100
2026-07-03,15:20:56,372973,0.0049,-0.0205,-0.9536,1.1200,-0.5600,0.1400
2026-07-03,15:20:57,37307
3,0.0063,-0.0215,-0.9614,1.3300,-0.3500,0.2100
2026-07-03,15:20:57,373173,0.0049,-0.0249,-0.9599,1.2600,-0.5600,0.1400
2026-07-03,15:20:57,373273,0.0068,-0.0166,-0.9550,1.2600,-0.4900,0.2100
2026-07-03,15:20:57,373373,0.0063,-0.0195,-0.9575,
1.2600,-0.4200,0.2100
2026-07-03,15:20:57,373473,0.0049,-0.0220,-0.9594,1.1900,-0.6300,0.1400
2026-07-03,15:20:57,373573,0.0034,-0.0220,-0.9545,1.2600,-0.5600,0.1400
2026-07-03,15:20:57,373673,0.0044,-0.0229,-0.9599,1.1900,-0.4900,0.0700
20
26-07-03,15:20:57,373773,0.0068,-0.0205,-0.9550,1.2600,-0.5600,0.1400
2026-07-03,15:20:57,373873,0.0068,-0.0205,-0.9531,1.2600,-0.5600,0.1400
2026-07-03,15:20:57,373973,0.0049,-0.0195,-0.9550,1.1900,-0.4900,0.0700
2026-07-03,15:20:58,374073,
0.0044,-0.0205,-0.9565,1.2600,-0.6300,0.1400
2026-07-03,15:20:58,374173,0.0039,-0.0205,-0.9560,1.1900,-0.5600,0.2100
2026-07-03,15:20:58,374273,0.0034,-0.0200,-0.9540,1.1900,-0.4900,0.1400
2026-07-03,15:20:58,374373,0.0059,-0.0190,-0.9579,1.
1900,-0.4900,0.1400
2026-07-03,15:20:58,374473,0.0039,-0.0190,-0.9555,1.1900,-0.4900,0.1400
2026-07-03,15:20:58,374573,0.0073,-0.0200,-0.9555,1.2600,-0.5600,0.0700
2026-07-03,15:20:58,374673,0.0073,-0.0200,-0.9550,1.3300,-0.4900,0.0700
2026
-07-03,15:20:58,374773,0.0078,-0.0215,-0.9550,1.2600,-0.4200,0.0700
2026-07-03,15:20:58,374873,0.0029,-0.0224,-0.9545,1.1900,-0.4200,0.1400
2026-07-03,15:20:58,374973,0.0044,-0.0210,-0.9560,1.2600,-0.6300,0.0700
2026-07-03,15:20:59,375073,0.
0044,-0.0215,-0.9540,1.2600,-0.5600,0.0700
2026-07-03,15:20:59,375173,0.0054,-0.0200,-0.9570,1.1900,-0.4200,0.2100
2026-07-03,15:20:59,375273,0.0063,-0.0190,-0.9565,1.3300,-0.5600,0.2100
2026-07-03,15:20:59,375373,0.0049,-0.0185,-0.9570,1.19
00,-0.4900,0.1400
2026-07-03,15:20:59,375473,0.0049,-0.0185,-0.9536,1.2600,-0.5600,0.0700
2026-07-03,15:20:59,375573,0.0049,-0.0220,-0.9565,1.1900,-0.4200,0.1400
2026-07-03,15:20:59,375673,0.0034,-0.0215,-0.9575,1.3300,-0.4900,0.2100
2026-0
7-03,15:20:59,375777,0.0059,-0.0200,-0.9540,1.1900,-0.4200,0.1400
2026-07-03,15:20:59,375873,0.0049,-0.0205,-0.9560,1.2600,-0.5600,0.2800
2026-07-03,15:20:59,375973,0.0063,-0.0195,-0.9545,1.2600,-0.6300,0.0700
2026-07-03,15:21:00,376073,0.00
39,-0.0210,-0.9555,1.1900,-0.6300,0.1400
2026-07-03,15:21:00,376173,0.0024,-0.0190,-0.9560,1.2600,-0.4900,0.2100
2026-07-03,15:21:00,376273,0.0059,-0.0195,-0.9540,1.2600,-0.4900,0.1400
2026-07-03,15:21:00,376373,0.0039,-0.0205,-0.9550,1.1900
,-0.4200,0.1400
2026-07-03,15:21:00,376473,0.0059,-0.0190,-0.9560,1.2600,-0.5600,0.1400
2026-07-03,15:21:00,376573,0.0059,-0.0224,-0.9560,1.1900,-0.4900,0.2100
2026-07-03,15:21:00,376673,0.0068,-0.0210,-0.9555,1.2600,-0.4200,0.1400
2026-07-
03,15:21:00,376773,0.0039,-0.0239,-0.9570,1.1200,-0.4900,0.1400
2026-07-03,15:21:00,376873,0.0049,-0.0205,-0.9555,1.1900,-0.4900,0.2100
2026-07-03,15:21:00,376973,0.0059,-0.0190,-0.9560,1.2600,-0.4900,0.0700
2026-07-03,15:21:01,377073,0.0059
,-0.0185,-0.9550,1.1900,-0.6300,0.1400
2026-07-03,15:21:01,377173,0.0049,-0.0210,-0.9540,1.2600,-0.5600,0.1400
2026-07-03,15:21:01,377273,0.0024,-0.0215,-0.9565,1.2600,-0.4900,0.0700
2026-07-03,15:21:01,377373,0.0024,-0.0210,-0.9540,1.1900,-
0.5600,0.2100
2026-07-03,15:21:01,377473,0.0044,-0.0205,-0.9560,1.2600,-0.4900,0.1400
2026-07-03,15:21:01,377573,0.0049,-0.0190,-0.9575,1.2600,-0.7000,0.1400
2026-07-03,15:21:01,377673,0.0039,-0.0190,-0.9550,1.2600,-0.7000,0.1400
2026-07-03
,15:21:01,377773,0.0059,-0.0200,-0.9555,1.2600,-0.4900,0.1400
2026-07-03,15:21:01,377873,0.0039,-0.0195,-0.9560,1.1900,-0.5600,0.1400
2026-07-03,15:21:01,377973,0.0049,-0.0200,-0.9545,1.1900,-0.4900,0.2100
2026-07-03,15:21:02,378073,0.0059,-
0.0200,-0.9555,1.1900,-0.6300,0.1400
2026-07-03,15:21:02,378173,0.0049,-0.0205,-0.9560,1.2600,-0.4900,0.2100
2026-07-03,15:21:02,378273,0.0039,-0.0190,-0.9565,1.1900,-0.4900,0.1400
2026-07-03,15:21:02,378373,0.0044,-0.0185,-0.9540,1.2600,-0.
2800,0.2100
2026-07-03,15:21:02,378473,0.0054,-0.0200,-0.9555,1.3300,-0.3500,0.1400
2026-07-03,15:21:02,378573,0.0049,-0.0210,-0.9555,1.1900,-0.4900,0.1400
2026-07-03,15:21:02,378673,0.0054,-0.0224,-0.9575,1.2600,-0.4900,0.2100
2026-07-03,1
5:21:02,378773,0.0049,-0.0190,-0.9545,1.1900,-0.5600,0.1400
2026-07-03,15:21:02,378873,0.0029,-0.0200,-0.9540,1.1900,-0.5600,0.0700
2026-07-03,15:21:02,378973,0.0054,-0.0220,-0.9565,1.3300,-0.5600,0.1400
2026-07-03,15:21:03,379073,0.0044,-0.
0195,-0.9560,1.3300,-0.4900,0.0700
2026-07-03,15:21:03,379173,0.0054,-0.0205,-0.9550,1.2600,-0.5600,0.1400
2026-07-03,15:21:03,379273,0.0044,-0.0200,-0.9545,1.2600,-0.6300,0.0700
2026-07-03,15:21:03,379373,0.0054,-0.0181,-0.9545,1.1900,-0.56
00,0.1400
2026-07-03,15:21:03,379473,0.0054,-0.0195,-0.9560,1.1200,-0.7000,0.1400
2026-07-03,15:21:03,379573,0.0044,-0.0210,-0.9565,1.2600,-0.5600,0.2100
2026-07-03,15:21:03,379673,0.0044,-0.0190,-0.9540,1.1900,-0.4900,0.1400
2026-07-03,15:
21:03,379773,0.0044,-0.0195,-0.9555,1.3300,-0.4900,0.2100
2026-07-03,15:21:03,379873,0.0049,-0.0224,-0.9579,1.2600,-0.4200,0.1400
2026-07-03,15:21:03,379973,0.0039,-0.0210,-0.9536,1.1900,-0.5600,0.1400
2026-07-03,15:21:04,380073,0.0039,-0.02
15,-0.9545,1.2600,-0.4900,0.0700
2026-07-03,15:21:04,380173,0.0034,-0.0200,-0.9550,1.2600,-0.4900,0.1400
2026-07-03,15:21:04,380273,0.0049,-0.0220,-0.9540,1.1900,-0.5600,0.1400
2026-07-03,15:21:04,380373,0.0054,-0.0220,-0.9560,1.2600,-0.4900
,0.1400
2026-07-03,15:21:04,380473,0.0034,-0.0205,-0.9545,1.1900,-0.5600,0.1400
2026-07-03,15:21:04,380573,0.0034,-0.0185,-0.9540,1.1900,-0.5600,0.0700
2026-07-03,15:21:04,380673,0.0034,-0.0205,-0.9565,1.2600,-0.6300,0.1400
2026-07-03,15:21
:04,380777,0.0034,-0.0229,-0.9526,1.2600,-0.5600,0.1400
2026-07-03,15:21:04,380873,0.0024,-0.0190,-0.9526,1.1900,-0.4200,0.2100
2026-07-03,15:21:04,380973,0.0039,-0.0220,-0.9555,1.2600,-0.5600,0.1400
2026-07-03,15:21:05,381073,0.0049,-0.0224
,-0.9560,1.1900,-0.5600,0.1400
2026-07-03,15:21:05,381173,0.0054,-0.0185,-0.9594,1.1900,-0.7000,0.1400
2026-07-03,15:21:05,381273,0.0063,-0.0190,-0.9521,1.2600,-0.6300,0.2100
2026-07-03,15:21:05,381373,0.0039,-0.0234,-0.9575,1.1900,-0.5600,0
.0700
2026-07-03,15:21:05,381473,0.0024,-0.0195,-0.9565,1.3300,-0.4900,0.1400
2026-07-03,15:21:05,381573,0.0039,-0.0181,-0.9628,1.4000,-0.4900,0.1400
2026-07-03,15:21:05,381673,-0.0020,-0.0195,-0.9467,1.1900,-0.4900,0.2800
2026-07-03,15:21:
05,381773,-0.0034,-0.0224,-0.9628,1.3300,-0.5600,0.1400
2026-07-03,15:21:05,381873,-0.0020,-0.0259,-0.9623,1.2600,-0.5600,0.2100
2026-07-03,15:21:05,381973,0.0044,-0.0224,-0.9550,1.1900,-0.4900,0.1400
2026-07-03,15:21:06,382073,0.0044,-0.019
0,-0.9584,1.1900,-0.5600,0.1400
2026-07-03,15:21:06,382173,0.0000,-0.0195,-0.9560,1.2600,-0.6300,0.1400
2026-07-03,15:21:06,382273,0.0073,-0.0181,-0.9521,1.1900,-0.4900,0.1400
2026-07-03,15:21:06,382373,0.0054,-0.0181,-0.9536,1.3300,-0.4900,
0.2100
2026-07-03,15:21:06,382473,0.0034,-0.0215,-0.9545,1.2600,-0.4900,0.1400
2026-07-03,15:21:06,382573,0.0005,-0.0200,-0.9560,1.3300,-0.5600,0.1400
2026-07-03,15:21:06,382673,0.0020,-0.0195,-0.9511,1.2600,-0.2100,0.1400
2026-07-03,15:21:
06,382773,0.0049,-0.0200,-0.9443,1.2600,-0.2800,0.0000
2026-07-03,15:21:06,382873,-0.0020,-0.0273,-0.9579,1.2600,-0.3500,0.1400
2026-07-03,15:21:06,382973,0.0015,-0.0210,-0.9550,1.2600,-0.4900,0.2800
2026-07-03,15:21:07,383073,0.0049,-0.0185
,-0.9560,1.1900,-0.4900,0.1400
2026-07-03,15:21:07,383173,0.0063,-0.0220,-0.9565,1.2600,-0.5600,0.1400
2026-07-03,15:21:07,383273,0.0068,-0.0200,-0.9550,1.1900,-0.6300,0.0700
2026-07-03,15:21:07,383373,0.0054,-0.0210,-0.9540,1.1900,-0.5600,0
.1400
2026-07-03,15:21:07,383473,0.0039,-0.0210,-0.9579,1.1900,-0.4900,0.2100
2026-07-03,15:21:07,383573,0.0039,-0.0190,-0.9545,1.2600,-0.5600,0.0700
2026-07-03,15:21:07,383673,0.0034,-0.0234,-0.9540,1.1900,-0.6300,0.2100
2026-07-03,15:21:0
7,383773,0.0044,-0.0200,-0.9540,1.2600,-0.5600,0.1400
2026-07-03,15:21:07,383873,0.0054,-0.0181,-0.9555,1.2600,-0.4200,0.1400
2026-07-03,15:21:07,383973,0.0078,-0.0215,-0.9614,1.3300,-0.6300,0.1400
2026-07-03,15:21:08,384073,0.0102,-0.0185,-
0.9521,1.1900,-0.5600,0.2100
2026-07-03,15:21:08,384173,0.0054,-0.0195,-0.9540,1.1900,-0.4900,0.1400
2026-07-03,15:21:08,384273,0.0029,-0.0210,-0.9584,1.3300,-0.6300,0.0700
2026-07-03,15:21:08,384373,0.0029,-0.0244,-0.9536,1.1900,-0.6300,0.1
400
2026-07-03,15:21:08,384473,0.0034,-0.0181,-0.9555,1.1900,-0.4900,0.2100
2026-07-03,15:21:08,384573,0.0063,-0.0185,-0.9589,1.3300,-0.5600,0.1400
2026-07-03,15:21:08,384673,0.0088,-0.0142,-0.9550,1.1900,-0.4200,0.0700
2026-07-03,15:21:08,
384773,0.0117,-0.0161,-0.9555,1.2600,-0.4900,0.1400
2026-07-03,15:21:08,384873,0.0020,-0.0200,-0.9496,1.2600,-0.4900,0.1400
2026-07-03,15:21:08,384973,0.0000,-0.0239,-0.9570,1.2600,-0.4900,0.1400
2026-07-03,15:21:09,385073,0.0024,-0.0220,-0.
9545,1.2600,-0.5600,0.1400
2026-07-03,15:21:09,385173,0.0039,-0.0190,-0.9565,1.2600,-0.5600,0.1400
2026-07-03,15:21:09,385273,0.0044,-0.0220,-0.9531,1.2600,-0.6300,0.1400
2026-07-03,15:21:09,385373,0.0063,-0.0185,-0.9531,1.1900,-0.6300,0.140
0
2026-07-03,15:21:09,385473,0.0020,-0.0195,-0.9628,1.2600,-0.6300,0.2100
2026-07-03,15:21:09,385573,0.0083,-0.0200,-0.9531,1.2600,-0.5600,0.0700
2026-07-03,15:21:09,385673,0.0049,-0.0264,-0.9521,1.2600,-0.4200,0.0700
2026-07-03,15:21:09,38
5777,0.0000,-0.0200,-0.9501,1.2600,-0.4200,0.1400
2026-07-03,15:21:09,385873,0.0044,-0.0215,-0.9584,1.2600,-0.5600,0.2100
2026-07-03,15:21:09,385973,0.0078,-0.0205,-0.9599,1.2600,-0.4200,0.2100
2026-07-03,15:21:10,386073,0.0068,-0.0181,-0.95
60,1.2600,-0.4200,0.1400
2026-07-03,15:21:10,386173,0.0010,-0.0229,-0.9545,1.1900,-0.4200,0.2100
2026-07-03,15:21:10,386273,-0.0015,-0.0229,-0.9550,1.1900,-0.5600,0.1400
2026-07-03,15:21:10,386373,-0.0020,-0.0215,-0.9545,1.1200,-0.4900,0.140
0
2026-07-03,15:21:10,386473,0.0083,-0.0176,-0.9531,1.2600,-0.6300,0.1400
2026-07-03,15:21:10,386573,0.0078,-0.0166,-0.9540,1.1900,-0.6300,0.1400
2026-07-03,15:21:10,386673,0.0107,-0.0151,-0.9570,1.1900,-0.4200,0.1400
2026-07-03,15:21:10,38
6773,0.0020,-0.0205,-0.9589,1.2600,-0.6300,0.1400
2026-07-03,15:21:10,386873,-0.0015,-0.0259,-0.9570,1.1900,-0.5600,0.1400
2026-07-03,15:21:10,386973,-0.0005,-0.0215,-0.9540,1.2600,-0.4200,0.1400
2026-07-03,15:21:11,387073,0.0054,-0.0205,-0.
9536,1.2600,-0.5600,0.1400
2026-07-03,15:21:11,387173,0.0073,-0.0185,-0.9555,1.2600,-0.6300,0.0700
2026-07-03,15:21:11,387273,0.0078,-0.0185,-0.9575,1.2600,-0.5600,0.1400
2026-07-03,15:21:11,387373,0.0073,-0.0205,-0.9560,1.1200,-0.4900,0.210
0
2026-07-03,15:21:11,387473,0.0034,-0.0234,-0.9545,1.2600,-0.4900,0.2100
2026-07-03,15:21:11,387573,0.0024,-0.0210,-0.9545,1.1900,-0.4200,0.2100
2026-07-03,15:21:11,387673,0.0010,-0.0185,-0.9555,1.2600,-0.4200,0.2100
2026-07-03,15:21:11,38
7773,0.0034,-0.0224,-0.9560,1.3300,-0.4200,0.1400
2026-07-03,15:21:11,387873,0.0054,-0.0210,-0.9584,1.2600,-0.5600,0.1400
2026-07-03,15:21:11,387973,0.0068,-0.0210,-0.9550,1.2600,-0.4900,0.2100
2026-07-03,15:21:12,388073,0.0024,-0.0215,-0.95
75,1.1900,-0.5600,0.1400
2026-07-03,15:21:12,388173,0.0059,-0.0200,-0.9599,1.3300,-0.4900,0.1400
2026-07-03,15:21:12,388273,0.0034,-0.0234,-0.9555,1.2600,-0.4900,0.1400
2026-07-03,15:21:12,388373,0.0049,-0.0205,-0.9599,1.1900,-0.5600,0.1400
2026-07-03,15:21:12,388473,0.0073,-0.0234,-0.9492,1.1200,-0.4900,0.0700
2026-07-03,15:21:12,388573,0.0029,-0.0224,-0.9536,1.2600,-0.7000,0.1400
2026-07-03,15:21:12,388673,0.0024,-0.0205,-0.9540,1.2600,-0.5600,0.0700
2026-07-03,15:21:12,3887
73,0.0049,-0.0229,-0.9521,1.1900,-0.3500,0.1400
2026-07-03,15:21:12,388873,0.0039,-0.0220,-0.9550,1.1900,-0.6300,0.0000
2026-07-03,15:21:12,388973,0.0029,-0.0181,-0.9555,1.1200,-0.4200,0.0700
2026-07-03,15:21:13,389073,0.0039,-0.0220,-0.9599
,1.1900,-0.5600,0.2100
2026-07-03,15:21:13,389173,0.0049,-0.0195,-0.9536,1.1900,-0.4900,0.1400
2026-07-03,15:21:13,389273,0.0034,-0.0205,-0.9555,1.2600,-0.4900,0.1400
2026-07-03,15:21:13,389373,0.0034,-0.0224,-0.9565,1.2600,-0.4900,0.2100
2
026-07-03,15:21:13,389473,0.0054,-0.0195,-0.9536,1.2600,-0.6300,0.1400
2026-07-03,15:21:13,389573,0.0054,-0.0205,-0.9555,1.1900,-0.4200,0.2100
2026-07-03,15:21:13,389673,0.0059,-0.0210,-0.9560,1.1200,-0.4900,0.0700
2026-07-03,15:21:13,389773
,0.0039,-0.0210,-0.9545,1.1900,-0.4900,0.1400
2026-07-03,15:21:13,389873,0.0034,-0.0200,-0.9555,1.2600,-0.6300,0.2100
2026-07-03,15:21:13,389973,0.0059,-0.0210,-0.9545,1.1900,-0.5600,0.1400
2026-07-03,15:21:14,390073,0.0039,-0.0215,-0.9545,1
.1900,-0.4900,0.2100
2026-07-03,15:21:14,390173,0.0044,-0.0190,-0.9540,1.3300,-0.3500,0.1400
2026-07-03,15:21:14,390273,0.0063,-0.0195,-0.9550,1.1200,-0.4900,0.1400
2026-07-03,15:21:14,390373,0.0063,-0.0220,-0.9560,1.2600,-0.5600,0.1400
202
6-07-03,15:21:14,390473,0.0049,-0.0224,-0.9536,1.1200,-0.7000,0.1400
2026-07-03,15:21:14,390573,-0.0034,-0.0102,-0.9531,1.0500,-0.7000,0.3500
2026-07-03,15:21:14,390673,0.0054,-0.0137,-0.9492,1.2600,-0.5600,0.2100
2026-07-03,15:21:14,390777,
0.0088,-0.0224,-0.9545,1.1900,-0.7000,0.1400
2026-07-03,15:21:14,390873,0.0063,-0.0215,-0.9575,1.2600,-0.5600,0.0700
2026-07-03,15:21:14,390973,0.0068,-0.0195,-0.9545,1.1900,-0.5600,0.1400
2026-07-03,15:21:15,391073,0.0034,-0.0215,-0.9550,1.
2600,-0.6300,0.1400
2026-07-03,15:21:15,391173,0.0054,-0.0190,-0.9550,1.2600,-0.5600,0.2100
2026-07-03,15:21:15,391273,0.0039,-0.0229,-0.9550,1.2600,-0.4900,0.2100
2026-07-03,15:21:15,391373,0.0044,-0.0205,-0.9560,1.2600,-0.4900,0.1400
2026
-07-03,15:21:15,391473,0.0068,-0.0176,-0.9545,1.1900,-0.4900,0.0700
2026-07-03,15:21:15,391573,0.0034,-0.0239,-0.9443,1.1900,-0.4900,0.1400
2026-07-03,15:21:15,391675,0.0034,-0.0239,-0.9506,1.0500,-0.9100,0.1400
2026-07-03,15:21:15,391778,0.
0034,-0.0205,-0.9526,1.2600,-0.5600,0.2100
2026-07-03,15:21:15,391878,0.0068,-0.0249,-0.9560,1.2600,-0.5600,0.1400
2026-07-03,15:21:15,391974,0.0078,-0.0205,-0.9570,1.3300,-0.4200,0.0700
2026-07-03,15:21:16,392078,0.0044,-0.0205,-0.9565,1.19
00,-0.4900,0.0700
-07-03,15:21:16,392179,0.0029,-0.0190,-0.9545,1.2600,-0.6300,0.1400
2026-07-03,15:21:16,392275,0.0034,-0.0220,-0.9594,1.2600,-0.4200,0.2100
2026-07-03,15:21:16,392377,0.0049,-0.0210,-0.9560,1.2600,-0.4200,0.1400
2026-07-03
,15:21:16,392479,0.0049,-0.0205,-0.9579,1.2600,-0.5600,0.1400
2026-07-03,15:21:16,392574,0.0044,-0.0205,-0.9560,1.2600,-0.4200,0.2100
2026-07-03,15:21:16,392678,0.0029,-0.0210,-0.9575,1.1900,-0.5600,0.1400
2026-07-03,15:21:16,392782,0.0049,-
0.0185,-0.9584,1.1900,-0.5600,0.1400
2026-07-03,15:21:16,392878,0.0059,-0.0200,-0.9570,1.1900,-0.4900,0.2800
2026-07-03,15:21:16,392978,0.0039,-0.0229,-0.9570,1.1900,-0.4900,0.1400
-07-03,15:21:17,393079,0.0063,-0.0210,-0.9570,1.1900,-0.4900
,0.0700
2026-07-03,15:21:17,393178,0.0054,-0.0220,-0.9555,1.2600,-0.4900,0.0700
2026-07-03,15:21:17,393278,0.0049,-0.0205,-0.9560,1.1900,-0.4900,0.2100
2026-07-03,15:21:17,393378,0.0044,-0.0195,-0.9594,1.1900,-0.5600,0.0700
2026-07-03,15:21
:17,393477,0.0059,-0.0215,-0.9575,1.1900,-0.5600,0.1400
2026-07-03,15:21:17,393580,0.0059,-0.0205,-0.9555,1.2600,-0.5600,0.1400
2026-07-03,15:21:17,393681,0.0054,-0.0215,-0.9594,1.2600,-0.5600,0.2100
2026-07-03,15:21:17,393777,0.0044,-0.0205
,-0.9575,1.3300,-0.2100,0.1400
2026-07-03,15:21:17,393879,0.0044,-0.0205,-0.9575,1.2600,-0.5600,0.0700
2026-07-03,15:21:17,393981,0.0039,-0.0195,-0.9560,1.2600,-0.6300,0.0700
2026-07-03,15:21:18,394077,0.0049,-0.0205,-0.9555,1.1900,-0.7000,0
.2100
2026-07-03,15:21:18,394181,0.0063,-0.0220,-0.9570,1.2600,-0.4900,0.1400
-07-03,15:21:18,394282,0.0054,-0.0210,-0.9570,1.1900,-0.6300,0.1400
2026-07-03,15:21:18,394470,0.0059,-0.0205,-0.9550,1.1900,-0.5600,0.2100
2026-07-03,15:21:18,39
4574,0.0039,-0.0215,-0.9565,1.1900,-0.5600,0.0700
-07-03,15:21:18,394673,0.0049,-0.0205,-0.9565,1.1200,-0.4900,0.1400
2026-07-03,15:21:18,394774,0.0034,-0.0195,-0.9565,1.2600,-0.5600,0.1400
2026-07-03,15:21:18,394874,0.0063,-0.0195,-0.9570,1
.1900,-0.5600,0.1400
2026-07-03,15:21:18,394975,0.0024,-0.0195,-0.9550,1.2600,-0.7000,0.0700
2026-07-03,15:21:19,395073,0.0044,-0.0176,-0.9584,1.1200,-0.6300,0.1400
2026-07-03,15:21:19,395168,0.0059,-0.0210,-0.9579,1.1900,-0.5600,0.1400
202
6-07-03,15:21:19,395274,0.0034,-0.0215,-0.9594,1.1900,-0.4900,0.1400
2026-07-03,15:21:19,395373,0.0044,-0.0200,-0.9579,1.2600,-0.5600,0.0700
2026-07-03,15:21:19,395473,0.0073,-0.0210,-0.9618,1.2600,-0.6300,0.2100
-07-03,15:21:19,395574,0.005
9,-0.0190,-0.9555,1.1900,-0.7000,0.1400
2026-07-03,15:21:19,395669,0.0039,-0.0190,-0.9555,1.1900,-0.5600,0.1400
2026-07-03,15:21:19,395773,0.0029,-0.0220,-0.9565,1.2600,-0.5600,0.0700
